userid,date,Age,Gender,Marital,STATE,Education,Income
70111962,202001,49,2,2,VA,College,Over 100k
70111963,202001,69,2,1,NJ,College,Over 100k
70111970,202001,60,1,2,FL,College,50k to 100k
70111982,202001,78,2,1,NV,Some College,Under 50k
70111984,202001,74,2,1,PA,Some College,50k to 100k
70111995,202001,64,2,1,FL,High School,Under 50k
70112005,202001,33,1,2,MI,Some College,50k to 100k
70112013,202001,29,2,1,NJ,College,Over 100k
70112015,202001,70,2,1,MD,College,Over 100k
70112019,202001,46,2,1,TX,College,Over 100k
70112023,202001,69,1,2,OK,Some College,50k to 100k
70112027,202001,54,1,2,FL,High School,50k to 100k
70112034,202001,47,1,1,VA,Some College,50k to 100k
70112035,202001,42,1,1,NY,College,50k to 100k
70112046,202001,59,2,1,FL,Some College,Under 50k
70112053,202001,63,2,2,OH,College,Under 50k
70112056,202001,67,2,1,FL,Some College,Under 50k
70112057,202001,30,2,2,MI,College,50k to 100k
70112059,202001,49,2,2,MI,Some College,50k to 100k
70112067,202001,30,1,1,GA,College,50k to 100k
70112071,202001,51,2,1,AL,Some College,50k to 100k
70112098,202001,51,2,2,AZ,College,50k to 100k
70112105,202001,67,2,1,GA,High School,50k to 100k
70112119,202001,63,1,2,ID,College,Under 50k
70112144,202001,54,1,1,UT,Some College,Over 100k
70112153,202001,50,2,1,UT,College,Over 100k
70112154,202001,54,2,1,NC,College,50k to 100k
70112158,202001,34,1,1,CA,College,Over 100k
70112167,202001,28,1,2,FL,College,Under 50k
70112183,202001,69,2,1,PA,High School,50k to 100k
70112185,202001,60,2,1,TN,College,Over 100k
70112203,202001,64,1,1,MN,High School,Under 50k
70112205,202001,30,2,1,WI,College,Over 100k
70112207,202001,61,2,1,PA,College,Over 100k
70112215,202001,41,2,1,WI,College,50k to 100k
70112218,202001,53,2,2,FL,Some College,Under 50k
70112221,202001,76,1,1,WI,Some College,50k to 100k
70112224,202001,44,2,1,NY,College,Over 100k
70112231,202001,56,2,1,IN,College,Over 100k
70112239,202001,78,2,1,PA,College,50k to 100k
70112240,202001,38,1,1,CA,College,Over 100k
70112245,202001,86,2,1,FL,College,Over 100k
70112248,202001,54,2,2,NY,College,Over 100k
70112252,202001,67,2,1,CA,Some College,Over 100k
70112255,202001,63,1,2,CA,Some College,Over 100k
70112258,202001,49,1,1,FL,Some College,50k to 100k
70112281,202001,68,2,1,MN,College,50k to 100k
70112299,202001,71,1,2,GA,College,50k to 100k
70112302,202001,69,2,1,OR,College,Over 100k
70112322,202001,44,1,1,MA,College,Over 100k
70112330,202001,32,2,1,FL,College,Over 100k
70112345,202001,58,1,1,CA,College,50k to 100k
70112352,202001,57,1,1,FL,High School,50k to 100k
70112353,202001,71,1,2,KS,College,Under 50k
70112364,202001,54,2,1,ID,Some College,50k to 100k
70112365,202001,36,2,2,AZ,College,Over 100k
70112384,202001,44,2,1,FL,Some College,50k to 100k
70112387,202001,71,1,1,WI,Some College,50k to 100k
70112394,202001,64,1,2,IL,Some College,Under 50k
70112402,202001,43,2,1,PA,College,Over 100k
70112417,202001,72,2,1,IN,High School,Under 50k
70112421,202001,48,1,2,GA,College,Under 50k
70112424,202001,56,2,1,WA,College,50k to 100k
70112427,202001,59,2,1,NC,Some College,Over 100k
70112543,202012,50,1,2,CA,Some College,Under 50k
70112547,202101,38,2,2,CT,College,Over 100k
70112569,202101,60,2,1,AL,College,Over 100k
70112576,202012,55,1,2,CA,High School,Under 50k
70112584,202101,60,1,1,MO,College,Over 100k
70112598,202012,39,1,1,MA,College,Over 100k
70112607,202012,65,1,1,VA,College,50k to 100k
70112613,202012,50,1,2,NY,College,50k to 100k
70112622,202012,48,2,1,NY,College,Over 100k
70112627,202012,29,2,2,TX,High School,Under 50k
70112633,202012,28,1,1,CO,College,Over 100k
70112638,202101,67,2,2,OK,College,Over 100k
70112647,202101,48,2,1,CA,College,Over 100k
70112651,202012,56,1,2,WV,Some College,50k to 100k
70112659,202012,26,1,1,PA,College,50k to 100k
70112671,202101,63,1,2,GA,Some College,Under 50k
70112677,202012,43,2,1,NY,College,Over 100k
70112702,202012,60,1,2,TX,Some College,Under 50k
70112724,202012,40,1,2,KS,College,Under 50k
70112728,202012,63,2,2,AZ,Some College,50k to 100k
70112730,202012,52,2,1,CO,High School,Under 50k
70112732,202001,63,2,1,WA,Some College,Under 50k
70112736,202001,50,2,1,NY,College,Under 50k
70112743,202002,39,1,1,CA,College,Over 100k
70112744,202001,57,1,1,CA,Some College,50k to 100k
70112745,202001,74,1,2,LA,College,50k to 100k
70112747,202002,37,1,1,NM,High School,50k to 100k
70112751,202001,51,1,2,FL,College,Under 50k
70112756,202002,52,1,2,CA,College,Over 100k
70112764,202001,43,2,1,MI,Some College,50k to 100k
70112777,202001,28,1,1,MO,Some College,50k to 100k
70112781,202001,50,2,2,NH,College,Over 100k
70112782,202002,78,2,1,NY,Some College,Over 100k
70112783,202001,72,2,2,IL,Some College,Under 50k
70112784,202002,69,1,2,PA,College,Under 50k
70112785,202001,62,2,2,MI,Some College,Under 50k
70112788,202001,30,1,2,MI,College,50k to 100k
70112791,202002,59,1,1,CA,High School,Over 100k
70112792,202001,61,2,1,OH,Some College,50k to 100k
70112794,202001,69,1,1,NC,College,50k to 100k
70112798,202002,34,2,1,WV,College,Under 50k
70112800,202001,19,1,2,NM,High School,Under 50k
70112803,202001,53,2,1,CO,College,50k to 100k
70112805,202001,58,2,1,PA,College,50k to 100k
70112806,202001,43,1,1,NY,College,Under 50k
70112807,202001,42,1,2,VA,College,Over 100k
70112810,202002,33,2,1,OH,College,Over 100k
70112816,202001,63,1,2,MI,Some College,Under 50k
70112819,202001,76,1,1,MT,Some College,Over 100k
70112822,202001,50,2,1,TX,Some College,50k to 100k
70112827,202001,52,1,2,CA,Some College,50k to 100k
70112831,202001,29,1,1,VA,Some College,50k to 100k
70112835,202001,24,1,2,WA,College,Under 50k
70112836,202001,66,1,2,FL,Some College,Over 100k
70112839,202001,67,2,2,MN,College,Under 50k
70112846,202001,30,1,1,KS,College,50k to 100k
70112848,202001,71,2,1,MD,College,Under 50k
70112851,202001,63,1,2,GA,High School,Under 50k
70112852,202001,31,2,2,ID,Some College,Under 50k
70112854,202002,32,1,1,IL,College,Over 100k
70112856,202001,67,1,1,HI,High School,50k to 100k
70112859,202002,62,2,1,KY,Some College,Over 100k
70112860,202001,75,1,2,NC,Some College,Under 50k
70112861,202001,37,2,1,WI,College,Over 100k
70112865,202002,51,2,1,NY,College,50k to 100k
70112872,202001,81,1,2,CA,College,50k to 100k
70112874,202001,84,2,2,AZ,College,Under 50k
70112875,202001,47,1,2,MO,Some College,50k to 100k
70112880,202002,78,2,1,CA,College,Over 100k
70112886,202001,31,1,1,IL,Some College,50k to 100k
70112909,202001,59,1,2,KY,High School,Under 50k
70112915,202002,75,1,2,VA,Some College,50k to 100k
70112920,202001,80,2,1,MD,Some College,Over 100k
70112921,202002,54,1,2,IN,Some College,Under 50k
70112923,202001,71,1,2,GA,Some College,Under 50k
70112924,202001,75,1,1,AL,High School,50k to 100k
70112930,202001,40,2,2,CA,College,Over 100k
70112932,202001,71,2,1,IL,Some College,50k to 100k
70112933,202002,64,1,2,CO,College,Under 50k
70112934,202001,58,2,2,MA,Some College,Under 50k
70112935,202002,44,2,2,FL,Some College,50k to 100k
70112942,202002,44,2,1,MI,Some College,50k to 100k
70112943,202001,60,2,2,NC,High School,50k to 100k
70112949,202001,37,2,1,AZ,College,50k to 100k
70112956,202001,62,1,2,NY,Some College,Under 50k
70112959,202001,57,1,2,NC,Some College,Under 50k
70112971,202001,49,2,1,DE,Some College,Over 100k
70112973,202001,53,1,2,PA,College,Over 100k
70112980,202001,62,1,2,CA,Some College,50k to 100k
70112986,202001,42,1,1,CO,College,50k to 100k
70112991,202001,88,1,2,PA,High School,50k to 100k
70112992,202001,47,1,1,MI,College,Over 100k
70112993,202002,59,2,1,IN,High School,50k to 100k
70112997,202002,78,2,1,TX,College,Over 100k
70113001,202001,42,1,2,MD,College,50k to 100k
70113002,202001,41,2,1,LA,College,Over 100k
70113004,202001,42,1,2,IL,Some College,Under 50k
70113009,202001,66,2,1,NC,College,50k to 100k
70113010,202002,75,2,1,FL,High School,50k to 100k
70113012,202001,49,2,1,FL,High School,50k to 100k
70113014,202001,56,2,2,FL,High School,Under 50k
70113019,202001,31,1,1,AR,High School,Under 50k
70113020,202002,37,2,1,OK,College,50k to 100k
70113023,202001,63,1,1,NJ,High School,50k to 100k
70113026,202001,49,2,1,NJ,College,50k to 100k
70113027,202002,72,2,1,KS,College,Under 50k
70113037,202001,45,2,1,CO,College,Over 100k
70113038,202001,44,1,1,OH,College,Over 100k
70113048,202002,71,2,1,SD,College,50k to 100k
70113052,202002,78,1,1,NC,Some College,Under 50k
70113053,202001,29,2,1,KY,College,50k to 100k
70113059,202001,30,2,1,IL,Some College,Over 100k
70113069,202002,42,2,1,MT,College,Over 100k
70113073,202001,33,2,2,CT,College,50k to 100k
70113075,202001,53,1,1,WI,Some College,Over 100k
70113080,202001,76,2,1,IN,Some College,Under 50k
70113081,202001,56,1,2,MA,Some College,50k to 100k
70113083,202001,50,2,1,WI,College,Over 100k
70113085,202001,70,1,2,KS,Some College,Under 50k
70113097,202001,35,1,2,LA,College,50k to 100k
70113099,202002,83,2,1,FL,Some College,50k to 100k
70113106,202001,29,2,1,WA,Some College,Under 50k
70113107,202001,46,1,1,PA,College,Over 100k
70113110,202001,60,1,1,OR,High School,Under 50k
70113111,202002,37,1,2,NC,College,50k to 100k
70113112,202001,41,2,1,FL,College,Over 100k
70113120,202001,32,2,1,TX,College,50k to 100k
70113128,202001,58,1,1,TN,College,Over 100k
70113137,202001,29,2,2,NY,College,50k to 100k
70113146,202001,78,1,2,NY,Some College,Under 50k
70113147,202001,26,2,2,IN,College,50k to 100k
70113151,202002,55,1,2,CA,College,50k to 100k
70113153,202001,28,1,1,MN,College,Under 50k
70113155,202002,18,2,2,TX,High School,Over 100k
70113162,202002,31,1,2,OH,Some College,Under 50k
70113166,202001,49,1,1,NJ,College,Under 50k
70113167,202001,21,1,1,PA,High School,Under 50k
70113175,202001,34,1,1,SD,College,50k to 100k
70113178,202001,64,2,2,VA,Some College,Under 50k
70113180,202001,28,1,1,MN,Some College,50k to 100k
70113182,202001,54,2,2,IN,College,Under 50k
70113186,202001,36,1,1,ID,Some College,Over 100k
70113187,202001,66,1,2,PA,High School,Under 50k
70113199,202002,60,2,1,AL,Some College,Over 100k
70113204,202001,35,1,2,NM,College,Under 50k
70113208,202001,56,2,1,TN,College,50k to 100k
70113209,202001,53,1,1,WV,Some College,50k to 100k
70113211,202001,38,1,1,VA,College,50k to 100k
70113214,202001,73,2,1,CA,College,Over 100k
70113216,202002,58,2,1,FL,College,Over 100k
70113221,202001,39,2,2,CA,Some College,50k to 100k
70113235,202001,65,2,1,AZ,College,Over 100k
70113238,202001,32,2,1,IA,Some College,50k to 100k
70113239,202001,33,2,1,WV,College,50k to 100k
70113242,202001,57,2,1,VA,College,50k to 100k
70113244,202001,23,2,2,VA,College,50k to 100k
70113248,202001,72,1,2,ME,Some College,Under 50k
70113252,202001,45,2,2,WV,High School,Under 50k
70113258,202001,45,1,1,PA,Some College,Over 100k
70113263,202001,29,1,1,NC,College,50k to 100k
70113264,202001,69,1,1,NY,Some College,Over 100k
70113271,202001,61,1,2,SC,College,Under 50k
70113281,202001,41,1,2,WI,College,50k to 100k
70113284,202001,66,1,1,OR,College,50k to 100k
70113286,202002,68,1,2,TX,Some College,Under 50k
70113305,202001,65,1,1,FL,Some College,50k to 100k
70113307,202001,54,1,2,MO,College,Under 50k
70113318,202002,49,2,1,NC,Some College,50k to 100k
70113327,202002,72,1,2,MI,Some College,Under 50k
70113331,202002,41,1,1,KS,Some College,50k to 100k
70113332,202002,59,1,1,TX,Some College,50k to 100k
70113339,202002,39,1,2,MI,College,50k to 100k
70113341,202002,53,2,2,LA,College,Under 50k
70113344,202002,69,1,1,CA,Some College,Over 100k
70113345,202003,72,2,1,OR,Some College,50k to 100k
70113346,202002,57,1,1,KS,College,Over 100k
70113348,202003,48,2,1,NY,College,Over 100k
70113354,202003,66,1,1,OK,College,Under 50k
70113372,202002,33,1,1,PA,College,Over 100k
70113375,202002,47,2,1,WI,College,50k to 100k
70113376,202002,52,1,2,TN,High School,Under 50k
70113381,202002,55,2,1,WA,College,Over 100k
70113384,202002,61,2,1,CA,College,Over 100k
70113392,202002,37,1,2,IL,Some College,50k to 100k
70113394,202002,60,1,1,PA,College,Over 100k
70113407,202002,66,1,2,MI,Some College,50k to 100k
70113415,202002,58,1,2,CA,Some College,Under 50k
70113416,202002,32,1,1,VA,Some College,50k to 100k
70113421,202002,74,2,1,CA,College,50k to 100k
70113426,202002,64,2,2,CA,College,50k to 100k
70113427,202002,65,1,1,VA,College,Over 100k
70113432,202002,60,1,1,TX,College,Over 100k
70113435,202002,41,1,2,WI,College,50k to 100k
70113441,202002,74,1,2,UT,College,Under 50k
70113442,202002,57,2,1,TX,College,Over 100k
70113451,202002,36,1,1,KS,College,Over 100k
70113452,202002,59,1,1,FL,College,50k to 100k
70113458,202002,70,2,1,SC,Some College,Under 50k
70113468,202002,43,2,2,CA,Some College,50k to 100k
70113479,202002,50,1,1,TX,High School,Under 50k
70113480,202002,63,1,2,NJ,Some College,50k to 100k
70113483,202002,41,1,1,MD,Some College,Under 50k
70113485,202003,64,1,1,SC,College,Over 100k
70113489,202002,37,1,1,FL,College,50k to 100k
70113490,202002,53,2,1,LA,Some College,Over 100k
70113497,202002,57,2,1,NV,Some College,Under 50k
70113498,202002,64,1,1,FL,Some College,Under 50k
70113499,202002,44,1,1,TN,College,Over 100k
70113500,202002,43,2,1,PA,College,Over 100k
70113501,202002,68,1,2,TX,High School,Under 50k
70113505,202003,45,2,1,NE,Some College,Over 100k
70113507,202003,77,2,1,CA,College,Under 50k
70113515,202002,58,2,2,FL,Some College,Under 50k
70113521,202002,66,2,1,VT,Some College,Under 50k
70113524,202002,83,1,2,KS,High School,Under 50k
70113526,202002,44,1,1,PA,Some College,50k to 100k
70113528,202003,46,2,1,OH,College,Over 100k
70113530,202002,55,1,2,WA,Some College,Under 50k
70113542,202002,40,2,2,PA,High School,Over 100k
70113545,202002,65,1,2,CA,College,Under 50k
70113546,202002,37,2,1,AZ,College,Over 100k
70113550,202002,47,2,1,VA,College,Over 100k
70113562,202002,77,2,1,NH,College,50k to 100k
70113568,202002,37,1,1,CA,College,Over 100k
70113570,202002,54,1,2,TX,High School,50k to 100k
70113572,202002,33,1,1,WA,Some College,Under 50k
70113581,202002,53,1,1,NY,High School,Under 50k
70113583,202002,50,2,1,GA,Some College,Over 100k
70113585,202002,29,1,1,GA,College,Over 100k
70113591,202003,56,2,1,CA,Some College,50k to 100k
70113595,202002,33,1,2,AZ,College,Over 100k
70113603,202002,78,2,1,IA,College,50k to 100k
70113605,202002,52,2,2,PA,College,Over 100k
70113606,202002,50,2,1,TX,Some College,Over 100k
70113608,202002,49,1,1,WV,College,Over 100k
70113609,202002,27,2,1,LA,College,50k to 100k
70113611,202002,46,1,1,OH,College,50k to 100k
70113612,202002,51,1,1,AR,College,50k to 100k
70113613,202003,34,2,1,IA,College,Over 100k
70113629,202003,36,1,1,RI,Some College,50k to 100k
70113632,202002,35,1,1,AL,Some College,50k to 100k
70113637,202003,60,1,1,NY,Some College,Over 100k
70113640,202002,36,1,1,MO,College,Under 50k
70113642,202002,25,2,1,IN,College,Over 100k
70113645,202003,38,2,1,OR,High School,50k to 100k
70113647,202002,45,1,2,OH,Some College,Under 50k
70113651,202002,40,2,1,IL,College,Over 100k
70113653,202002,74,2,1,OK,College,50k to 100k
70113672,202002,33,2,1,NJ,College,Over 100k
70113674,202002,53,1,1,MI,Some College,Over 100k
70113675,202002,34,2,1,CO,College,50k to 100k
70113676,202002,38,1,2,VA,College,50k to 100k
70113679,202002,65,2,1,RI,Some College,Under 50k
70113684,202002,52,2,1,OH,Some College,Under 50k
70113686,202003,34,2,1,MO,College,Over 100k
70113688,202002,58,2,1,MO,College,Over 100k
70113689,202003,33,1,2,GA,College,50k to 100k
70113694,202002,56,2,2,FL,High School,50k to 100k
70113696,202002,78,2,1,FL,High School,50k to 100k
70113698,202002,76,2,1,MA,High School,50k to 100k
70113703,202002,32,2,2,IN,Some College,Under 50k
70113707,202003,55,1,1,OH,High School,Over 100k
70113708,202002,39,2,2,FL,High School,Under 50k
70113713,202002,64,1,2,AZ,Some College,Under 50k
70113724,202002,65,1,1,OH,Some College,Under 50k
70113726,202003,40,2,2,TN,College,Under 50k
70113734,202003,68,2,1,PA,Some College,Over 100k
70113738,202002,37,2,1,GA,College,Over 100k
70113743,202003,64,2,1,PA,College,Over 100k
70113745,202002,64,1,2,CO,College,Under 50k
70113746,202002,49,1,2,MO,College,Under 50k
70113752,202002,32,2,2,WA,Some College,Under 50k
70113755,202003,50,2,1,VA,College,Over 100k
70113757,202002,26,1,1,PA,Some College,Over 100k
70113763,202002,49,2,1,FL,College,50k to 100k
70113767,202002,62,2,2,OH,Some College,Under 50k
70113772,202003,64,1,2,AZ,College,Under 50k
70113776,202002,45,1,1,TN,Some College,50k to 100k
70113778,202002,78,2,2,NC,Some College,Under 50k
70113779,202003,65,2,1,FL,Some College,50k to 100k
70113781,202003,43,2,1,CA,College,Over 100k
70113788,202002,51,2,1,LA,College,50k to 100k
70113791,202002,50,1,2,CT,College,50k to 100k
70113793,202002,54,1,1,TX,College,50k to 100k
70113813,202002,26,2,2,CA,Some College,Under 50k
70113815,202002,85,2,2,OK,Some College,Under 50k
70113824,202002,46,2,1,CA,Some College,Under 50k
70113825,202002,29,2,1,TX,College,50k to 100k
70113829,202002,30,1,1,IN,College,50k to 100k
70113833,202002,53,1,2,CT,Some College,Under 50k
70113838,202002,48,1,1,IL,College,50k to 100k
70113843,202002,26,1,2,VA,Some College,Under 50k
70113846,202002,31,2,1,CA,Some College,Over 100k
70113848,202003,75,2,2,SD,Some College,Under 50k
70113852,202002,60,2,2,NY,High School,Under 50k
70113856,202002,63,1,2,MI,Some College,Under 50k
70113859,202002,18,1,2,NC,High School,Over 100k
70113861,202003,64,1,1,IN,Some College,Under 50k
70113881,202002,58,1,2,CO,High School,Under 50k
70113884,202002,67,1,2,TX,College,50k to 100k
70113888,202002,28,2,2,NC,College,50k to 100k
70113899,202002,37,1,1,NY,College,Under 50k
70113908,202002,59,2,1,AL,Some College,50k to 100k
70113913,202002,32,1,2,CA,Some College,Under 50k
70113914,202002,46,2,2,WI,College,Over 100k
70113917,202002,23,1,2,NJ,College,Over 100k
70113920,202002,62,1,2,FL,College,50k to 100k
70113922,202002,42,2,1,GA,High School,Under 50k
70113932,202002,27,1,1,OH,College,Over 100k
70113941,202002,30,2,2,IL,College,50k to 100k
70113948,202002,59,2,2,FL,High School,Under 50k
70113949,202002,33,1,1,MO,Some College,Under 50k
70113955,202002,50,1,1,CA,College,Over 100k
70113957,202002,66,1,1,AZ,High School,50k to 100k
70113960,202002,26,1,2,NC,Some College,50k to 100k
70113961,202002,48,1,2,NY,College,50k to 100k
70113965,202002,30,1,1,VA,College,Over 100k
70113966,202002,70,1,2,TX,Some College,Under 50k
70113998,202002,30,1,1,PA,College,50k to 100k
70114000,202002,40,2,1,NJ,College,50k to 100k
70114001,202002,49,1,1,MN,Some College,50k to 100k
70114012,202002,35,1,1,MA,College,Over 100k
70114016,202002,41,2,2,TN,College,50k to 100k
70114026,202003,33,1,1,NC,College,50k to 100k
70114028,202003,37,1,1,WA,College,Over 100k
70114030,202003,45,1,1,MI,Some College,50k to 100k
70114034,202003,58,2,2,MI,College,Over 100k
70114035,202003,64,2,1,IN,Some College,Over 100k
70114039,202003,56,1,1,IL,Some College,50k to 100k
70114040,202003,75,1,1,CA,Some College,50k to 100k
70114043,202003,29,1,2,MD,Some College,Under 50k
70114047,202004,75,1,1,VA,College,50k to 100k
70114050,202003,71,2,1,TX,Some College,Over 100k
70114054,202003,43,1,1,NC,College,Under 50k
70114055,202003,60,1,1,CO,Some College,50k to 100k
70114058,202003,62,1,1,WI,Some College,50k to 100k
70114059,202003,28,2,1,MO,College,50k to 100k
70114060,202003,37,1,1,AR,Some College,50k to 100k
70114062,202003,43,1,1,IL,Some College,50k to 100k
70114065,202003,49,1,1,CA,College,Over 100k
70114069,202003,75,1,2,CO,College,50k to 100k
70114072,202003,54,2,1,GA,Some College,50k to 100k
70114073,202003,40,2,1,IN,Some College,50k to 100k
70114075,202003,63,1,2,FL,Some College,Over 100k
70114076,202004,78,2,1,IL,College,50k to 100k
70114077,202003,54,1,1,TN,High School,Under 50k
70114084,202003,28,1,2,CA,Some College,Under 50k
70114085,202003,68,1,2,SC,College,50k to 100k
70114090,202003,34,1,1,MI,College,Over 100k
70114093,202003,52,1,1,NJ,College,Over 100k
70114099,202003,37,2,1,CA,College,Over 100k
70114102,202003,59,1,2,ID,Some College,Under 50k
70114103,202003,71,1,2,MI,High School,Under 50k
70114105,202003,26,2,1,SD,Some College,50k to 100k
70114106,202003,30,1,2,GA,High School,50k to 100k
70114111,202003,40,1,1,MD,College,50k to 100k
70114116,202003,40,2,1,FL,Some College,50k to 100k
70114120,202003,27,1,1,OH,College,50k to 100k
70114122,202003,51,2,2,SD,Some College,Under 50k
70114127,202003,72,1,2,AL,Some College,Under 50k
70114136,202003,34,2,2,FL,College,Under 50k
70114150,202003,25,2,1,UT,College,Under 50k
70114152,202003,66,2,2,NY,College,Over 100k
70114155,202003,53,2,1,WI,College,Over 100k
70114157,202003,33,1,1,NE,College,Over 100k
70114161,202003,30,1,1,TX,College,Over 100k
70114162,202004,63,2,1,WY,High School,Over 100k
70114164,202004,51,2,1,MO,College,Over 100k
70114168,202003,37,1,1,DC,College,Over 100k
70114169,202003,26,1,1,IA,College,50k to 100k
70114174,202003,49,1,1,UT,Some College,Over 100k
70114178,202003,37,2,1,KS,College,Over 100k
70114183,202003,42,2,2,NJ,Some College,Under 50k
70114185,202003,46,2,1,NY,Some College,50k to 100k
70114186,202003,31,1,1,NY,College,50k to 100k
70114193,202003,81,1,2,MI,Some College,Under 50k
70114197,202003,30,2,1,MO,College,50k to 100k
70114199,202003,29,2,1,CA,College,Over 100k
70114205,202003,69,2,2,KY,College,Over 100k
70114206,202004,70,2,1,NC,College,Under 50k
70114213,202003,43,1,1,FL,College,50k to 100k
70114214,202003,42,2,1,TX,College,50k to 100k
70114215,202003,65,1,2,FL,College,Under 50k
70114216,202003,44,2,1,NV,College,Over 100k
70114219,202003,64,1,1,WV,High School,50k to 100k
70114220,202004,34,1,1,NM,College,Under 50k
70114223,202003,34,1,1,IA,Some College,50k to 100k
70114225,202003,51,1,1,WA,Some College,Over 100k
70114227,202003,24,1,1,AR,Some College,50k to 100k
70114233,202003,30,1,1,WI,College,50k to 100k
70114234,202003,46,2,1,TN,College,50k to 100k
70114240,202003,63,2,1,NM,College,50k to 100k
70114245,202003,68,1,2,WA,College,Under 50k
70114247,202003,67,2,1,NM,College,50k to 100k
70114255,202004,35,1,2,OH,College,Over 100k
70114257,202004,42,1,1,OH,College,Over 100k
70114258,202004,64,1,1,CO,Some College,Under 50k
70114265,202004,35,2,1,WI,College,50k to 100k
70114270,202003,75,2,2,VA,College,Under 50k
70114272,202003,60,2,1,MO,College,Over 100k
70114274,202003,46,2,1,TX,Some College,Over 100k
70114275,202003,58,1,2,ME,High School,Under 50k
70114279,202003,53,2,1,MA,High School,Under 50k
70114281,202003,29,2,1,WI,College,Over 100k
70114286,202003,38,2,1,FL,College,50k to 100k
70114287,202003,45,1,1,PA,High School,50k to 100k
70114289,202003,66,1,1,AR,High School,Under 50k
70114291,202003,43,1,2,IL,Some College,Under 50k
70114299,202003,42,2,2,OH,College,Under 50k
70114303,202003,46,1,2,MO,High School,Under 50k
70114308,202003,63,2,1,FL,Some College,50k to 100k
70114310,202003,67,1,1,NY,College,50k to 100k
70114314,202003,64,2,1,OK,High School,Under 50k
70114315,202003,50,1,2,AZ,Some College,Under 50k
70114319,202003,61,1,2,OH,High School,Under 50k
70114320,202003,45,1,2,MA,College,50k to 100k
70114322,202003,36,2,2,NJ,College,50k to 100k
70114324,202003,70,1,1,CA,High School,Under 50k
70114325,202003,59,2,1,CA,Some College,50k to 100k
70114327,202003,58,2,2,CA,College,Over 100k
70114330,202003,51,2,2,TX,High School,Under 50k
70114331,202003,41,2,2,CA,Some College,Over 100k
70114336,202003,65,1,2,NJ,College,Over 100k
70114341,202003,69,2,1,MI,College,Under 50k
70114342,202003,63,1,2,MN,Some College,Under 50k
70114344,202004,54,2,1,NY,College,Over 100k
70114349,202004,52,1,1,SC,Some College,Over 100k
70114351,202003,56,1,1,AZ,College,50k to 100k
70114352,202003,31,1,1,OH,College,Over 100k
70114354,202003,70,1,1,FL,Some College,50k to 100k
70114359,202003,47,1,2,TX,High School,50k to 100k
70114361,202003,46,2,2,CO,College,50k to 100k
70114362,202003,62,1,2,NY,College,Under 50k
70114365,202003,65,2,1,VA,High School,50k to 100k
70114367,202003,60,1,1,TX,Some College,50k to 100k
70114369,202003,65,2,2,MI,College,Under 50k
70114371,202003,33,1,2,CA,College,50k to 100k
70114374,202003,57,1,1,MA,College,50k to 100k
70114375,202003,48,1,1,AL,Some College,Under 50k
70114385,202003,43,1,1,CA,Some College,Under 50k
70114386,202003,26,1,1,NE,Some College,50k to 100k
70114389,202003,70,2,1,NJ,High School,50k to 100k
70114391,202003,67,2,1,FL,College,Over 100k
70114392,202004,33,2,1,MI,College,Over 100k
70114408,202003,28,1,1,NC,Some College,50k to 100k
70114414,202003,48,2,2,AL,Some College,50k to 100k
70114415,202003,25,1,2,SC,Some College,Under 50k
70114417,202003,57,1,2,WA,High School,Under 50k
70114420,202003,45,1,1,OR,High School,Under 50k
70114421,202003,64,2,1,NY,College,Over 100k
70114423,202003,62,1,1,AL,Some College,Over 100k
70114430,202004,66,1,2,MO,High School,Under 50k
70114434,202003,54,2,1,IL,College,Over 100k
70114458,202003,41,1,1,TX,High School,50k to 100k
70114459,202003,47,2,1,AZ,College,Over 100k
70114462,202003,67,1,2,FL,Some College,Under 50k
70114466,202003,30,2,1,FL,College,50k to 100k
70114468,202003,28,2,1,NC,College,Under 50k
70114476,202003,28,1,2,NC,College,50k to 100k
70114488,202003,33,2,2,PA,Some College,Over 100k
70114500,202003,29,2,2,WI,College,50k to 100k
70114503,202003,36,1,1,FL,Some College,Under 50k
70114514,202003,59,1,2,MD,Some College,Under 50k
70114519,202003,30,1,1,FL,College,50k to 100k
70114533,202003,50,1,1,IN,High School,Under 50k
70114535,202003,57,2,1,CO,College,Over 100k
70114537,202003,28,1,1,TX,College,50k to 100k
70114548,202003,35,2,2,AL,College,50k to 100k
70114555,202003,35,2,1,CA,Some College,50k to 100k
70114559,202003,68,1,2,FL,High School,50k to 100k
70114565,202003,54,2,1,LA,College,Under 50k
70114574,202003,51,2,1,VA,College,Over 100k
70114575,202003,33,1,2,OH,College,Over 100k
70114577,202003,28,1,2,MA,College,50k to 100k
70114580,202003,85,1,2,TX,Some College,Under 50k
70114590,202003,38,1,2,VA,College,50k to 100k
70114593,202003,58,2,1,WI,Some College,50k to 100k
70114607,202003,59,2,1,PA,Some College,50k to 100k
70114619,202003,47,1,1,TX,College,Over 100k
70114635,202003,32,2,1,NV,College,50k to 100k
70114641,202005,53,1,1,NY,Some College,50k to 100k
70114643,202005,32,1,1,CA,College,50k to 100k
70114667,202005,46,2,1,AL,College,50k to 100k
70114686,202005,66,1,1,FL,College,Over 100k
70114695,202004,53,1,2,AR,College,Under 50k
70114702,202005,70,2,2,NY,College,Under 50k
70114703,202004,60,1,1,HI,Some College,50k to 100k
70114704,202004,66,2,1,TX,Some College,Over 100k
70114724,202005,41,1,1,OR,College,50k to 100k
70114727,202004,52,2,2,SC,College,50k to 100k
70114737,202004,35,2,1,AL,College,Over 100k
70114742,202005,62,1,1,WI,College,Under 50k
70114744,202005,53,2,2,MN,College,Under 50k
70114748,202004,64,2,1,NV,Some College,Over 100k
70114751,202004,60,1,2,CA,Some College,Under 50k
70114757,202004,67,2,1,CA,College,Over 100k
70114760,202004,56,2,1,TX,College,50k to 100k
70114765,202004,79,1,2,WA,High School,Under 50k
70114773,202004,24,1,2,CA,Some College,Under 50k
70114780,202004,33,2,2,PA,Some College,50k to 100k
70114783,202004,56,1,2,NY,College,50k to 100k
70114785,202005,46,1,2,IL,College,Over 100k
70114790,202004,71,2,2,FL,Some College,50k to 100k
70114800,202004,37,1,1,KY,College,50k to 100k
70114807,202004,29,2,2,VA,Some College,Under 50k
70114825,202004,49,2,1,NY,College,Over 100k
70114833,202004,35,1,2,NY,Some College,Under 50k
70114840,202005,46,2,1,KY,High School,Under 50k
70114861,202004,42,2,2,TN,College,Under 50k
70114867,202004,90,1,2,OH,College,50k to 100k
70114880,202005,65,2,1,OR,College,50k to 100k
70114882,202004,39,2,1,MI,Some College,50k to 100k
70114891,202004,50,1,1,IA,Some College,Over 100k
70114895,202005,42,1,2,FL,Some College,Under 50k
70114907,202004,66,2,1,CA,College,Over 100k
70114910,202005,60,2,2,FL,College,Under 50k
70114914,202004,46,2,2,UT,Some College,Under 50k
70114918,202004,27,1,2,DC,College,50k to 100k
70114921,202005,47,1,1,WA,Some College,Over 100k
70114923,202004,43,1,1,TX,College,Over 100k
70114925,202004,43,1,2,NY,Some College,50k to 100k
70114928,202004,53,1,1,MA,College,Under 50k
70114937,202005,64,1,1,CA,Some College,Under 50k
70114944,202004,40,2,1,NC,High School,50k to 100k
70114946,202004,38,1,1,NY,High School,50k to 100k
70114948,202004,29,1,2,NC,College,50k to 100k
70114955,202004,42,1,1,NY,College,Over 100k
70114957,202004,55,1,1,NC,College,Over 100k
70114958,202004,66,2,1,SC,High School,50k to 100k
70114960,202004,66,1,2,NV,Some College,Under 50k
70114962,202004,62,1,2,IL,College,Under 50k
70114967,202004,55,2,1,OH,Some College,50k to 100k
70114969,202004,41,2,1,NC,College,Over 100k
70114976,202004,40,2,1,UT,College,Under 50k
70114978,202004,60,1,2,FL,College,Under 50k
70114980,202004,57,2,1,OH,College,Over 100k
70114981,202004,50,1,1,OK,College,50k to 100k
70114988,202004,42,2,2,MO,High School,Under 50k
70114997,202004,48,2,1,NH,College,Over 100k
70114998,202004,66,2,1,FL,Some College,Under 50k
70115000,202004,23,2,2,NY,College,50k to 100k
70115002,202004,24,2,2,WA,Some College,Over 100k
70115004,202004,56,2,1,MN,High School,50k to 100k
70115010,202005,75,1,2,NY,High School,Under 50k
70115013,202004,64,1,1,NY,College,Over 100k
70115015,202004,41,2,1,PA,College,Over 100k
70115016,202004,37,2,1,TX,College,50k to 100k
70115017,202004,52,1,2,OK,Some College,Under 50k
70115019,202004,53,1,2,VT,College,50k to 100k
70115031,202004,38,1,2,TX,Some College,Under 50k
70115034,202004,37,2,1,PA,Some College,50k to 100k
70115039,202005,73,1,1,ME,College,50k to 100k
70115044,202004,70,1,2,AZ,Some College,Under 50k
70115058,202004,49,1,2,CA,College,Under 50k
70115070,202004,64,2,1,AZ,High School,Under 50k
70115071,202004,82,2,1,HI,College,Over 100k
70115075,202005,60,1,2,WA,College,50k to 100k
70115076,202004,25,2,2,TX,College,50k to 100k
70115078,202005,32,1,1,CA,College,Over 100k
70115081,202005,33,2,1,IN,College,50k to 100k
70115085,202005,43,1,1,CA,College,Over 100k
70115088,202004,64,2,1,NC,College,Under 50k
70115097,202004,35,1,2,AZ,College,50k to 100k
70115098,202004,67,1,1,CO,College,Over 100k
70115101,202004,35,1,1,NY,College,Over 100k
70115115,202005,34,1,1,NC,College,Over 100k
70115128,202004,78,1,2,IN,College,Under 50k
70115132,202004,63,1,2,MI,High School,50k to 100k
70115135,202004,35,2,1,NY,College,Over 100k
70115139,202005,46,1,1,OK,College,50k to 100k
70115148,202005,35,1,1,NJ,College,50k to 100k
70115150,202005,56,2,1,TN,Some College,Under 50k
70115160,202004,71,2,2,NV,Some College,Under 50k
70115164,202005,38,1,1,CA,College,Over 100k
70115168,202004,40,1,1,SC,College,Over 100k
70115171,202005,63,1,2,MA,High School,Under 50k
70115179,202004,60,2,1,SC,College,Over 100k
70115180,202004,44,1,1,VA,College,Over 100k
70115185,202005,71,2,1,NC,College,50k to 100k
70115188,202004,77,2,1,MN,Some College,50k to 100k
70115193,202004,68,1,2,GA,College,Under 50k
70115205,202005,61,2,1,GA,College,50k to 100k
70115206,202004,58,1,2,FL,College,Over 100k
70115211,202004,59,2,1,MO,Some College,50k to 100k
70115218,202004,50,2,2,NY,Some College,Over 100k
70115223,202004,59,2,2,MN,College,Over 100k
70115229,202004,56,2,1,MN,College,Under 50k
70115231,202004,50,1,1,CA,College,Over 100k
70115234,202004,38,1,1,NY,High School,Over 100k
70115235,202004,27,2,1,OH,College,50k to 100k
70115239,202005,68,1,1,NY,College,Over 100k
70115241,202005,62,2,2,MO,Some College,Under 50k
70115245,202004,36,1,1,AL,College,50k to 100k
70115250,202004,70,2,1,MN,College,Over 100k
70115252,202005,32,1,1,CT,High School,Under 50k
70115255,202005,56,1,2,TX,College,50k to 100k
70115256,202004,57,1,1,MS,High School,Under 50k
70115258,202004,54,2,1,MI,College,Over 100k
70115261,202004,57,1,2,TX,College,50k to 100k
70115270,202005,49,2,1,CO,College,Over 100k
70115272,202004,57,2,1,OK,Some College,Under 50k
70115276,202005,43,1,1,WA,Some College,50k to 100k
70115278,202004,66,2,2,NY,College,50k to 100k
70115281,202004,80,1,2,CA,College,Under 50k
70115288,202004,60,1,2,FL,Some College,Under 50k
70115289,202004,64,2,2,WI,College,Under 50k
70115297,202004,60,2,2,WI,Some College,Under 50k
70115302,202005,72,2,1,FL,College,Over 100k
70115310,202004,71,2,1,NC,College,50k to 100k
70115313,202004,60,2,2,MN,Some College,Over 100k
70115317,202004,57,2,1,ME,College,50k to 100k
70115322,202005,70,2,2,OH,Some College,Under 50k
70115323,202005,35,1,1,WY,Some College,50k to 100k
70115329,202005,31,2,2,VA,College,50k to 100k
70115341,202004,65,1,1,KY,High School,Under 50k
70115342,202004,42,1,1,NJ,College,Over 100k
70115347,202004,47,1,2,NY,College,Over 100k
70115358,202004,50,1,2,IN,Some College,50k to 100k
70115360,202004,59,2,1,VA,Some College,Over 100k
70115369,202004,39,1,2,OK,Some College,Under 50k
70115385,202004,25,2,1,CA,High School,Over 100k
70115390,202004,37,2,1,SC,Some College,50k to 100k
70115391,202004,26,2,1,TX,College,Over 100k
70115402,202004,49,2,1,MN,College,Under 50k
70115407,202004,33,1,1,LA,College,Over 100k
70115420,202004,30,2,1,MD,College,Under 50k
70115423,202004,55,2,1,MA,College,Over 100k
70115440,202004,62,2,1,PA,High School,Under 50k
70115451,202004,38,2,1,CO,College,Over 100k
70115457,202004,45,2,1,NY,College,Under 50k
70115459,202004,40,1,1,NC,Some College,50k to 100k
70115461,202004,44,1,1,CA,Some College,Under 50k
70115464,202004,50,1,1,SC,Some College,Under 50k
70115487,202004,45,2,2,NJ,High School,Under 50k
70115507,202004,62,2,1,WA,Some College,Under 50k
70115508,202004,59,1,1,OK,College,50k to 100k
70115526,202004,39,1,1,CA,College,50k to 100k
70115528,202004,68,1,1,MA,High School,50k to 100k
70115557,202004,47,1,2,IL,College,Over 100k
70115562,202004,66,1,1,SC,Some College,50k to 100k
70115567,202004,33,1,2,AZ,College,Under 50k
70115572,202004,45,1,1,WA,College,Over 100k
70115585,202004,33,1,1,NC,Some College,Under 50k
70115593,202004,70,2,2,TX,College,Under 50k
70115622,202004,49,1,1,PA,Some College,Under 50k
70115628,202004,52,1,2,NC,College,50k to 100k
70115630,202004,40,1,1,PA,College,Over 100k
70115632,202004,55,2,1,CA,College,Over 100k
70115644,202004,25,1,2,NE,College,Under 50k
70115646,202004,57,2,1,KY,College,50k to 100k
70115652,202004,29,2,1,CA,College,Over 100k
70115662,202004,62,2,1,TN,College,Under 50k
70115663,202004,32,1,2,TX,College,Under 50k
70115664,202004,34,1,2,CA,College,Over 100k
70115671,202004,22,1,1,MA,High School,50k to 100k
70115675,202004,26,1,2,NC,Some College,Under 50k
70115679,202004,25,1,1,MO,Some College,Under 50k
70115691,202005,53,1,2,GA,Some College,Under 50k
70115692,202006,54,1,2,OR,Some College,50k to 100k
70115702,202005,50,2,1,UT,Some College,50k to 100k
70115703,202005,29,2,1,CA,High School,50k to 100k
70115707,202005,36,2,1,NJ,College,Over 100k
70115719,202006,25,1,1,SC,College,Under 50k
70115726,202006,74,2,1,PA,College,Over 100k
70115729,202006,84,2,2,KS,High School,Over 100k
70115730,202005,46,1,1,MN,Some College,50k to 100k
70115741,202005,74,2,1,DE,Some College,50k to 100k
70115750,202005,32,1,1,KY,College,50k to 100k
70115752,202006,85,2,1,MI,High School,Under 50k
70115754,202005,50,1,1,CA,College,50k to 100k
70115758,202005,53,2,1,CT,College,Under 50k
70115762,202005,67,1,2,WA,Some College,Under 50k
70115763,202005,28,1,1,IL,College,Over 100k
70115772,202005,29,1,2,NC,College,50k to 100k
70115774,202005,75,2,2,TX,College,50k to 100k
70115776,202005,33,1,1,NY,Some College,50k to 100k
70115806,202006,68,2,1,NY,College,Under 50k
70115807,202005,43,2,1,CO,College,Over 100k
70115808,202006,61,1,1,MO,High School,Over 100k
70115809,202006,47,1,1,WA,College,Over 100k
70115812,202005,40,2,1,MO,College,Over 100k
70115814,202005,37,2,2,GA,College,50k to 100k
70115817,202005,72,1,1,MA,College,50k to 100k
70115821,202005,45,2,2,IL,College,50k to 100k
70115826,202006,41,2,1,FL,College,Over 100k
70115835,202005,42,1,1,CA,Some College,50k to 100k
70115839,202005,50,2,2,MA,Some College,Over 100k
70115845,202005,21,1,1,UT,Some College,50k to 100k
70115848,202005,69,1,1,WI,College,50k to 100k
70115849,202006,55,2,1,AZ,Some College,50k to 100k
70115852,202005,44,1,1,VA,College,50k to 100k
70115858,202005,32,2,1,NC,College,50k to 100k
70115863,202005,56,1,2,IA,College,Over 100k
70115868,202005,71,1,1,ID,College,50k to 100k
70115871,202006,65,2,2,KY,Some College,Under 50k
70115878,202005,37,1,2,CA,College,Over 100k
70115879,202005,38,1,1,CA,College,Under 50k
70115881,202005,56,1,2,NJ,High School,50k to 100k
70115887,202005,28,1,1,MO,College,50k to 100k
70115894,202005,40,1,2,MO,College,Under 50k
70115895,202005,31,1,2,NY,Some College,Under 50k
70115898,202006,72,2,1,MN,College,Over 100k
70115904,202006,71,2,2,VA,Some College,Under 50k
70115905,202005,34,2,1,ME,College,50k to 100k
70115908,202005,53,2,1,LA,High School,Over 100k
70115913,202005,49,2,1,PA,College,50k to 100k
70115915,202005,53,2,1,IL,Some College,Over 100k
70115933,202005,83,2,1,CT,High School,Under 50k
70115935,202005,61,1,1,WI,High School,Under 50k
70115937,202005,49,1,1,NJ,College,Over 100k
70115943,202006,45,2,1,MT,College,50k to 100k
70115947,202006,28,1,1,PA,High School,50k to 100k
70115951,202005,58,1,1,MN,Some College,Over 100k
70115952,202005,54,1,1,MI,College,50k to 100k
70115961,202006,40,1,1,LA,College,Over 100k
70115963,202005,65,2,1,FL,Some College,50k to 100k
70115969,202005,37,2,1,CA,College,Over 100k
70115971,202005,64,1,1,CO,College,Under 50k
70115972,202005,51,1,1,VA,College,Over 100k
70115979,202005,29,1,2,IL,College,Under 50k
70115980,202005,42,2,1,NC,College,50k to 100k
70115981,202005,45,2,1,OR,College,50k to 100k
70115984,202005,76,2,1,MI,High School,Under 50k
70115991,202005,83,1,2,MD,Some College,Under 50k
70115993,202005,37,1,1,PA,College,50k to 100k
70115996,202005,40,2,1,VA,College,Over 100k
70116013,202005,24,1,1,IL,College,50k to 100k
70116016,202005,26,1,1,TN,College,Over 100k
70116019,202005,29,2,2,VT,Some College,Over 100k
70116036,202005,49,2,2,KY,High School,Under 50k
70116041,202005,72,2,1,CA,College,50k to 100k
70116042,202005,45,2,1,DE,College,Over 100k
70116045,202005,58,2,1,PA,College,Over 100k
70116046,202005,71,2,1,CA,College,50k to 100k
70116053,202005,26,1,1,LA,Some College,50k to 100k
70116054,202005,45,1,2,FL,High School,Under 50k
70116064,202005,40,2,1,ND,College,Over 100k
70116083,202005,46,2,1,PA,College,Over 100k
70116089,202005,55,1,2,WI,Some College,Under 50k
70116090,202005,22,1,1,OH,High School,Under 50k
70116092,202005,56,2,2,TX,College,50k to 100k
70116093,202005,39,1,2,GA,High School,Under 50k
70116097,202005,26,2,2,NJ,High School,Under 50k
70116103,202005,72,2,1,TX,College,Under 50k
70116105,202006,73,1,2,CA,College,Under 50k
70116108,202005,54,1,1,ND,College,Over 100k
70116122,202005,37,2,2,CA,Some College,Over 100k
70116128,202005,26,2,1,MI,Some College,Over 100k
70116130,202005,30,1,1,NV,College,50k to 100k
70116132,202005,50,1,2,GA,Some College,Under 50k
70116143,202005,44,2,2,IL,High School,50k to 100k
70116145,202005,48,1,1,MI,College,Over 100k
70116156,202006,46,1,1,OH,Some College,Under 50k
70116163,202005,81,2,1,WI,Some College,50k to 100k
70116165,202005,37,2,1,MA,College,Over 100k
70116177,202006,79,2,2,IN,College,Over 100k
70116179,202005,55,2,2,FL,Some College,Under 50k
70116180,202005,39,2,1,OH,College,Over 100k
70116183,202006,63,2,2,AR,College,50k to 100k
70116185,202005,74,1,1,NV,College,Under 50k
70116190,202005,56,2,1,FL,High School,Under 50k
70116192,202005,27,2,2,CA,Some College,Under 50k
70116193,202006,33,2,1,TX,Some College,50k to 100k
70116195,202005,31,1,2,IL,Some College,Under 50k
70116197,202005,30,1,2,WI,Some College,Under 50k
70116202,202005,27,2,1,OH,College,Over 100k
70116204,202006,28,1,1,TX,College,50k to 100k
70116218,202006,67,1,2,IN,High School,Under 50k
70116223,202005,45,1,1,SD,College,Over 100k
70116240,202005,39,2,1,CT,College,Over 100k
70116260,202005,52,2,1,TX,College,Over 100k
70116268,202006,0,2,1,OH,College,50k to 100k
70116272,202005,30,1,1,MN,College,Over 100k
70116276,202005,78,2,1,FL,College,50k to 100k
70116285,202006,59,2,2,NY,College,50k to 100k
70116294,202006,45,1,2,NJ,College,Over 100k
70116295,202006,40,2,1,MA,College,Over 100k
70116301,202005,47,2,1,NY,College,Over 100k
70116312,202005,30,1,2,FL,College,50k to 100k
70116316,202005,65,2,1,KY,College,Over 100k
70116320,202005,57,2,2,CO,College,Under 50k
70116329,202005,28,1,1,CA,College,Under 50k
70116337,202005,27,2,1,IA,College,Under 50k
70116338,202005,73,1,2,CO,Some College,50k to 100k
70116340,202005,59,2,1,NJ,College,Over 100k
70116356,202005,31,1,1,NY,College,Over 100k
70116360,202005,31,1,2,TX,College,50k to 100k
70116367,202005,29,1,1,TX,College,Under 50k
70116377,202005,25,1,1,MD,College,50k to 100k
70116399,202005,42,1,1,MI,College,Over 100k
70116404,202005,30,1,1,IL,Some College,Over 100k
70116416,202005,38,2,1,OR,College,Over 100k
70116420,202006,42,1,1,TX,Some College,Under 50k
70116441,202006,62,1,1,NY,Some College,Over 100k
70116445,202006,26,2,2,HI,College,50k to 100k
70116448,202006,55,1,2,TX,High School,Under 50k
70116454,202006,62,1,2,NY,Some College,Under 50k
70116463,202006,30,2,1,TX,College,Over 100k
70116475,202006,50,2,2,FL,High School,50k to 100k
70116478,202006,46,2,2,NC,Some College,50k to 100k
70116487,202006,70,1,1,MA,College,Over 100k
70116489,202006,64,2,1,IL,College,Over 100k
70116490,202006,42,2,1,VA,College,50k to 100k
70116494,202006,31,2,1,ID,College,Under 50k
70116503,202006,27,1,2,VA,College,Over 100k
70116508,202006,20,2,2,PA,Some College,Under 50k
70116512,202006,47,2,1,IL,College,50k to 100k
70116524,202006,73,1,1,TN,Some College,Under 50k
70116528,202006,43,1,2,IA,Some College,Under 50k
70116534,202006,27,1,2,KS,Some College,Under 50k
70116535,202006,59,2,2,MO,Some College,Under 50k
70116543,202006,58,2,2,MN,College,50k to 100k
70116574,202006,34,1,2,TX,College,50k to 100k
70116576,202006,48,2,2,CT,Some College,Under 50k
70116580,202006,66,1,2,PA,College,Under 50k
70116582,202006,42,1,1,NE,College,50k to 100k
70116583,202006,35,2,1,MI,College,Under 50k
70116588,202006,63,2,1,NJ,College,Over 100k
70116589,202006,49,2,2,FL,College,50k to 100k
70116595,202006,59,1,1,NY,Some College,Over 100k
70116601,202006,54,2,1,NC,High School,Under 50k
70116602,202006,49,1,2,TX,Some College,Under 50k
70116619,202006,45,2,1,OH,College,50k to 100k
70116622,202006,27,2,1,FL,College,50k to 100k
70116626,202006,36,2,1,OK,College,50k to 100k
70116627,202006,60,1,2,MA,College,50k to 100k
70116633,202006,49,1,2,NC,Some College,Under 50k
70116643,202006,49,2,1,NY,Some College,Over 100k
70116644,202006,84,1,2,TX,Some College,Under 50k
70116664,202006,36,1,1,NJ,College,Over 100k
70116672,202006,80,2,1,TX,Some College,50k to 100k
70116673,202006,50,2,1,WA,College,Over 100k
70116684,202006,37,1,2,CT,College,50k to 100k
70116697,202006,45,2,2,NY,High School,Under 50k
70116702,202006,50,1,1,WA,Some College,Over 100k
70116705,202006,44,2,2,MI,High School,Under 50k
70116706,202006,38,1,1,MO,College,Over 100k
70116710,202006,71,2,2,VA,Some College,Under 50k
70116712,202006,32,2,2,CT,College,50k to 100k
70116713,202006,47,1,2,TX,College,50k to 100k
70116716,202006,69,2,1,AL,College,Over 100k
70116720,202006,27,2,1,IN,Some College,Under 50k
70116728,202006,51,1,1,NY,Some College,Over 100k
70116732,202006,31,2,1,FL,College,50k to 100k
70116736,202006,76,2,1,FL,College,Under 50k
70116740,202006,67,1,1,WV,College,50k to 100k
70116759,202006,36,2,1,SC,College,Over 100k
70116763,202006,67,2,1,MS,Some College,50k to 100k
70116768,202006,67,2,1,WA,Some College,50k to 100k
70116772,202006,29,1,1,TX,College,Under 50k
70116779,202006,32,2,1,IN,College,50k to 100k
70116786,202006,67,2,2,TX,College,Over 100k
70116789,202006,61,1,1,NY,College,50k to 100k
70116795,202006,69,2,1,CA,College,50k to 100k
70116808,202006,56,2,1,NY,College,Over 100k
70116809,202006,63,1,2,OH,College,Under 50k
70116824,202006,63,2,2,VA,High School,Under 50k
70116828,202006,57,1,2,LA,College,Over 100k
70116834,202006,55,1,1,MN,College,Over 100k
70116835,202006,68,2,2,NY,College,Under 50k
70116837,202006,66,2,1,FL,Some College,Under 50k
70116838,202006,55,1,2,FL,High School,50k to 100k
70116839,202006,35,1,1,OK,College,50k to 100k
70116841,202006,36,1,1,KY,College,Over 100k
70116858,202006,47,1,1,CO,College,Over 100k
70116861,202006,67,2,1,IA,High School,Under 50k
70116872,202006,39,2,1,VA,College,50k to 100k
70116875,202006,80,2,1,AZ,Some College,50k to 100k
70116876,202006,27,1,1,CO,College,Over 100k
70116877,202006,66,1,2,CT,Some College,Under 50k
70116885,202006,74,2,1,GA,College,Over 100k
70116894,202006,45,2,2,IL,Some College,50k to 100k
70116908,202006,81,1,2,IL,Some College,Under 50k
70116910,202006,33,1,1,MN,College,50k to 100k
70116912,202006,90,2,2,CT,High School,Under 50k
70116914,202006,80,2,1,TN,Some College,50k to 100k
70116924,202006,54,2,2,CA,College,Under 50k
70116928,202006,59,2,1,FL,Some College,Over 100k
70116941,202006,80,2,1,NY,Some College,50k to 100k
70116942,202006,32,1,1,KY,College,Over 100k
70116947,202006,41,1,1,PA,College,Over 100k
70116949,202006,38,1,2,NC,Some College,Under 50k
70116960,202006,28,2,1,WA,Some College,50k to 100k
70116976,202006,41,1,1,CT,High School,Under 50k
70116992,202006,77,2,1,CA,College,Over 100k
70116997,202006,32,1,2,CA,College,Under 50k
70116999,202006,61,1,1,OR,High School,Under 50k
70117007,202006,28,1,1,ID,College,50k to 100k
70117016,202006,38,1,1,VA,College,50k to 100k
70117020,202006,75,2,2,MA,College,Under 50k
70117023,202006,66,2,1,WA,College,50k to 100k
70117027,202006,67,1,2,IN,College,Under 50k
70117028,202006,69,2,1,CA,College,50k to 100k
70117031,202006,76,2,2,CA,Some College,Over 100k
70117033,202006,72,1,1,NM,College,50k to 100k
70117066,202006,70,2,1,SD,Some College,Under 50k
70117068,202006,36,1,2,CA,Some College,50k to 100k
70117069,202006,50,1,1,FL,Some College,50k to 100k
70117070,202006,42,1,1,IA,College,50k to 100k
70117071,202006,33,1,1,GA,College,Over 100k
70117073,202006,44,2,1,GA,Some College,Under 50k
70117079,202006,38,1,1,TX,College,Over 100k
70117081,202006,59,1,1,MO,College,Over 100k
70117089,202006,50,2,1,FL,College,Over 100k
70117094,202006,72,2,1,VA,College,50k to 100k
70117095,202006,38,2,1,MI,College,Over 100k
70117098,202006,57,2,1,IL,College,Over 100k
70117099,202006,57,1,2,LA,College,50k to 100k
70117101,202006,27,2,1,OK,College,Over 100k
70117111,202006,72,2,1,AZ,Some College,50k to 100k
70117118,202006,30,2,1,TN,College,50k to 100k
70117119,202006,36,2,1,PA,College,Over 100k
70117125,202006,68,1,2,IL,College,50k to 100k
70117136,202008,31,1,1,PA,College,50k to 100k
70117148,202007,42,1,1,IN,College,Over 100k
70117153,202007,32,2,2,CA,College,50k to 100k
70117155,202007,50,1,1,GA,Some College,Under 50k
70117164,202007,37,1,1,PA,Some College,Under 50k
70117165,202008,38,1,2,VA,College,50k to 100k
70117171,202007,31,1,1,AZ,Some College,Over 100k
70117177,202007,36,2,1,WV,College,50k to 100k
70117191,202007,43,2,2,TX,College,50k to 100k
70117192,202007,30,2,2,CA,College,Under 50k
70117194,202007,83,2,2,GA,College,Over 100k
70117204,202007,45,1,2,AL,College,Under 50k
70117209,202007,75,2,1,TX,High School,50k to 100k
70117210,202007,56,1,2,CO,College,Under 50k
70117211,202007,75,1,2,OH,College,Under 50k
70117216,202007,37,2,1,GA,College,Over 100k
70117217,202007,63,1,1,PA,College,Under 50k
70117222,202007,47,2,2,WI,Some College,Under 50k
70117226,202008,36,1,2,MD,Some College,Under 50k
70117230,202007,58,1,2,NM,Some College,Under 50k
70117235,202007,60,1,2,MO,College,Over 100k
70117244,202008,65,2,1,TX,College,50k to 100k
70117250,202008,62,1,1,CO,College,Under 50k
70117251,202008,59,1,2,TN,High School,Under 50k
70117253,202007,47,2,1,WA,Some College,50k to 100k
70117254,202007,29,2,1,IA,College,50k to 100k
70117257,202007,50,1,1,MN,College,50k to 100k
70117265,202007,60,2,1,FL,High School,Under 50k
70117270,202008,48,2,1,OR,College,Over 100k
70117272,202007,66,1,2,WI,High School,Under 50k
70117274,202007,25,1,1,TX,High School,Under 50k
70117276,202007,34,1,2,NC,Some College,Under 50k
70117277,202007,25,2,2,TX,College,50k to 100k
70117282,202007,66,1,1,ME,College,Under 50k
70117287,202007,48,2,2,KS,College,50k to 100k
70117294,202007,54,2,1,CA,College,Over 100k
70117299,202007,34,2,2,CA,College,Under 50k
70117302,202008,54,2,1,FL,Some College,50k to 100k
70117306,202007,67,2,1,TN,High School,Under 50k
70117310,202008,62,1,2,WA,College,50k to 100k
70117313,202007,37,2,1,FL,College,Over 100k
70117330,202007,43,1,1,WV,High School,50k to 100k
70117351,202007,34,1,1,AL,Some College,Under 50k
70117354,202007,24,2,2,TN,College,50k to 100k
70117365,202007,64,1,1,TX,College,Over 100k
70117370,202007,53,1,1,CA,High School,50k to 100k
70117371,202007,47,1,1,AR,College,Over 100k
70117374,202008,51,1,2,OK,College,Over 100k
70117378,202008,63,1,2,CA,Some College,Under 50k
70117388,202007,38,2,1,OH,Some College,50k to 100k
70117389,202007,37,1,2,GA,Some College,50k to 100k
70117396,202008,74,2,1,FL,College,50k to 100k
70117399,202008,50,1,1,KY,College,Over 100k
70117405,202008,66,2,1,MI,Some College,50k to 100k
70117414,202007,47,2,1,MA,Some College,Over 100k
70117417,202007,57,1,2,TX,High School,Under 50k
70117418,202008,33,1,2,NJ,College,50k to 100k
70117419,202007,49,2,2,SC,College,Over 100k
70117421,202007,54,2,1,TX,College,Over 100k
70117425,202008,67,2,2,FL,College,Under 50k
70117430,202007,59,1,2,NE,Some College,Under 50k
70117432,202008,64,1,1,ME,Some College,50k to 100k
70117439,202007,69,2,2,WV,High School,Under 50k
70117442,202008,69,2,1,IL,College,Over 100k
70117443,202007,29,1,1,PA,High School,Under 50k
70117446,202007,43,2,1,LA,Some College,Under 50k
70117450,202007,75,2,1,TX,College,Over 100k
70117451,202008,45,1,1,TN,College,Over 100k
70117461,202008,61,2,1,NC,College,Over 100k
70117463,202008,67,2,1,MT,College,50k to 100k
70117474,202007,63,2,2,MA,Some College,Under 50k
70117477,202007,38,2,1,OH,Some College,Over 100k
70117482,202008,43,1,2,NJ,High School,Over 100k
70117486,202008,61,1,2,CA,College,Under 50k
70117487,202007,40,2,1,FL,College,50k to 100k
70117490,202007,67,2,1,OK,College,50k to 100k
70117494,202008,57,2,1,CO,College,Over 100k
70117496,202007,44,1,1,TX,Some College,Over 100k
70117501,202007,60,2,2,FL,Some College,Under 50k
70117502,202007,29,1,1,GA,College,Over 100k
70117503,202007,53,2,1,FL,Some College,50k to 100k
70117504,202007,43,1,1,AZ,College,Over 100k
70117508,202008,61,1,1,MT,Some College,Under 50k
70117510,202007,34,2,1,VT,College,Over 100k
70117517,202007,63,2,1,PA,College,50k to 100k
70117522,202007,44,2,1,MD,College,Over 100k
70117524,202007,84,1,2,FL,College,Under 50k
70117528,202007,41,2,1,IA,College,Over 100k
70117530,202008,55,1,1,MA,Some College,Under 50k
70117532,202007,61,1,2,PA,College,Under 50k
70117533,202007,58,2,2,PA,Some College,Under 50k
70117535,202007,41,1,1,AZ,College,Over 100k
70117536,202008,20,1,2,TN,Some College,Under 50k
70117540,202007,44,2,1,MI,College,50k to 100k
70117543,202008,37,1,2,WI,College,50k to 100k
70117550,202007,26,1,1,GA,Some College,50k to 100k
70117555,202007,59,1,2,KS,Some College,Under 50k
70117561,202007,48,2,2,NC,High School,Under 50k
70117566,202007,25,1,2,PA,College,Under 50k
70117567,202007,54,1,1,TX,Some College,Over 100k
70117572,202007,73,1,2,KY,College,Under 50k
70117578,202007,34,2,1,PA,College,Over 100k
70117580,202007,64,1,2,WI,High School,50k to 100k
70117585,202007,63,1,2,WI,Some College,Under 50k
70117597,202007,53,1,2,NY,College,Over 100k
70117598,202007,69,1,2,CT,High School,Under 50k
70117602,202007,85,2,1,AL,Some College,Under 50k
70117603,202007,24,2,2,NH,Some College,50k to 100k
70117604,202007,73,1,2,NY,Some College,Over 100k
70117611,202007,71,2,1,AL,High School,Under 50k
70117615,202007,58,1,1,AZ,Some College,Under 50k
70117617,202007,55,2,1,PA,College,50k to 100k
70117623,202008,42,2,2,VT,College,Under 50k
70117629,202008,73,1,2,CA,College,50k to 100k
70117631,202008,57,2,1,NC,College,50k to 100k
70117634,202007,70,2,2,NY,Some College,Under 50k
70117639,202007,36,2,1,IA,Some College,Under 50k
70117642,202007,45,1,1,KS,Some College,50k to 100k
70117643,202008,31,1,1,KS,College,50k to 100k
70117646,202008,34,1,1,CO,College,Over 100k
70117649,202008,51,2,2,CA,College,Over 100k
70117652,202007,53,1,1,NY,College,Over 100k
70117658,202007,26,2,1,MI,College,50k to 100k
70117663,202007,77,1,2,NY,College,Over 100k
70117664,202008,71,2,1,TN,College,Under 50k
70117667,202007,72,1,2,ME,College,Under 50k
70117671,202007,34,2,2,AK,College,50k to 100k
70117673,202007,46,2,1,OH,College,Over 100k
70117678,202007,64,1,2,CA,Some College,Under 50k
70117679,202007,33,1,1,NY,College,50k to 100k
70117685,202007,86,1,2,MD,College,Under 50k
70117689,202007,59,1,1,AL,College,50k to 100k
70117690,202007,67,2,1,CO,College,Over 100k
70117693,202007,28,2,1,FL,College,Over 100k
70117694,202008,64,1,2,LA,College,Over 100k
70117696,202008,71,1,2,MO,College,Under 50k
70117698,202007,57,2,1,SC,Some College,50k to 100k
70117700,202007,53,2,2,IL,Some College,Under 50k
70117703,202007,67,2,1,TX,College,50k to 100k
70117704,202008,53,2,2,FL,High School,50k to 100k
70117712,202007,57,1,2,MO,High School,Under 50k
70117715,202007,62,2,2,NY,College,Under 50k
70117717,202007,26,2,1,OH,High School,Under 50k
70117719,202008,69,1,2,IL,College,50k to 100k
70117731,202008,49,2,1,PA,Some College,Over 100k
70117737,202007,38,2,1,CA,Some College,Over 100k
70117738,202007,35,1,1,IL,College,50k to 100k
70117751,202008,70,1,2,NE,Some College,Under 50k
70117752,202007,66,2,1,IA,College,Over 100k
70117754,202007,21,1,2,CA,Some College,50k to 100k
70117764,202007,70,2,1,CA,College,50k to 100k
70117765,202007,69,2,2,GA,College,50k to 100k
70117767,202007,73,1,2,WA,College,Under 50k
70117772,202007,72,1,1,LA,Some College,Under 50k
70117778,202007,43,2,1,TX,College,Over 100k
70117780,202008,57,2,2,OH,High School,Under 50k
70117787,202008,70,2,1,MA,College,50k to 100k
70117790,202008,65,1,2,PA,Some College,Under 50k
70117793,202008,62,2,1,NC,College,Over 100k
70117795,202007,59,2,2,OR,Some College,50k to 100k
70117800,202007,32,2,2,NE,College,Over 100k
70117802,202008,55,2,1,WI,Some College,50k to 100k
70117804,202007,73,2,1,NY,College,Over 100k
70117815,202007,38,1,1,NE,College,Over 100k
70117818,202007,27,2,1,OH,College,50k to 100k
70117825,202007,29,2,2,TX,College,50k to 100k
70117832,202007,66,1,2,WI,High School,Under 50k
70117834,202007,41,2,1,SC,College,Over 100k
70117838,202007,30,2,1,OR,College,Over 100k
70117839,202007,54,2,1,PA,College,Over 100k
70117846,202007,64,1,1,MI,Some College,50k to 100k
70117847,202007,62,1,1,PA,High School,Under 50k
70117849,202007,38,2,1,CA,College,Over 100k
70117856,202007,59,2,2,TN,Some College,Under 50k
70117869,202007,30,2,1,TX,College,Over 100k
70117871,202007,43,2,1,NY,Some College,50k to 100k
70117877,202007,67,2,2,CA,College,Over 100k
70117878,202007,68,2,2,OH,College,Under 50k
70117880,202007,67,1,2,MI,Some College,Under 50k
70117881,202007,70,2,1,TX,Some College,Over 100k
70117884,202007,70,1,2,OK,College,50k to 100k
70117901,202007,46,2,1,VA,Some College,Over 100k
70117902,202007,48,2,1,KY,College,Over 100k
70117913,202007,65,1,2,CA,Some College,Under 50k
70117917,202007,69,1,2,PA,Some College,Under 50k
70117925,202007,40,2,1,UT,College,50k to 100k
70117928,202007,40,1,2,FL,Some College,50k to 100k
70117935,202007,45,2,1,GA,College,Over 100k
70117936,202007,28,2,1,GA,College,Over 100k
70117941,202007,52,2,1,NY,Some College,Over 100k
70117948,202007,26,1,1,VT,College,50k to 100k
70117950,202007,74,1,2,MO,High School,Under 50k
70117951,202007,62,1,2,IN,College,Under 50k
70117962,202007,66,2,1,CT,College,Over 100k
70117966,202007,61,2,2,UT,High School,Under 50k
70117983,202007,70,1,2,KY,Some College,Under 50k
70117986,202007,37,1,1,OK,College,Under 50k
70117993,202007,35,1,2,MD,College,50k to 100k
70118002,202007,59,2,2,CA,College,Over 100k
70118003,202007,56,2,2,CT,College,Under 50k
70118021,202007,37,1,1,MI,College,Over 100k
70118022,202007,29,2,2,MO,College,50k to 100k
70118029,202007,33,1,2,MN,College,50k to 100k
70118035,202007,72,1,2,OH,Some College,50k to 100k
70118036,202007,27,1,1,TX,College,Under 50k
70118038,202007,34,1,2,NC,Some College,50k to 100k
70118042,202007,51,2,1,MA,College,Over 100k
70118045,202007,68,2,1,NC,College,50k to 100k
70118048,202007,32,1,1,LA,College,50k to 100k
70118055,202008,31,1,2,TX,College,50k to 100k
70118057,202008,42,2,2,NY,Some College,Under 50k
70118062,202009,45,1,1,NH,Some College,50k to 100k
70118066,202009,39,1,1,PA,College,Over 100k
70118069,202008,54,2,2,OK,Some College,50k to 100k
70118073,202008,26,2,1,MI,Some College,50k to 100k
70118089,202008,49,1,2,NY,College,50k to 100k
70118094,202008,58,2,1,AL,Some College,Under 50k
70118101,202008,38,2,1,CO,College,50k to 100k
70118104,202008,63,2,1,PA,Some College,Under 50k
70118105,202008,51,2,1,NV,College,50k to 100k
70118109,202008,67,2,1,PA,Some College,Over 100k
70118112,202008,51,1,1,NY,College,Over 100k
70118120,202008,75,1,2,CA,Some College,Under 50k
70118127,202008,50,2,1,KS,College,50k to 100k
70118128,202008,46,1,1,CO,College,50k to 100k
70118130,202008,67,2,1,FL,High School,Under 50k
70118131,202008,78,1,2,CA,College,Under 50k
70118132,202009,62,1,1,PA,College,50k to 100k
70118134,202008,23,1,2,PA,Some College,Under 50k
70118137,202008,58,2,1,CA,College,Over 100k
70118142,202009,35,1,1,TX,Some College,50k to 100k
70118146,202008,24,1,2,OH,College,50k to 100k
70118148,202009,36,2,2,MO,College,50k to 100k
70118149,202008,26,2,1,IA,High School,50k to 100k
70118155,202008,24,1,2,VA,College,Under 50k
70118157,202008,49,2,1,IN,College,Over 100k
70118158,202008,42,2,2,FL,High School,Under 50k
70118159,202008,66,1,2,IL,Some College,Under 50k
70118161,202009,41,2,1,NM,College,50k to 100k
70118165,202008,36,2,1,FL,Some College,50k to 100k
70118167,202008,28,1,1,GA,Some College,50k to 100k
70118168,202008,40,2,1,MI,College,50k to 100k
70118170,202009,31,1,1,OK,College,Over 100k
70118178,202008,72,2,1,CA,College,Over 100k
70118179,202008,67,1,2,OK,Some College,Under 50k
70118183,202008,24,2,1,RI,Some College,Under 50k
70118184,202008,46,1,2,AZ,College,Under 50k
70118189,202008,49,1,1,CA,College,Under 50k
70118193,202008,47,2,1,UT,College,Over 100k
70118194,202008,31,1,1,VA,College,50k to 100k
70118202,202009,53,1,1,CA,Some College,50k to 100k
70118213,202008,79,2,1,TX,College,Over 100k
70118216,202008,44,2,1,CA,Some College,50k to 100k
70118219,202009,55,2,1,WA,High School,Over 100k
70118222,202008,50,2,1,MA,College,Over 100k
70118223,202009,63,1,2,NY,High School,Under 50k
70118225,202008,47,2,1,TN,Some College,Over 100k
70118231,202008,49,2,1,LA,College,Over 100k
70118232,202008,48,2,1,IN,Some College,Over 100k
70118244,202009,44,1,1,TN,Some College,Over 100k
70118249,202008,33,2,1,TX,College,Over 100k
70118258,202008,39,2,1,NE,College,Over 100k
70118261,202008,57,1,1,CA,College,Over 100k
70118268,202009,56,1,2,CA,Some College,50k to 100k
70118271,202008,41,1,1,MI,Some College,Under 50k
70118283,202009,64,1,2,TX,Some College,50k to 100k
70118287,202008,73,2,1,MO,College,Under 50k
70118295,202008,71,1,2,PA,Some College,Under 50k
70118302,202008,57,2,2,TX,Some College,Under 50k
70118310,202008,71,1,1,NC,College,Over 100k
70118320,202008,38,2,1,OH,College,Over 100k
70118324,202009,66,1,1,CA,Some College,Over 100k
70118327,202008,50,2,2,WI,Some College,Under 50k
70118328,202008,59,1,1,OK,High School,50k to 100k
70118329,202008,41,2,1,MN,College,Under 50k
70118337,202009,71,1,2,FL,College,Under 50k
70118338,202008,29,2,2,MT,College,Over 100k
70118339,202008,54,2,1,NC,Some College,50k to 100k
70118341,202009,41,2,1,PA,College,Over 100k
70118342,202008,58,1,2,CA,Some College,Under 50k
70118344,202008,30,2,1,SC,College,50k to 100k
70118350,202008,33,2,2,MD,College,50k to 100k
70118352,202008,47,2,1,NC,College,Over 100k
70118355,202008,53,2,1,PA,Some College,Under 50k
70118366,202008,56,2,1,IN,College,Over 100k
70118376,202008,36,2,1,NC,College,50k to 100k
70118382,202008,67,1,1,SC,College,Over 100k
70118383,202008,71,2,2,NH,Some College,50k to 100k
70118386,202008,43,1,1,OR,College,Over 100k
70118390,202008,62,2,2,FL,College,Under 50k
70118394,202008,54,1,2,CT,College,50k to 100k
70118397,202008,73,2,1,ME,College,Under 50k
70118401,202009,57,2,1,MD,College,Over 100k
70118403,202008,49,1,2,PA,High School,Under 50k
70118407,202009,67,2,1,CO,College,Over 100k
70118412,202008,27,2,2,FL,College,50k to 100k
70118417,202008,51,1,2,ME,Some College,Under 50k
70118421,202008,59,2,1,KS,Some College,Over 100k
70118425,202009,41,1,1,NJ,Some College,Over 100k
70118426,202008,57,2,2,LA,College,50k to 100k
70118427,202009,50,1,1,OH,College,Over 100k
70118431,202008,37,2,1,FL,Some College,Over 100k
70118432,202008,46,2,1,OR,College,50k to 100k
70118438,202008,28,2,1,OH,College,Over 100k
70118440,202008,74,1,2,FL,Some College,Under 50k
70118442,202009,48,1,2,CA,College,Over 100k
70118450,202008,42,2,2,MD,Some College,Under 50k
70118451,202008,45,2,1,LA,Some College,Under 50k
70118458,202008,34,1,1,KY,Some College,Over 100k
70118460,202008,60,1,2,LA,Some College,Under 50k
70118462,202008,57,2,2,VA,College,50k to 100k
70118466,202009,66,1,1,IL,Some College,Under 50k
70118467,202009,68,2,1,AR,College,50k to 100k
70118468,202009,54,2,1,NY,Some College,Over 100k
70118469,202009,68,1,1,FL,High School,Under 50k
70118472,202008,74,1,2,NY,College,Under 50k
70118481,202008,57,2,2,AZ,Some College,Under 50k
70118482,202009,49,2,1,KY,College,50k to 100k
70118485,202008,37,1,2,IL,College,Under 50k
70118486,202008,64,2,1,FL,College,Over 100k
70118487,202009,85,2,1,NV,College,50k to 100k
70118492,202008,38,1,1,UT,Some College,50k to 100k
70118502,202008,55,2,1,IL,College,Over 100k
70118509,202008,75,2,2,NE,College,Under 50k
70118516,202008,73,1,2,FL,College,Under 50k
70118520,202008,42,1,1,SC,College,Under 50k
70118522,202009,64,1,2,AR,College,50k to 100k
70118525,202008,32,2,1,FL,Some College,Over 100k
70118528,202009,52,1,1,GA,Some College,50k to 100k
70118531,202008,52,2,2,CA,College,Under 50k
70118534,202008,24,2,2,VA,Some College,Under 50k
70118537,202008,64,2,1,MN,College,Over 100k
70118538,202008,69,2,1,MO,Some College,Under 50k
70118543,202009,58,2,1,RI,College,Over 100k
70118546,202008,51,2,1,OR,High School,Under 50k
70118550,202008,33,2,2,VA,College,50k to 100k
70118557,202008,44,1,1,TX,College,50k to 100k
70118559,202008,38,1,2,AL,College,Under 50k
70118564,202009,58,1,2,IL,Some College,Under 50k
70118567,202008,73,2,1,OH,College,Over 100k
70118569,202009,50,1,2,FL,College,50k to 100k
70118571,202008,39,2,1,PA,College,Over 100k
70118574,202008,40,2,2,FL,Some College,Under 50k
70118575,202009,45,2,2,NC,College,Over 100k
70118579,202008,34,2,1,CA,College,Over 100k
70118581,202008,39,1,1,NE,Some College,50k to 100k
70118582,202008,22,1,1,AR,College,50k to 100k
70118583,202009,64,1,1,CO,Some College,Over 100k
70118590,202008,63,2,1,TX,Some College,Over 100k
70118592,202009,55,1,1,ID,College,Over 100k
70118593,202008,42,1,2,NY,College,Over 100k
70118596,202009,68,1,2,MN,Some College,Under 50k
70118598,202008,35,1,1,CA,College,Over 100k
70118604,202008,66,1,1,MI,Some College,50k to 100k
70118605,202008,49,2,2,KY,Some College,Over 100k
70118606,202008,58,1,2,NE,College,Under 50k
70118629,202008,79,1,2,WI,Some College,Under 50k
70118630,202008,48,2,2,NY,College,Under 50k
70118632,202008,69,1,2,MO,High School,Under 50k
70118636,202008,42,1,2,GA,Some College,Under 50k
70118638,202008,70,2,2,CO,College,Over 100k
70118653,202008,29,1,1,WI,College,Under 50k
70118659,202008,44,1,2,GA,High School,Under 50k
70118672,202008,22,1,1,AZ,Some College,Under 50k
70118681,202008,37,2,2,CA,College,Over 100k
70118683,202008,56,2,1,CA,College,Over 100k
70118687,202008,52,2,1,CA,Some College,Over 100k
70118699,202008,54,1,1,TX,Some College,Under 50k
70118703,202009,23,2,2,KY,College,Under 50k
70118707,202009,65,1,2,FL,High School,Under 50k
70118708,202009,31,1,1,OR,College,Over 100k
70118714,202009,51,1,1,PA,High School,Over 100k
70118716,202009,41,2,1,IN,Some College,50k to 100k
70118721,202010,30,2,1,NC,College,Over 100k
70118724,202009,49,1,1,MD,College,Over 100k
70118726,202009,38,1,2,PA,Some College,Under 50k
70118727,202009,27,1,1,KY,College,Over 100k
70118728,202010,73,1,2,NJ,Some College,Under 50k
70118736,202009,28,2,2,WA,College,Over 100k
70118738,202010,69,2,2,TX,College,50k to 100k
70118748,202009,49,1,2,MI,College,50k to 100k
70118750,202009,54,2,1,CT,College,Over 100k
70118761,202010,54,2,1,CT,College,Over 100k
70118764,202009,28,1,2,CT,College,Under 50k
70118765,202009,34,1,1,MN,College,Over 100k
70118770,202010,42,1,2,FL,College,50k to 100k
70118777,202009,70,2,1,CA,College,50k to 100k
70118778,202010,61,2,1,OH,Some College,50k to 100k
70118779,202009,26,2,1,NY,Some College,Under 50k
70118798,202009,30,1,1,NC,College,50k to 100k
70118799,202009,62,1,1,MN,Some College,50k to 100k
70118801,202009,29,1,1,NY,College,Over 100k
70118808,202010,59,2,2,TX,High School,Under 50k
70118811,202009,57,2,1,CT,College,Over 100k
70118812,202009,29,1,1,MN,College,50k to 100k
70118816,202009,49,2,1,NE,Some College,Over 100k
70118821,202010,42,2,1,WI,Some College,Over 100k
70118824,202009,32,1,1,AK,College,Over 100k
70118829,202009,29,2,1,WI,College,50k to 100k
70118830,202009,35,1,1,FL,College,50k to 100k
70118831,202009,64,2,2,PA,High School,50k to 100k
70118832,202009,74,2,1,IA,College,50k to 100k
70118834,202009,48,2,2,MN,College,Under 50k
70118835,202009,30,2,2,VA,College,50k to 100k
70118837,202009,33,1,1,TX,Some College,Under 50k
70118841,202010,47,2,1,NJ,College,Over 100k
70118843,202009,32,1,1,FL,Some College,50k to 100k
70118844,202009,83,2,1,NC,College,Over 100k
70118845,202009,31,2,2,MI,College,50k to 100k
70118847,202009,38,2,1,NY,College,Over 100k
70118850,202010,31,1,1,NY,College,50k to 100k
70118856,202009,53,1,2,FL,College,50k to 100k
70118857,202009,52,2,1,CA,College,Over 100k
70118861,202010,37,2,1,OH,High School,Under 50k
70118867,202009,70,1,1,MI,Some College,50k to 100k
70118869,202009,35,1,2,TX,College,Under 50k
70118871,202009,70,2,1,CA,High School,Under 50k
70118873,202009,76,1,2,CT,College,50k to 100k
70118878,202009,42,1,1,AR,College,Over 100k
70118879,202009,40,1,2,WV,High School,Under 50k
70118885,202009,33,1,1,CA,College,Over 100k
70118886,202009,66,2,1,FL,Some College,Under 50k
70118889,202009,72,1,2,IL,Some College,Under 50k
70118892,202009,26,2,2,WI,College,50k to 100k
70118896,202009,70,2,1,KY,Some College,50k to 100k
70118903,202009,34,2,1,IL,College,Over 100k
70118915,202009,65,2,1,NC,College,Over 100k
70118923,202009,36,2,2,TX,College,50k to 100k
70118929,202009,42,2,2,MA,College,50k to 100k
70118938,202010,32,1,1,NJ,Some College,50k to 100k
70118939,202009,50,2,2,NC,College,Over 100k
70118943,202009,53,2,1,MI,College,50k to 100k
70118945,202009,38,1,1,IA,College,50k to 100k
70118954,202010,44,2,1,OH,Some College,Under 50k
70118957,202009,34,2,1,GA,Some College,Under 50k
70118958,202009,26,1,1,TX,College,50k to 100k
70118959,202009,40,1,1,CA,College,Over 100k
70118971,202009,72,2,2,NY,College,Under 50k
70118974,202009,54,1,2,IL,Some College,Under 50k
70118978,202010,70,2,2,TX,College,Under 50k
70118983,202009,41,1,1,FL,High School,Under 50k
70118988,202009,68,2,1,FL,College,Under 50k
70118989,202009,30,1,2,CA,High School,Under 50k
70118990,202009,65,1,2,IA,Some College,50k to 100k
70118993,202010,33,2,1,AZ,High School,Under 50k
70118997,202009,65,1,2,OH,College,Under 50k
70118999,202010,58,2,1,GA,Some College,Under 50k
70119003,202009,41,2,1,CA,College,Over 100k
70119005,202009,55,1,2,NC,College,50k to 100k
70119006,202009,28,2,2,AZ,College,Over 100k
70119010,202009,29,1,1,SC,Some College,Under 50k
70119019,202009,68,1,1,IL,College,Over 100k
70119024,202009,28,2,1,WA,Some College,50k to 100k
70119031,202009,60,2,1,PA,Some College,50k to 100k
70119046,202009,26,1,1,TN,College,50k to 100k
70119049,202009,25,2,2,CA,College,50k to 100k
70119056,202010,41,2,1,TX,Some College,50k to 100k
70119062,202010,44,2,1,MN,College,Over 100k
70119063,202010,41,1,2,NE,College,50k to 100k
70119064,202009,49,1,1,CT,Some College,Over 100k
70119066,202009,79,2,1,FL,Some College,50k to 100k
70119071,202009,45,1,1,FL,College,50k to 100k
70119074,202010,39,2,1,VA,Some College,50k to 100k
70119076,202009,85,1,1,NY,College,50k to 100k
70119078,202009,39,1,2,CA,College,50k to 100k
70119079,202009,50,2,1,CA,Some College,50k to 100k
70119081,202010,43,1,1,IL,College,Over 100k
70119083,202010,57,1,1,WY,Some College,Under 50k
70119084,202009,30,2,2,NC,College,Over 100k
70119086,202009,31,1,1,SC,College,Over 100k
70119087,202009,56,1,1,NJ,High School,50k to 100k
70119093,202009,26,2,2,IL,College,Under 50k
70119101,202009,53,1,1,LA,College,Over 100k
70119105,202009,51,2,1,OK,College,50k to 100k
70119106,202010,44,1,2,NY,College,50k to 100k
70119109,202009,56,1,1,NY,College,Over 100k
70119110,202009,46,2,1,TX,College,Over 100k
70119117,202009,68,2,1,PA,College,50k to 100k
70119125,202010,34,1,2,PA,College,Under 50k
70119128,202009,64,1,2,PA,Some College,Under 50k
70119131,202010,51,1,2,WI,Some College,Under 50k
70119138,202009,41,2,1,IL,College,Over 100k
70119139,202010,42,2,2,MS,College,50k to 100k
70119141,202010,43,2,1,OH,College,50k to 100k
70119142,202009,40,2,1,AZ,High School,Under 50k
70119148,202010,71,2,1,MA,College,Over 100k
70119149,202009,65,1,1,AL,High School,Under 50k
70119155,202009,76,2,1,IN,College,50k to 100k
70119156,202009,68,1,1,NM,College,Under 50k
70119157,202009,47,1,1,DC,College,Over 100k
70119165,202009,25,1,2,CA,College,50k to 100k
70119173,202009,66,2,1,PA,Some College,50k to 100k
70119177,202009,36,2,2,MO,College,50k to 100k
70119181,202009,37,1,2,GA,College,50k to 100k
70119193,202009,26,1,2,LA,College,Under 50k
70119197,202009,25,1,1,OH,High School,Under 50k
70119200,202009,70,2,2,NY,Some College,50k to 100k
70119206,202009,29,1,2,MT,College,Under 50k
70119227,202009,44,1,2,MS,Some College,Under 50k
70119238,202009,55,2,1,WA,College,Over 100k
70119254,202009,30,2,2,MD,College,Over 100k
70119291,202009,37,1,1,GA,Some College,50k to 100k
70119306,202009,28,2,2,WI,College,Under 50k
70119308,202009,27,2,2,CA,College,Under 50k
70119309,202009,65,2,1,VT,College,Over 100k
70119314,202009,32,1,2,GA,College,Under 50k
70119315,202009,44,1,2,GA,College,Under 50k
70119337,202009,41,1,1,CA,College,Under 50k
70119349,202009,50,1,2,FL,Some College,Under 50k
70119362,202009,32,1,2,WA,College,50k to 100k
70119364,202009,36,2,1,MO,College,50k to 100k
70119380,202009,70,2,1,MI,College,Over 100k
70119394,202009,54,2,1,NY,Some College,Over 100k
70119399,202009,63,1,2,OK,Some College,Under 50k
70119400,202009,57,2,2,OH,Some College,Under 50k
70119406,202011,48,2,1,MA,College,Over 100k
70119407,202010,40,1,2,GA,Some College,Under 50k
70119409,202010,23,2,2,FL,College,Under 50k
70119412,202011,47,1,1,FL,Some College,Over 100k
70119416,202011,65,2,1,OR,High School,50k to 100k
70119417,202010,63,1,1,IA,College,Over 100k
70119420,202010,73,2,1,OR,Some College,50k to 100k
70119425,202010,33,1,1,OR,Some College,50k to 100k
70119426,202011,69,2,2,TX,High School,Under 50k
70119428,202010,38,1,2,KS,College,50k to 100k
70119431,202010,68,2,1,PA,Some College,Under 50k
70119436,202010,79,1,2,CA,College,Under 50k
70119437,202010,36,1,1,OH,College,Over 100k
70119439,202010,38,1,2,NC,Some College,50k to 100k
70119440,202010,53,1,2,MD,College,Under 50k
70119442,202011,74,2,1,AZ,High School,50k to 100k
70119446,202010,54,2,1,WA,College,Over 100k
70119455,202011,25,1,1,WA,College,50k to 100k
70119456,202010,52,2,1,TX,College,Over 100k
70119467,202010,63,2,1,GA,College,Over 100k
70119481,202010,63,2,1,MO,High School,50k to 100k
70119497,202010,70,1,2,NY,Some College,50k to 100k
70119502,202010,61,2,1,OH,College,Over 100k
70119509,202010,66,2,1,IL,Some College,50k to 100k
70119510,202010,53,2,1,WI,College,Over 100k
70119521,202010,22,1,2,CA,College,50k to 100k
70119522,202010,29,2,2,IA,College,50k to 100k
70119523,202010,73,2,2,RI,College,50k to 100k
70119529,202010,39,1,1,NC,Some College,50k to 100k
70119532,202010,42,1,1,OR,College,50k to 100k
70119542,202010,67,1,2,AZ,College,Under 50k
70119545,202011,72,1,2,OH,Some College,Under 50k
70119555,202010,42,1,1,CO,College,50k to 100k
70119559,202010,83,1,2,IA,College,Under 50k
70119560,202011,59,1,2,CA,College,Over 100k
70119563,202011,36,2,1,PA,Some College,50k to 100k
70119564,202010,52,2,1,NC,Some College,Over 100k
70119565,202011,26,1,1,OH,Some College,50k to 100k
70119573,202011,70,1,2,SC,College,Under 50k
70119583,202010,34,1,1,TX,College,50k to 100k
70119585,202011,28,1,1,KS,College,Over 100k
70119589,202011,63,2,1,CA,College,50k to 100k
70119590,202010,57,2,1,MI,College,Under 50k
70119593,202010,33,2,2,MN,Some College,Under 50k
70119594,202010,57,2,2,AZ,Some College,Under 50k
70119596,202010,49,2,2,NC,Some College,Under 50k
70119599,202010,45,2,1,TX,College,50k to 100k
70119600,202010,75,2,1,TX,College,Over 100k
70119608,202011,43,1,1,AL,Some College,Under 50k
70119609,202010,30,1,1,OR,Some College,50k to 100k
70119610,202010,24,1,2,NM,College,Under 50k
70119612,202010,58,1,2,IN,College,50k to 100k
70119616,202010,37,2,1,CA,College,Over 100k
70119618,202010,59,1,1,NC,College,50k to 100k
70119620,202010,27,1,1,OH,Some College,50k to 100k
70119622,202010,71,2,1,RI,Some College,Over 100k
70119628,202011,33,1,1,OH,College,Over 100k
70119638,202010,62,2,1,IN,Some College,Over 100k
70119642,202010,27,2,1,CA,College,Over 100k
70119650,202010,31,1,2,MS,Some College,Under 50k
70119658,202010,60,2,1,WA,Some College,Under 50k
70119659,202011,54,2,1,MS,College,Over 100k
70119661,202010,90,2,1,PA,Some College,Under 50k
70119664,202010,48,2,1,TX,College,Over 100k
70119669,202010,70,2,1,NV,College,Over 100k
70119670,202010,33,1,1,AR,College,50k to 100k
70119675,202010,64,1,1,NC,College,Under 50k
70119678,202011,53,1,1,NY,Some College,Over 100k
70119679,202010,44,1,1,MO,College,Under 50k
70119682,202011,39,1,1,CA,Some College,50k to 100k
70119686,202010,62,2,1,CO,Some College,Over 100k
70119689,202010,48,2,1,ND,Some College,Over 100k
70119692,202010,37,1,1,VA,College,Over 100k
70119693,202010,58,1,1,PA,Some College,Under 50k
70119698,202010,45,2,1,MD,College,Over 100k
70119701,202010,35,1,2,TX,High School,Under 50k
70119703,202011,26,1,1,TX,High School,50k to 100k
70119704,202011,36,2,1,KY,College,50k to 100k
70119716,202010,35,2,1,NY,Some College,50k to 100k
70119717,202010,34,2,1,FL,College,50k to 100k
70119718,202011,53,2,1,OH,College,Over 100k
70119723,202010,33,2,1,HI,College,Over 100k
70119724,202010,50,1,2,CO,College,Over 100k
70119733,202010,46,1,1,MO,Some College,Under 50k
70119737,202010,80,1,1,FL,College,50k to 100k
70119738,202010,67,1,2,HI,Some College,50k to 100k
70119741,202010,36,1,2,CA,Some College,50k to 100k
70119744,202011,64,1,2,NY,College,Under 50k
70119751,202010,38,2,1,IN,College,Over 100k
70119753,202010,25,2,2,KY,College,Under 50k
70119756,202010,46,1,1,FL,Some College,50k to 100k
70119772,202010,39,1,1,LA,College,Over 100k
70119773,202010,74,2,1,FL,High School,50k to 100k
70119775,202010,69,2,1,WA,Some College,Over 100k
70119777,202010,74,2,1,WA,High School,Under 50k
70119778,202010,55,2,1,TX,College,Over 100k
70119782,202010,42,1,2,TX,High School,Under 50k
70119784,202010,55,2,1,RI,College,Under 50k
70119789,202010,28,2,1,NY,College,50k to 100k
70119809,202010,33,1,1,ID,Some College,Under 50k
70119816,202011,64,1,2,MI,High School,Under 50k
70119825,202010,31,2,1,OH,College,50k to 100k
70119829,202010,44,1,2,TX,Some College,Under 50k
70119833,202010,37,1,1,PA,Some College,50k to 100k
70119835,202010,43,2,2,OH,Some College,Under 50k
70119840,202010,75,2,1,IL,Some College,50k to 100k
70119845,202011,27,1,1,AR,College,Under 50k
70119847,202011,32,1,1,WI,College,Over 100k
70119850,202011,79,2,1,MT,College,50k to 100k
70119856,202010,60,2,2,PA,College,Over 100k
70119867,202011,36,2,1,NY,College,50k to 100k
70119868,202011,27,2,1,IL,College,Over 100k
70119872,202010,49,1,1,FL,Some College,Under 50k
70119877,202011,25,2,2,MD,Some College,Under 50k
70119885,202011,73,2,1,TX,College,Over 100k
70119888,202010,42,2,1,NY,College,Over 100k
70119903,202010,37,1,1,OR,College,50k to 100k
70119904,202010,59,2,2,MI,Some College,50k to 100k
70119912,202010,39,1,2,KS,College,Under 50k
70119914,202011,35,1,1,MI,College,Over 100k
70119923,202010,73,2,1,CA,Some College,50k to 100k
70119925,202010,54,2,1,NY,College,Over 100k
70119934,202011,25,1,1,SD,Some College,Over 100k
70119949,202010,43,1,1,CA,College,Over 100k
70119952,202010,52,2,1,ME,College,Over 100k
70119953,202011,76,2,1,IL,College,Under 50k
70119955,202010,66,2,2,NY,Some College,Under 50k
70119957,202011,31,1,1,ND,High School,50k to 100k
70119958,202010,42,1,2,NJ,Some College,Under 50k
70119963,202010,29,1,1,ID,College,Under 50k
70119968,202011,56,1,1,CO,College,Over 100k
70119974,202011,65,1,2,IL,College,Under 50k
70119985,202011,79,2,1,FL,Some College,Under 50k
70119988,202011,69,2,1,GA,College,50k to 100k
70119991,202010,42,2,1,MN,College,Over 100k
70119996,202010,73,1,2,MO,Some College,50k to 100k
70120000,202011,44,2,1,OH,College,Over 100k
70120001,202011,51,2,1,CT,High School,Over 100k
70120007,202011,63,2,1,PA,College,50k to 100k
70120008,202010,46,2,1,IN,College,Over 100k
70120011,202010,35,1,2,OH,Some College,Under 50k
70120012,202010,29,2,1,TX,College,50k to 100k
70120019,202010,46,1,2,RI,College,Under 50k
70120032,202010,49,2,1,MI,Some College,Under 50k
70120039,202010,45,1,1,NC,Some College,Under 50k
70120052,202010,73,1,2,DE,Some College,Under 50k
70120071,202010,28,2,1,PA,College,Over 100k
70120083,202010,55,1,2,CA,College,Over 100k
70120084,202010,49,1,2,CA,Some College,Under 50k
70120089,202010,26,1,1,NH,College,Over 100k
70120111,202010,37,2,2,PA,College,Over 100k
70120126,202010,66,1,2,TN,High School,Under 50k
70120135,202010,45,2,2,CA,College,Under 50k
70120136,202010,39,2,2,MI,Some College,Under 50k
70120152,202010,21,1,1,NE,Some College,Under 50k
70120154,202010,50,2,2,PA,College,Over 100k
70120179,202010,27,2,1,DE,College,50k to 100k
70120187,202010,27,2,2,TX,College,50k to 100k
70120190,202010,34,1,1,IL,College,50k to 100k
70120198,202010,37,2,1,WI,Some College,Over 100k
70120214,202010,76,1,2,PA,College,Under 50k
70120231,202010,54,2,2,WA,Some College,Under 50k
70120244,202012,64,2,1,GA,Some College,50k to 100k
70120246,202011,27,2,2,OH,College,50k to 100k
70120247,202012,53,2,2,MN,College,50k to 100k
70120248,202011,25,1,2,NY,College,50k to 100k
70120250,202011,35,2,1,FL,College,50k to 100k
70120252,202011,58,1,1,MT,High School,Under 50k
70120254,202011,24,2,1,IL,College,50k to 100k
70120259,202011,32,1,1,TN,College,Over 100k
70120262,202011,39,1,1,OK,College,Over 100k
70120264,202012,78,1,2,CA,College,Under 50k
70120265,202011,28,2,1,CA,College,50k to 100k
70120270,202011,53,2,1,OH,College,Over 100k
70120271,202011,35,2,2,WI,High School,Under 50k
70120273,202011,50,1,1,FL,College,50k to 100k
70120276,202012,33,1,2,MS,College,Under 50k
70120280,202012,50,2,1,VA,College,Over 100k
70120285,202011,83,2,1,NH,Some College,50k to 100k
70120287,202011,75,2,1,GA,College,Over 100k
70120290,202012,60,1,2,VA,College,50k to 100k
70120296,202011,29,2,1,MN,College,Over 100k
70120298,202011,38,1,1,ID,College,Under 50k
70120300,202011,53,1,1,ND,College,Under 50k
70120301,202011,28,2,1,KY,College,50k to 100k
70120306,202011,62,1,1,FL,College,50k to 100k
70120308,202011,65,2,2,CA,College,Over 100k
70120309,202011,39,2,1,WY,High School,50k to 100k
70120311,202011,50,1,2,WI,Some College,Under 50k
70120312,202012,47,2,1,IA,College,50k to 100k
70120314,202011,24,1,2,CA,College,Over 100k
70120319,202012,67,1,2,MO,Some College,50k to 100k
70120325,202011,65,1,2,MN,High School,Under 50k
70120328,202011,74,2,1,MS,College,50k to 100k
70120333,202011,62,1,2,CA,Some College,Under 50k
70120335,202011,37,1,2,VT,College,Under 50k
70120338,202011,65,1,1,GA,College,Over 100k
70120346,202011,27,2,1,FL,High School,50k to 100k
70120347,202011,35,2,1,FL,College,Over 100k
70120349,202011,30,1,1,NC,College,50k to 100k
70120357,202011,68,1,2,OR,Some College,Under 50k
70120359,202012,48,2,2,TN,College,50k to 100k
70120361,202011,48,2,1,TX,College,Over 100k
70120362,202011,71,1,2,MI,High School,Under 50k
70120375,202011,65,2,1,NC,Some College,50k to 100k
70120383,202011,38,1,2,VA,Some College,Under 50k
70120385,202011,28,1,1,OK,College,Over 100k
70120390,202012,47,2,1,CA,College,Over 100k
70120392,202011,65,2,1,IN,Some College,50k to 100k
70120404,202011,67,2,1,FL,High School,Under 50k
70120409,202011,31,2,2,NY,College,Over 100k
70120411,202011,52,2,1,MO,Some College,50k to 100k
70120412,202011,63,2,2,MI,Some College,Under 50k
70120418,202011,48,2,1,TX,Some College,Over 100k
70120427,202012,70,2,1,IN,College,50k to 100k
70120429,202011,49,1,2,GA,Some College,Under 50k
70120430,202011,59,1,2,ME,College,50k to 100k
70120432,202011,511,1,1,KY,College,50k to 100k
70120434,202011,62,1,2,CA,College,50k to 100k
70120435,202011,43,2,2,VA,College,Under 50k
70120441,202011,63,1,1,SC,College,Over 100k
70120442,202011,51,2,2,CO,Some College,50k to 100k
70120446,202011,47,1,2,TX,College,50k to 100k
70120449,202011,60,2,2,TX,College,Under 50k
70120452,202012,74,2,1,PA,High School,50k to 100k
70120453,202011,78,2,1,IL,College,Over 100k
70120456,202011,46,1,1,KS,High School,50k to 100k
70120458,202011,36,1,1,GA,College,50k to 100k
70120465,202011,36,1,2,NY,College,Under 50k
70120473,202011,44,2,1,TX,College,Over 100k
70120491,202011,33,1,1,KY,College,50k to 100k
70120492,202011,42,2,1,CO,College,50k to 100k
70120494,202011,39,2,1,OR,College,Over 100k
70120496,202011,61,1,1,CT,High School,50k to 100k
70120505,202011,45,2,2,NY,Some College,Under 50k
70120508,202011,71,1,2,FL,Some College,50k to 100k
70120513,202011,45,1,1,FL,College,50k to 100k
70120520,202012,74,1,1,DE,College,50k to 100k
70120534,202012,28,1,2,NJ,College,50k to 100k
70120538,202011,54,2,1,SC,Some College,50k to 100k
70120541,202011,55,1,2,WA,College,50k to 100k
70120546,202011,32,2,2,NY,College,Over 100k
70120550,202011,41,2,1,MA,College,Over 100k
70120551,202011,32,1,1,CA,College,Over 100k
70120558,202011,58,1,2,SC,College,Under 50k
70120564,202011,32,2,2,NJ,College,50k to 100k
70120567,202011,35,1,1,TX,College,50k to 100k
70120568,202011,26,1,2,SC,Some College,50k to 100k
70120570,202011,32,2,2,PA,College,50k to 100k
70120572,202011,48,1,1,CT,College,Over 100k
70120583,202011,86,1,2,CA,Some College,Under 50k
70120588,202011,49,2,2,NE,Some College,Under 50k
70120593,202012,42,1,1,CA,College,50k to 100k
70120594,202012,38,1,2,TX,Some College,50k to 100k
70120596,202011,53,1,1,VA,College,50k to 100k
70120607,202011,27,2,1,NY,College,Under 50k
70120615,202011,41,1,1,AR,College,Over 100k
70120617,202011,50,2,1,NJ,Some College,Over 100k
70120621,202011,62,2,2,WA,College,Under 50k
70120622,202011,68,2,1,AZ,Some College,Under 50k
70120627,202011,37,2,1,AZ,College,Over 100k
70120636,202011,31,2,1,WV,College,Over 100k
70120644,202011,37,2,1,NC,College,50k to 100k
70120645,202011,51,2,1,OH,High School,Over 100k
70120650,202011,77,1,2,CA,College,Under 50k
70120651,202011,73,2,1,GA,College,Over 100k
70120653,202011,48,1,1,FL,High School,50k to 100k
70120654,202011,45,2,1,MI,Some College,50k to 100k
70120657,202011,53,1,2,MN,College,Over 100k
70120658,202011,56,1,1,TX,College,50k to 100k
70120660,202011,36,2,1,PA,College,Over 100k
70120662,202012,71,1,2,WI,Some College,50k to 100k
70120663,202011,39,1,1,UT,College,Over 100k
70120666,202011,28,2,1,CA,College,Over 100k
70120670,202011,86,2,2,PA,Some College,Under 50k
70120674,202011,87,2,1,NY,College,50k to 100k
70120675,202011,65,1,1,OH,Some College,Under 50k
70120680,202011,28,1,1,NC,Some College,Under 50k
70120682,202012,60,2,1,CA,College,Over 100k
70120683,202011,65,2,1,NE,College,50k to 100k
70120691,202011,42,1,2,CA,College,Under 50k
70120696,202011,27,1,1,OK,Some College,Under 50k
70120700,202011,69,2,1,IL,College,Over 100k
70120706,202011,72,2,1,MO,College,Over 100k
70120716,202012,73,1,1,NJ,High School,Under 50k
70120721,202011,61,1,2,MS,College,Under 50k
70120722,202011,61,1,1,IN,Some College,50k to 100k
70120733,202011,62,1,2,TN,Some College,50k to 100k
70120734,202011,49,2,1,NY,Some College,50k to 100k
70120739,202011,72,1,2,NC,High School,Under 50k
70120743,202011,61,2,1,OR,College,50k to 100k
70120746,202011,68,2,2,CT,Some College,50k to 100k
70120752,202011,72,2,1,DE,College,Over 100k
70120753,202011,26,1,2,PA,High School,Under 50k
70120766,202011,52,2,1,NY,High School,50k to 100k
70120770,202011,45,1,1,TX,College,50k to 100k
70120771,202011,40,1,1,AZ,Some College,Over 100k
70120781,202011,62,2,1,MI,College,50k to 100k
70120784,202011,43,2,2,WA,High School,50k to 100k
70120785,202011,42,1,1,CO,College,50k to 100k
70120788,202011,30,1,2,NY,Some College,Under 50k
70120798,202011,56,2,1,HI,Some College,Over 100k
70120815,202011,50,1,2,VA,Some College,50k to 100k
70120818,202011,47,1,2,OK,Some College,Under 50k
70120848,202011,58,1,1,KS,High School,Under 50k
70120860,202011,54,2,1,GA,Some College,Under 50k
70120870,202012,61,1,1,MI,College,Under 50k
70120872,202012,59,2,2,ID,College,Under 50k
70120876,202012,28,2,1,NY,Some College,50k to 100k
70120886,202012,72,1,1,ME,College,Under 50k
70120897,202012,65,1,1,CO,College,Over 100k
70120899,202012,53,2,2,WA,Some College,Under 50k
70120902,202012,47,2,1,NM,High School,Over 100k
70120925,202012,31,2,2,CA,College,50k to 100k
70120929,202012,50,1,1,WI,High School,Over 100k
70120933,202012,30,2,1,CT,College,Over 100k
70120944,202101,69,2,1,WI,High School,50k to 100k
70120945,202012,36,2,1,WA,Some College,50k to 100k
70120946,202012,71,1,2,TX,College,50k to 100k
70120949,202101,65,2,1,CO,College,50k to 100k
70120950,202012,23,2,2,IA,College,Under 50k
70120953,202012,77,2,1,NC,College,Over 100k
70120954,202012,78,2,1,IL,College,Over 100k
70120958,202101,73,1,1,CA,Some College,Under 50k
70120962,202012,67,2,2,FL,College,Under 50k
70120965,202012,46,1,1,NY,College,50k to 100k
70120969,202012,58,1,1,SC,Some College,50k to 100k
70120970,202101,28,1,2,NY,College,50k to 100k
70120971,202101,31,1,2,VA,College,Under 50k
70120973,202012,65,2,1,TX,Some College,Over 100k
70120976,202012,68,1,2,TX,College,Under 50k
70120977,202012,38,2,1,NJ,Some College,Under 50k
70120986,202012,38,2,2,NY,College,50k to 100k
70120988,202101,66,2,1,NY,Some College,Over 100k
70120994,202012,61,2,2,MA,College,Under 50k
70120995,202012,40,2,1,WA,College,Over 100k
70121002,202012,32,2,2,WA,Some College,50k to 100k
70121012,202012,39,1,1,WI,College,Over 100k
70121022,202012,44,2,1,WA,College,Over 100k
70121031,202012,81,1,2,IA,College,Under 50k
70121045,202012,57,2,2,WI,College,Under 50k
70121048,202012,26,1,1,TX,College,Under 50k
70121060,202012,68,2,1,IA,College,50k to 100k
70121063,202101,75,1,2,CT,Some College,Under 50k
70121065,202012,35,1,1,OR,College,Over 100k
70121073,202012,38,2,2,IN,High School,Under 50k
70121074,202012,57,2,1,NJ,College,Over 100k
70121076,202012,28,1,1,TN,College,Over 100k
70121078,202012,69,2,1,IL,College,Over 100k
70121084,202012,67,1,2,MN,Some College,Under 50k
70121085,202012,59,1,2,NC,College,Under 50k
70121094,202012,28,1,1,CA,Some College,Under 50k
70121095,202101,52,1,1,NC,College,Over 100k
70121099,202012,65,2,1,PA,College,Under 50k
70121101,202012,49,2,1,PA,College,50k to 100k
70121104,202012,73,1,2,AL,College,Under 50k
70121105,202012,62,1,2,WA,College,Under 50k
70121118,202101,50,2,1,CA,High School,50k to 100k
70121121,202012,56,1,2,IL,College,Under 50k
70121126,202012,63,2,1,MD,College,50k to 100k
70121129,202012,30,2,1,WA,College,Over 100k
70121137,202101,48,2,1,GA,Some College,Over 100k
70121141,202012,60,2,2,TN,High School,50k to 100k
70121144,202012,71,2,1,FL,College,50k to 100k
70121150,202012,56,2,1,IA,Some College,Over 100k
70121151,202012,27,2,1,WA,College,Over 100k
70121155,202012,38,1,1,IL,Some College,Under 50k
70121163,202101,70,2,1,PA,College,50k to 100k
70121165,202012,29,2,1,SC,Some College,50k to 100k
70121170,202012,41,2,2,LA,Some College,Over 100k
70121171,202012,29,1,2,MI,College,50k to 100k
70121173,202012,63,2,1,NY,College,50k to 100k
70121176,202012,23,2,2,KS,Some College,Under 50k
70121180,202101,74,1,2,FL,College,50k to 100k
70121182,202012,45,2,1,TX,High School,Over 100k
70121183,202012,61,1,1,SD,College,Under 50k
70121184,202101,71,2,1,TX,Some College,50k to 100k
70121186,202012,32,2,2,IL,Some College,Under 50k
70121189,202012,51,2,1,WA,High School,Over 100k
70121190,202012,35,1,1,WV,Some College,Under 50k
70121191,202012,28,1,1,UT,Some College,Over 100k
70121194,202012,24,1,1,NC,College,50k to 100k
70121197,202012,49,1,2,AL,Some College,Under 50k
70121199,202012,80,1,1,CA,Some College,Under 50k
70121200,202012,46,2,2,OK,College,50k to 100k
70121203,202012,36,2,1,MI,Some College,50k to 100k
70121206,202012,55,1,1,NY,Some College,50k to 100k
70121210,202012,37,2,1,OH,College,Under 50k
70121213,202012,33,1,2,IN,High School,Under 50k
70121220,202012,50,2,1,MD,College,Over 100k
70121233,202012,53,1,1,OK,High School,50k to 100k
70121234,202012,53,2,1,OH,College,50k to 100k
70121239,202012,71,1,1,PA,College,Under 50k
70121240,202101,79,2,1,NV,High School,50k to 100k
70121250,202012,72,1,2,OH,High School,Under 50k
70121253,202012,25,1,2,KY,Some College,Over 100k
70121258,202012,63,1,1,TN,Some College,Under 50k
70121259,202101,25,1,2,NC,High School,Under 50k
70121260,202012,41,1,2,MI,Some College,Under 50k
70121261,202012,54,1,1,TN,High School,Under 50k
70121271,202012,20,1,2,AZ,Some College,Over 100k
70121275,202012,42,2,1,CA,College,Over 100k
70121276,202101,63,2,1,OR,Some College,Under 50k
70121286,202101,65,1,1,MN,Some College,50k to 100k
70121289,202012,53,1,1,TN,College,50k to 100k
70121290,202012,36,1,1,NY,College,50k to 100k
70121293,202012,64,2,1,NY,Some College,50k to 100k
70121294,202012,28,1,2,PA,College,Under 50k
70121295,202101,69,1,2,IL,College,50k to 100k
70121300,202012,30,1,1,HI,College,Over 100k
70121302,202012,70,2,2,LA,Some College,Under 50k
70121309,202012,45,2,1,FL,Some College,Over 100k
70121319,202012,58,1,1,OH,Some College,Under 50k
70121322,202012,25,2,2,TX,College,Over 100k
70121328,202012,59,2,1,TX,Some College,50k to 100k
70121329,202012,44,1,1,FL,College,Over 100k
70121333,202012,57,2,1,MI,College,Over 100k
70121336,202012,89,1,2,OH,High School,Under 50k
70121340,202012,35,2,1,AZ,College,50k to 100k
70121342,202012,49,1,1,AR,Some College,Under 50k
70121343,202012,34,1,2,PA,College,Over 100k
70121351,202012,65,1,1,MD,College,50k to 100k
70121354,202012,28,1,1,CA,Some College,Over 100k
70121359,202012,30,1,2,TX,College,50k to 100k
70121371,202012,26,1,2,OH,College,50k to 100k
70121374,202012,38,1,1,NJ,Some College,50k to 100k
70121376,202012,63,1,1,CA,College,50k to 100k
70121380,202012,58,2,1,MT,Some College,50k to 100k
70121387,202012,49,1,1,MI,Some College,50k to 100k
70121394,202012,52,2,2,NJ,College,Over 100k
70121410,202012,25,1,1,PA,College,50k to 100k
70121425,202012,27,1,1,WI,Some College,Under 50k
70121427,202012,60,2,1,NC,College,50k to 100k
70121428,202012,26,2,1,WI,College,Over 100k
70121434,202012,64,2,1,CO,Some College,Over 100k
70121448,202012,26,1,1,UT,College,Over 100k
70121458,202012,35,1,2,TN,College,50k to 100k
70121459,202012,50,2,2,NM,Some College,50k to 100k
70121461,202012,39,2,1,WA,Some College,50k to 100k
70121466,202012,51,1,2,PA,College,Under 50k
70121467,202012,54,2,1,NY,College,Over 100k
70121470,202012,33,1,1,MO,College,50k to 100k
70121487,202012,33,1,2,MI,Some College,Under 50k
70121493,202101,35,1,1,ME,High School,50k to 100k
70121494,202101,54,1,1,NY,Some College,50k to 100k
70121495,202101,31,1,1,IL,Some College,50k to 100k
70121500,202102,42,2,1,CO,High School,Over 100k
70121502,202102,70,2,2,CA,College,Under 50k
70121513,202101,46,1,1,TN,Some College,Under 50k
70121517,202101,40,1,2,NY,College,50k to 100k
70121529,202102,69,1,2,PA,College,Under 50k
70121530,202101,66,1,2,FL,High School,Under 50k
70121536,202101,43,2,2,CA,College,50k to 100k
70121541,202101,29,2,1,OH,High School,Over 100k
70121542,202101,31,2,2,MN,Some College,50k to 100k
70121551,202101,42,1,2,CA,College,50k to 100k
70121555,202101,54,2,1,CA,High School,50k to 100k
70121559,202101,49,2,2,MN,Some College,Over 100k
70121562,202101,31,2,1,RI,College,Over 100k
70121573,202101,74,2,1,CT,College,50k to 100k
70121579,202101,59,2,2,GA,College,Under 50k
70121583,202101,32,1,1,WA,High School,Under 50k
70121584,202102,37,1,2,AZ,High School,Under 50k
70121591,202101,28,1,2,CA,Some College,Under 50k
70121596,202101,47,2,1,CA,College,Over 100k
70121597,202102,31,2,1,WY,High School,Under 50k
70121600,202101,39,2,1,IA,College,Over 100k
70121602,202101,46,2,1,IN,College,50k to 100k
70121604,202102,26,2,2,FL,College,Under 50k
70121606,202101,28,1,1,NM,College,Under 50k
70121614,202101,68,2,1,TX,Some College,Over 100k
70121623,202101,55,2,2,GA,High School,Under 50k
70121630,202102,60,2,1,CO,Some College,Over 100k
70121631,202101,43,1,2,NJ,College,50k to 100k
70121633,202102,58,2,2,MI,Some College,Under 50k
70121640,202101,29,2,1,NC,College,50k to 100k
70121650,202101,31,2,2,CT,College,Under 50k
70121655,202101,67,1,2,FL,College,50k to 100k
70121656,202101,44,1,1,MN,Some College,Over 100k
70121657,202101,39,2,1,NE,College,50k to 100k
70121659,202101,49,2,2,WI,College,Under 50k
70121663,202101,49,1,1,CT,College,50k to 100k
70121667,202101,84,2,2,TX,Some College,50k to 100k
70121670,202101,42,2,1,ID,Some College,50k to 100k
70121672,202101,50,1,1,CA,College,Over 100k
70121673,202101,58,2,1,TX,College,50k to 100k
70121689,202101,67,1,1,TX,Some College,Under 50k
70121697,202102,48,2,1,CA,Some College,Over 100k
70121704,202101,28,2,1,UT,College,50k to 100k
70121708,202101,53,1,1,WV,Some College,Under 50k
70121709,202102,69,2,1,NC,College,Under 50k
70121719,202101,35,2,1,MA,College,Over 100k
70121721,202102,28,2,2,OH,College,50k to 100k
70121736,202101,56,1,2,CA,College,50k to 100k
70121739,202101,57,1,2,MO,College,50k to 100k
70121742,202101,56,1,1,CA,College,50k to 100k
70121749,202101,34,1,1,UT,Some College,50k to 100k
70121752,202101,30,2,1,PA,Some College,Over 100k
70121754,202101,73,1,2,KY,College,50k to 100k
70121756,202101,67,1,1,NY,Some College,Over 100k
70121762,202101,68,2,1,TX,College,Over 100k
70121770,202102,24,1,2,MO,College,50k to 100k
70121772,202102,71,1,1,CO,Some College,Over 100k
70121778,202101,60,2,2,NJ,High School,50k to 100k
70121781,202101,33,2,2,CA,College,50k to 100k
70121782,202101,44,1,1,OH,College,Over 100k
70121785,202101,43,2,1,FL,College,Over 100k
70121786,202102,73,1,2,PA,High School,Under 50k
70121788,202101,42,2,1,FL,College,50k to 100k
70121790,202101,35,2,2,MI,College,50k to 100k
70121794,202101,58,2,1,IL,College,Over 100k
70121795,202101,81,2,1,GA,High School,Under 50k
70121806,202101,82,2,1,LA,College,Over 100k
70121807,202102,42,1,2,WI,College,50k to 100k
70121811,202101,72,2,1,WI,Some College,50k to 100k
70121818,202102,32,2,1,NC,College,50k to 100k
70121823,202102,53,2,1,FL,College,Over 100k
70121828,202101,63,2,2,NV,College,Over 100k
70121830,202101,38,2,1,NY,College,Over 100k
70121838,202101,38,1,1,ND,High School,Over 100k
70121845,202101,24,1,1,MT,High School,Under 50k
70121849,202101,42,2,1,NY,High School,Under 50k
70121854,202101,41,1,2,CA,College,Over 100k
70121856,202102,63,2,2,TX,Some College,Under 50k
70121857,202101,34,2,2,VA,Some College,Under 50k
70121864,202101,32,2,1,NJ,College,Over 100k
70121865,202101,67,1,2,TX,High School,Under 50k
70121872,202101,27,1,1,AL,College,Over 100k
70121874,202102,53,1,1,MA,High School,Over 100k
70121876,202101,62,1,2,CA,College,50k to 100k
70121877,202101,73,2,1,TX,Some College,50k to 100k
70121882,202101,46,1,1,PA,Some College,50k to 100k
70121884,202101,26,1,2,MI,College,50k to 100k
70121888,202101,60,1,2,AZ,Some College,Under 50k
70121890,202101,55,1,2,VA,Some College,Over 100k
70121892,202101,45,1,1,CA,College,Over 100k
70121894,202101,80,2,1,OH,Some College,Under 50k
70121900,202101,45,2,1,KY,College,Over 100k
70121909,202101,41,1,1,CA,Some College,Over 100k
70121920,202101,69,2,1,NC,Some College,Under 50k
70121926,202102,73,1,1,WI,Some College,Under 50k
70121931,202102,57,2,1,OR,College,Over 100k
70121932,202101,70,1,2,IL,Some College,Under 50k
70121940,202101,26,2,1,WI,College,Over 100k
70121942,202101,33,1,1,OR,High School,50k to 100k
70121947,202101,36,2,1,MO,High School,50k to 100k
70121948,202102,32,2,2,LA,College,Over 100k
70121951,202102,47,1,1,NJ,Some College,Over 100k
70121952,202102,34,1,1,FL,Some College,Under 50k
70121960,202101,68,2,1,OK,Some College,50k to 100k
70121963,202101,36,1,2,OK,Some College,Under 50k
70121964,202102,37,2,2,SC,High School,Under 50k
70121967,202101,27,1,2,VA,College,Under 50k
70121969,202101,72,2,1,NM,College,50k to 100k
70121970,202101,66,2,1,TX,College,Over 100k
70121974,202101,58,1,2,FL,College,50k to 100k
70121977,202101,38,2,1,KS,College,Over 100k
70121980,202101,61,2,1,NY,High School,50k to 100k
70121984,202101,59,1,1,MI,College,50k to 100k
70121998,202102,43,1,1,CT,College,Over 100k
70122000,202102,69,2,2,LA,College,Under 50k
70122001,202101,27,2,1,CA,College,50k to 100k
70122004,202101,33,2,2,CA,High School,Under 50k
70122008,202101,68,2,1,MS,College,Over 100k
70122010,202101,73,2,1,CA,College,50k to 100k
70122012,202101,23,1,2,GA,College,Over 100k
70122014,202102,73,2,1,MN,College,Over 100k
70122015,202102,57,1,1,FL,Some College,50k to 100k
70122022,202102,53,1,2,OR,Some College,Under 50k
70122024,202102,51,1,2,IN,College,Under 50k
70122026,202101,50,2,2,PA,College,Over 100k
70122027,202101,63,1,2,TX,College,Under 50k
70122041,202101,56,2,2,NC,College,Over 100k
70122043,202101,35,1,2,FL,High School,Under 50k
70122044,202102,23,2,1,CA,Some College,50k to 100k
70122063,202101,50,2,1,NY,High School,Under 50k
70122064,202101,49,2,1,AZ,Some College,Over 100k
70122065,202101,80,1,2,NE,Some College,Under 50k
70122069,202102,57,1,2,NY,College,50k to 100k
70122073,202101,71,1,2,MI,College,Under 50k
70122084,202102,53,1,2,FL,High School,50k to 100k
70122087,202102,24,1,2,AL,College,Under 50k
70122092,202101,65,1,2,GA,Some College,Under 50k
70122094,202101,41,1,1,IL,College,50k to 100k
70122097,202101,38,2,1,CO,College,Over 100k
70122101,202101,65,2,2,OH,College,Under 50k
70122103,202102,45,2,1,KS,College,Over 100k
70122110,202101,54,1,2,OR,Some College,Under 50k
70122113,202101,25,2,1,NE,Some College,50k to 100k
70122118,202101,55,2,2,NY,Some College,Under 50k
70122121,202102,73,1,2,WI,Some College,50k to 100k
70122123,202101,55,1,2,PA,High School,50k to 100k
70122126,202101,28,1,1,IL,College,Over 100k
70122152,202101,28,1,1,GA,Some College,Under 50k
70122169,202101,45,1,2,PA,College,Under 50k
70122174,202101,43,1,1,NY,Some College,50k to 100k
70122175,202101,33,1,1,SC,Some College,Under 50k
70122179,202101,43,1,1,KS,College,50k to 100k
70122199,202101,55,1,2,AL,College,50k to 100k
70122225,202101,51,2,1,TX,College,Over 100k
70122227,202101,47,1,1,OK,College,Over 100k
70122230,202101,39,2,1,CA,College,Over 100k
70122231,202101,26,1,1,NY,College,50k to 100k
70122244,202101,33,1,1,CA,College,Over 100k
70122280,202101,60,1,2,CA,Some College,50k to 100k
70122287,202101,35,2,1,FL,College,50k to 100k
70122296,202101,35,1,1,NC,College,50k to 100k
70122310,202101,37,1,1,NY,Some College,Under 50k
70122319,202101,38,2,1,OH,Some College,50k to 100k
70122321,202101,59,2,1,TX,High School,Under 50k
70122328,202103,59,1,2,PA,College,50k to 100k
70122331,202102,65,1,2,NJ,College,Over 100k
70122332,202102,33,2,1,PA,College,Over 100k
70122333,202102,49,2,1,CA,College,Over 100k
70122338,202102,33,2,2,NJ,College,50k to 100k
70122342,202102,87,1,2,FL,Some College,Under 50k
70122343,202102,27,1,2,CA,High School,Under 50k
70122344,202102,74,1,2,IN,High School,Under 50k
70122347,202102,33,1,1,LA,College,Over 100k
70122353,202102,39,2,1,VT,College,Over 100k
70122356,202102,64,1,1,CA,High School,Over 100k
70122357,202102,27,2,1,NY,College,Over 100k
70122367,202102,44,1,2,MI,High School,Under 50k
70122371,202103,71,2,1,FL,High School,50k to 100k
70122375,202102,36,1,1,NY,College,Over 100k
70122380,202102,26,1,1,CA,Some College,50k to 100k
70122382,202102,55,2,1,IL,College,50k to 100k
70122383,202102,58,2,1,KS,College,Over 100k
70122384,202102,46,2,2,NY,High School,Under 50k
70122386,202102,61,2,1,OK,High School,50k to 100k
70122389,202102,73,1,1,FL,Some College,Under 50k
70122394,202102,33,1,1,OH,College,Under 50k
70122396,202102,74,2,2,MI,College,Over 100k
70122397,202102,50,2,1,UT,College,Over 100k
70122402,202102,21,1,2,CA,Some College,Under 50k
70122410,202102,32,2,2,OH,College,Under 50k
70122412,202102,36,1,2,CO,Some College,50k to 100k
70122413,202102,75,2,2,FL,College,50k to 100k
70122422,202103,63,2,1,WI,College,50k to 100k
70122423,202102,70,2,1,AR,College,50k to 100k
70122429,202102,56,1,2,GA,High School,Under 50k
70122432,202102,72,1,1,MI,Some College,50k to 100k
70122433,202102,68,2,2,MD,High School,Under 50k
70122439,202102,52,1,2,TX,Some College,50k to 100k
70122442,202103,72,2,2,MN,College,Under 50k
70122448,202103,37,2,1,KS,College,Over 100k
70122452,202102,62,1,2,IA,Some College,Under 50k
70122459,202102,72,2,2,PA,Some College,Under 50k
70122460,202102,72,1,1,MN,Some College,50k to 100k
70122461,202102,39,1,1,GA,College,Under 50k
70122464,202102,28,1,1,WA,College,Over 100k
70122468,202102,71,2,1,CA,College,50k to 100k
70122481,202102,51,1,1,TN,College,Over 100k
70122482,202102,34,1,1,NY,College,Over 100k
70122485,202102,60,1,1,MS,College,Under 50k
70122489,202102,76,2,2,NH,Some College,Under 50k
70122498,202102,29,1,1,TX,High School,Under 50k
70122501,202106,31,2,1,TN,College,Over 100k
70122507,202102,20,2,2,CA,Some College,Under 50k
70122509,202103,36,1,1,UT,College,50k to 100k
70122511,202103,65,2,1,OH,College,50k to 100k
70122513,202102,36,1,1,ID,College,50k to 100k
70122516,202102,32,2,1,WI,Some College,Under 50k
70122517,202102,35,1,2,CT,College,Under 50k
70122524,202102,60,2,1,CA,Some College,Over 100k
70122527,202102,47,1,2,IL,High School,50k to 100k
70122529,202102,45,2,1,HI,College,Over 100k
70122539,202102,81,2,1,CA,High School,Under 50k
70122543,202102,27,1,1,TX,College,Over 100k
70122545,202102,37,1,1,GA,Some College,50k to 100k
70122546,202102,35,1,1,TN,College,50k to 100k
70122549,202102,21,1,2,MO,Some College,Under 50k
70122551,202102,94,1,2,FL,High School,50k to 100k
70122560,202103,24,1,2,MS,High School,Under 50k
70122567,202102,32,2,1,MA,College,Over 100k
70122571,202106,35,2,1,PA,College,Over 100k
70122574,202102,42,1,1,IL,Some College,50k to 100k
70122575,202102,53,1,1,GA,High School,50k to 100k
70122577,202102,65,1,2,LA,College,Under 50k
70122580,202102,60,1,1,LA,College,Over 100k
70122584,202102,36,1,2,MI,High School,Under 50k
70122586,202103,35,2,1,WA,College,Over 100k
70122590,202102,43,2,2,WA,College,Over 100k
70122593,202102,57,1,1,CO,Some College,50k to 100k
70122598,202102,65,1,1,IN,College,50k to 100k
70122608,202102,49,1,2,FL,Some College,Under 50k
70122610,202102,76,2,1,SC,College,Over 100k
70122612,202102,46,1,2,FL,Some College,50k to 100k
70122615,202102,62,1,1,IN,Some College,Under 50k
70122616,202102,32,1,2,NC,Some College,Under 50k
70122620,202102,74,2,1,TX,College,50k to 100k
70122621,202103,38,1,2,TX,College,Over 100k
70122622,202102,50,1,1,TX,College,Over 100k
70122627,202102,65,1,1,GA,College,50k to 100k
70122632,202102,70,1,2,IA,College,Under 50k
70122634,202102,42,2,2,FL,College,50k to 100k
70122640,202103,44,2,2,IN,High School,50k to 100k
70122642,202102,38,2,1,PA,College,Over 100k
70122644,202102,52,2,1,NY,College,Over 100k
70122656,202102,52,1,1,AL,College,Over 100k
70122660,202102,55,2,2,NC,College,50k to 100k
70122662,202102,78,2,1,CA,College,Over 100k
70122673,202102,27,1,2,TN,College,50k to 100k
70122674,202102,32,2,1,TX,High School,50k to 100k
70122676,202102,36,1,2,MN,Some College,Under 50k
70122677,202103,64,2,1,KY,College,Over 100k
70122683,202102,80,1,1,LA,Some College,50k to 100k
70122690,202103,62,2,1,AL,College,50k to 100k
70122691,202102,40,2,1,PA,Some College,50k to 100k
70122699,202102,27,1,2,WI,College,Over 100k
70122704,202103,69,2,2,AZ,Some College,Under 50k
70122705,202102,31,2,1,IL,College,Over 100k
70122706,202106,33,2,1,OH,College,Over 100k
70122707,202102,41,2,2,OH,Some College,Under 50k
70122708,202102,31,2,1,NE,College,Over 100k
70122709,202102,42,1,1,PA,College,Over 100k
70122710,202106,35,1,1,NY,College,Over 100k
70122716,202103,71,2,2,PA,College,Under 50k
70122717,202102,37,1,1,VA,College,50k to 100k
70122721,202102,35,2,2,WV,Some College,Under 50k
70122724,202102,61,1,2,GA,College,50k to 100k
70122727,202102,42,1,1,CA,College,Over 100k
70122728,202102,39,1,2,LA,College,50k to 100k
70122734,202102,47,1,2,CA,College,Under 50k
70122741,202102,28,1,1,CA,College,Over 100k
70122743,202102,59,2,2,OR,College,50k to 100k
70122748,202102,64,1,2,NC,Some College,Under 50k
70122750,202103,49,2,2,CA,College,Over 100k
70122751,202102,40,2,2,ME,High School,50k to 100k
70122752,202102,48,2,1,IL,College,Over 100k
70122762,202102,37,2,1,WA,College,50k to 100k
70122766,202102,41,1,1,IL,College,50k to 100k
70122772,202103,84,2,1,CA,Some College,Over 100k
70122777,202102,45,2,2,MS,College,Under 50k
70122781,202102,54,2,1,IL,High School,50k to 100k
70122782,202102,35,1,1,FL,College,50k to 100k
70122783,202102,43,2,1,TX,College,50k to 100k
70122793,202102,59,2,1,PA,College,Over 100k
70122795,202102,47,1,1,NY,Some College,Over 100k
70122803,202102,55,1,2,MI,College,Over 100k
70122805,202102,57,1,1,PA,High School,50k to 100k
70122806,202103,65,2,1,WA,College,50k to 100k
70122843,202102,34,2,1,AZ,College,50k to 100k
70122859,202102,27,2,2,DE,College,50k to 100k
70122860,202102,30,2,1,OR,College,Over 100k
70122864,202102,29,1,1,MS,College,Under 50k
70122892,202102,27,2,1,VA,College,50k to 100k
70122894,202102,56,1,2,PA,High School,Under 50k
70122898,202102,53,1,1,CA,High School,Under 50k
70122909,202102,65,1,2,CA,High School,Under 50k
70122913,202102,34,1,1,TX,High School,Under 50k
70122924,202102,43,2,2,TN,College,50k to 100k
70122939,202102,38,2,2,CA,College,Over 100k
70122979,202102,50,1,2,NJ,Some College,Under 50k
70122994,202102,39,1,2,PA,College,Under 50k
70123004,202103,66,2,2,NC,High School,Under 50k
70123005,202103,44,1,1,FL,College,Over 100k
70123008,202103,54,1,1,IN,Some College,50k to 100k
70123011,202104,74,1,2,MN,College,Under 50k
70123026,202103,49,1,2,FL,College,50k to 100k
70123028,202103,37,1,2,CA,College,Over 100k
70123031,202103,39,1,1,MO,Some College,Under 50k
70123032,202106,30,2,2,IL,College,50k to 100k
70123034,202103,73,1,2,OR,High School,Over 100k
70123036,202103,27,1,1,IN,College,50k to 100k
70123046,202103,34,2,1,NY,College,Over 100k
70123047,202103,63,2,1,NJ,College,Over 100k
70123051,202103,76,2,1,WA,Some College,50k to 100k
70123057,202103,41,2,1,MN,College,Over 100k
70123066,202103,40,2,1,CA,College,50k to 100k
70123069,202103,32,1,1,NE,Some College,Under 50k
70123072,202103,52,2,1,CA,College,Over 100k
70123073,202103,72,1,2,LA,High School,Under 50k
70123080,202103,48,2,1,MI,College,50k to 100k
70123082,202103,66,2,2,WI,Some College,Under 50k
70123083,202103,71,2,1,WI,College,50k to 100k
70123087,202103,58,1,1,FL,Some College,50k to 100k
70123092,202104,59,2,1,OK,Some College,50k to 100k
70123096,202103,76,2,2,MS,Some College,Under 50k
70123097,202106,67,2,1,NY,College,Over 100k
70123099,202104,44,1,1,VA,College,Over 100k
70123100,202103,53,2,1,LA,Some College,Under 50k
70123101,202103,73,2,1,PA,College,Over 100k
70123111,202103,57,2,1,CT,College,Over 100k
70123114,202104,53,2,2,SC,College,50k to 100k
70123115,202103,40,2,1,AK,College,Over 100k
70123120,202104,78,1,2,OR,High School,Under 50k
70123121,202103,41,2,1,MN,College,Over 100k
70123128,202104,36,1,1,CA,College,Over 100k
70123132,202103,77,2,1,CT,Some College,Under 50k
70123137,202103,66,1,1,IN,High School,50k to 100k
70123142,202103,52,2,2,CO,College,50k to 100k
70123143,202104,34,2,1,PA,College,Over 100k
70123144,202104,62,2,1,LA,Some College,Over 100k
70123147,202103,34,2,1,TX,College,Over 100k
70123148,202104,45,1,1,CA,High School,50k to 100k
70123152,202106,45,2,2,FL,College,50k to 100k
70123154,202106,39,1,1,IN,College,Over 100k
70123157,202103,38,1,1,NH,College,Over 100k
70123159,202103,47,2,1,CT,College,Over 100k
70123160,202103,69,2,2,TX,College,Under 50k
70123162,202103,35,2,1,OK,College,50k to 100k
70123164,202103,52,2,1,FL,High School,Under 50k
70123165,202104,79,2,1,FL,Some College,50k to 100k
70123166,202103,29,1,1,IL,College,Over 100k
70123167,202103,72,1,2,CA,College,Over 100k
70123171,202103,28,1,1,TX,College,50k to 100k
70123174,202103,48,1,1,WI,College,Over 100k
70123182,202104,49,2,1,FL,Some College,Over 100k
70123186,202103,32,1,1,DC,College,Over 100k
70123193,202103,66,1,1,GA,Some College,Under 50k
70123196,202104,60,1,2,MI,College,50k to 100k
70123206,202103,65,2,1,GA,High School,50k to 100k
70123210,202103,58,2,1,CA,College,Over 100k
70123212,202104,43,2,1,FL,College,Over 100k
70123215,202103,38,1,1,CA,College,Over 100k
70123221,202103,35,2,1,PA,College,Over 100k
70123222,202103,40,2,1,TX,Some College,Over 100k
70123223,202103,52,1,2,OH,College,Under 50k
70123236,202103,59,2,1,TN,College,Over 100k
70123237,202103,42,2,1,AK,College,Over 100k
70123246,202103,37,2,2,CA,College,50k to 100k
70123249,202103,43,2,1,TN,Some College,Over 100k
70123251,202103,71,1,2,ID,College,Under 50k
70123260,202103,72,1,2,LA,Some College,Under 50k
70123269,202103,58,2,2,NY,Some College,Under 50k
70123287,202106,52,2,2,NJ,High School,Over 100k
70123291,202104,65,2,2,KS,College,50k to 100k
70123298,202103,70,1,2,MI,College,50k to 100k
70123300,202103,42,2,1,MD,College,Over 100k
70123301,202103,85,2,1,AZ,College,50k to 100k
70123302,202103,33,1,1,WA,Some College,50k to 100k
70123303,202103,55,1,2,GA,Some College,Under 50k
70123307,202103,83,1,2,CA,College,Under 50k
70123311,202103,54,2,1,CT,College,50k to 100k
70123315,202103,65,2,1,FL,College,Over 100k
70123317,202103,35,1,1,NC,College,Over 100k
70123318,202103,46,1,1,NV,High School,50k to 100k
70123320,202103,52,1,2,PA,College,50k to 100k
70123322,202103,31,2,2,FL,High School,Under 50k
70123338,202103,51,2,1,PA,College,Over 100k
70123355,202103,51,2,1,TX,Some College,Under 50k
70123357,202103,44,2,1,NC,College,Over 100k
70123364,202103,28,1,2,GA,High School,Under 50k
70123367,202103,74,2,2,WA,Some College,50k to 100k
70123369,202103,46,1,2,GA,College,50k to 100k
70123370,202103,26,2,1,SD,Some College,50k to 100k
70123373,202104,73,2,1,NE,College,Over 100k
70123376,202103,41,2,2,MN,College,Under 50k
70123377,202103,28,2,2,WI,College,Under 50k
70123385,202103,49,2,1,IL,Some College,Over 100k
70123386,202103,70,2,1,NC,College,50k to 100k
70123387,202103,37,1,1,MI,Some College,50k to 100k
70123390,202103,32,1,1,LA,College,50k to 100k
70123396,202103,59,1,2,FL,College,50k to 100k
70123397,202103,39,2,1,OR,College,Over 100k
70123403,202103,30,1,1,MN,College,Over 100k
70123410,202104,75,1,2,ID,Some College,Under 50k
70123412,202103,44,1,2,IL,College,50k to 100k
70123413,202103,70,2,2,NE,College,Over 100k
70123414,202103,58,1,1,SC,College,50k to 100k
70123422,202103,33,2,1,OH,Some College,Under 50k
70123423,202103,47,1,1,IN,Some College,Over 100k
70123426,202103,28,1,1,LA,High School,Under 50k
70123430,202103,61,1,1,CT,College,Over 100k
70123442,202103,29,2,2,OR,College,50k to 100k
70123444,202103,37,1,1,KS,High School,Under 50k
70123446,202103,75,1,1,VA,College,Over 100k
70123448,202103,59,1,1,CA,Some College,50k to 100k
70123450,202103,43,2,1,CA,College,Over 100k
70123454,202103,48,1,2,VA,Some College,Under 50k
70123457,202103,32,1,1,OK,Some College,Under 50k
70123459,202103,53,1,1,NY,High School,Under 50k
70123462,202103,34,2,1,UT,Some College,Over 100k
70123466,202103,40,1,2,SC,College,50k to 100k
70123467,202103,29,2,1,OH,College,Over 100k
70123471,202103,57,2,2,CO,College,Under 50k
70123472,202103,55,2,1,WA,High School,Under 50k
70123479,202103,43,2,1,ID,College,Over 100k
70123485,202104,90,1,2,NJ,College,50k to 100k
70123486,202103,35,2,1,CA,College,Under 50k
70123501,202103,59,1,2,PA,High School,Under 50k
70123508,202103,52,2,1,AL,College,Over 100k
70123510,202103,30,2,2,WA,College,Over 100k
70123520,202103,38,1,1,CA,College,Over 100k
70123522,202103,25,2,1,AR,College,Under 50k
70123525,202106,59,2,2,OH,High School,Under 50k
70123534,202103,55,2,1,SC,High School,Under 50k
70123537,202103,29,1,1,LA,College,Under 50k
70123545,202103,27,2,2,MD,College,Under 50k
70123546,202106,55,1,1,MO,Some College,50k to 100k
70123551,202106,25,1,2,PA,College,Under 50k
70123553,202103,66,2,2,MO,College,Under 50k
70123576,202103,69,1,2,IL,College,Under 50k
70123583,202103,41,2,2,SD,College,Under 50k
70123596,202106,33,1,1,OR,High School,Under 50k
70123608,202103,26,2,2,NY,College,Over 100k
70123633,202103,60,2,1,TX,Some College,50k to 100k
70123634,202106,38,1,2,MA,College,Under 50k
70123644,202103,39,2,1,TN,College,Under 50k
70123645,202103,61,2,2,CA,High School,Under 50k
70123649,202103,32,1,2,KS,College,50k to 100k
70123655,202106,27,1,1,IL,College,Over 100k
70123657,202103,32,2,1,GA,Some College,Under 50k
70123664,202103,50,1,2,OK,Some College,Under 50k
70123667,202106,53,1,1,TN,College,50k to 100k
70123678,202103,53,2,1,TX,Some College,Over 100k
70123679,202103,68,2,2,CO,College,Under 50k
70123683,202103,27,1,1,MA,College,50k to 100k
70123691,202103,31,1,2,WA,High School,Under 50k
70123702,202103,24,1,1,CO,College,50k to 100k
70123716,202103,74,1,2,PA,College,50k to 100k
70123736,202103,75,1,2,CA,High School,Under 50k
70123738,202103,41,2,1,MI,Some College,Over 100k
70123750,202106,29,1,1,OR,College,Under 50k
70124142,202105,61,1,1,OH,Some College,50k to 100k
70124144,202105,57,1,2,WI,College,Over 100k
70124150,202104,39,2,1,VA,College,Over 100k
70124151,202105,77,2,1,VA,Some College,Under 50k
70124155,202104,67,2,2,CO,Some College,Under 50k
70124165,202104,50,1,1,NY,High School,Under 50k
70124172,202104,26,2,1,MS,College,50k to 100k
70124183,202106,61,1,1,MD,College,50k to 100k
70124188,202106,61,2,1,NY,High School,Over 100k
70124193,202104,60,2,2,MA,College,Over 100k
70124194,202104,27,1,1,MI,College,Over 100k
70124195,202106,51,1,1,NC,College,Over 100k
70124208,202104,47,2,1,TX,Some College,50k to 100k
70124213,202105,62,1,1,PA,College,Over 100k
70124214,202105,79,1,2,OH,High School,Under 50k
70124215,202106,45,1,1,IN,College,Over 100k
70124218,202105,60,2,1,WA,Some College,Over 100k
70124220,202105,33,1,1,GA,Some College,50k to 100k
70124222,202104,34,1,2,OH,College,Under 50k
70124223,202104,29,2,2,PA,College,50k to 100k
70124224,202104,29,2,1,MO,College,Over 100k
70124228,202105,56,2,2,IN,High School,Under 50k
70124231,202106,59,2,1,NJ,College,50k to 100k
70124238,202104,45,1,2,SC,High School,Under 50k
70124241,202104,53,1,2,GA,Some College,Under 50k
70124243,202104,44,2,1,NJ,High School,50k to 100k
70124244,202104,30,1,1,VA,College,Over 100k
70124246,202104,31,1,2,FL,College,50k to 100k
70124251,202104,25,1,1,AR,Some College,Over 100k
70124253,202104,50,2,2,IN,College,50k to 100k
70124254,202104,73,1,1,WA,High School,Over 100k
70124259,202104,41,2,2,OK,Some College,50k to 100k
70124261,202105,30,1,1,MI,College,Over 100k
70124265,202104,43,1,1,CT,College,Over 100k
70124269,202105,37,1,2,MO,High School,Over 100k
70124277,202104,22,2,2,TX,College,50k to 100k
70124281,202104,67,2,2,PA,Some College,Under 50k
70124297,202104,47,2,2,MO,Some College,50k to 100k
70124298,202104,34,1,1,IL,College,50k to 100k
70124301,202105,43,2,1,SC,College,Over 100k
70124303,202106,70,1,2,FL,College,Under 50k
70124310,202104,25,1,1,IA,College,Under 50k
70124312,202105,53,1,2,NJ,College,Over 100k
70124313,202106,83,1,2,TN,Some College,Under 50k
70124318,202104,72,2,1,ND,College,Under 50k
70124319,202105,48,2,1,CA,College,Over 100k
70124320,202104,33,1,1,MO,College,Over 100k
70124327,202104,49,2,1,TX,College,50k to 100k
70124329,202104,41,1,1,UT,College,Over 100k
70124334,202104,66,1,1,TX,Some College,50k to 100k
70124342,202104,55,2,2,VT,College,50k to 100k
70124344,202104,75,2,1,SC,Some College,Under 50k
70124350,202104,69,1,1,NJ,Some College,Over 100k
70124367,202104,48,2,1,IL,College,Over 100k
70124370,202106,54,1,1,WI,College,Over 100k
70124374,202104,46,2,2,DE,College,50k to 100k
70124380,202104,55,2,2,TX,College,Under 50k
70124384,202104,66,1,1,TX,College,50k to 100k
70124387,202104,76,2,1,IA,Some College,50k to 100k
70124388,202104,70,1,1,TN,High School,Under 50k
70124395,202106,58,1,2,NC,Some College,50k to 100k
70124398,202106,65,2,2,FL,College,50k to 100k
70124403,202104,64,1,1,FL,College,Under 50k
70124409,202105,44,2,1,IL,Some College,Over 100k
70124411,202105,71,1,2,NC,College,Under 50k
70124417,202104,42,1,2,IL,Some College,Under 50k
70124420,202105,53,1,2,WV,College,Under 50k
70124424,202104,42,2,1,CA,College,50k to 100k
70124429,202105,79,2,2,AZ,College,50k to 100k
70124430,202104,53,2,1,IN,College,50k to 100k
70124435,202104,25,2,2,KY,College,50k to 100k
70124441,202104,44,2,2,VT,High School,Under 50k
70124442,202106,60,2,1,MA,College,Over 100k
70124445,202105,40,1,1,TX,College,Over 100k
70124446,202104,29,1,1,UT,Some College,50k to 100k
70124455,202105,48,1,1,DC,College,Over 100k
70124457,202104,46,1,2,NM,High School,Under 50k
70124458,202104,45,2,1,OR,High School,Over 100k
70124466,202104,56,1,1,IL,College,Over 100k
70124481,202105,67,2,1,FL,College,50k to 100k
70124483,202104,26,1,1,TX,College,Over 100k
70124485,202104,65,1,1,NJ,College,50k to 100k
70124491,202104,36,2,1,NY,College,Over 100k
70124497,202106,34,1,1,MO,College,Over 100k
70124504,202104,63,2,1,NC,College,Over 100k
70124506,202105,62,2,1,GA,College,Over 100k
70124515,202104,58,2,2,MO,High School,Under 50k
70124517,202104,36,2,2,SC,Some College,Over 100k
70124518,202104,39,2,1,CA,College,Over 100k
70124519,202105,66,1,2,FL,College,Under 50k
70124522,202104,39,1,1,IL,College,50k to 100k
70124528,202104,65,1,2,OH,Some College,Under 50k
70124532,202106,49,2,1,WI,Some College,Over 100k
70124538,202104,41,1,1,MA,College,Over 100k
70124543,202104,45,1,1,FL,College,Over 100k
70124546,202105,44,2,1,FL,College,50k to 100k
70124548,202105,55,2,1,PA,College,Over 100k
70124549,202104,54,2,1,KS,College,Over 100k
70124552,202104,33,2,1,AL,College,50k to 100k
70124553,202105,24,1,1,CT,Some College,Over 100k
70124560,202104,50,1,1,FL,Some College,50k to 100k
70124565,202104,39,2,1,NC,College,Over 100k
70124571,202104,58,1,2,TX,Some College,Under 50k
70124574,202104,60,1,2,VT,Some College,Under 50k
70124592,202104,27,1,1,TX,Some College,Under 50k
70124599,202104,49,2,2,CT,High School,Under 50k
70124605,202104,58,1,1,NY,College,Over 100k
70124608,202104,73,1,2,PA,High School,Under 50k
70124613,202104,64,1,1,FL,College,Under 50k
70124615,202104,31,1,1,PA,High School,50k to 100k
70124618,202105,79,2,1,MD,College,Under 50k
70124625,202104,52,1,1,TX,High School,50k to 100k
70124627,202104,75,2,1,VA,College,Over 100k
70124629,202104,68,2,1,FL,College,50k to 100k
70124631,202104,83,1,2,WV,High School,Under 50k
70124637,202104,69,1,2,NY,Some College,Under 50k
70124643,202104,50,1,1,MI,Some College,50k to 100k
70124646,202104,26,1,1,MI,Some College,50k to 100k
70124647,202106,31,2,1,NC,Some College,50k to 100k
70124649,202104,45,1,1,MI,College,Over 100k
70124656,202106,61,1,1,TX,Some College,50k to 100k
70124660,202104,31,1,2,IN,College,Under 50k
70124664,202104,62,1,2,CA,Some College,Under 50k
70124665,202105,57,1,1,NJ,College,Over 100k
70124670,202106,52,2,2,IL,College,50k to 100k
70124674,202104,33,2,1,KS,College,Over 100k
70124680,202104,54,1,1,PA,College,Over 100k
70124682,202104,41,2,1,PA,College,Over 100k
70124684,202104,61,2,1,IN,College,50k to 100k
70124685,202104,46,1,2,CA,College,50k to 100k
70124688,202105,38,1,2,SC,College,Under 50k
70124689,202105,70,2,2,MO,Some College,Under 50k
70124694,202104,27,2,1,SD,College,50k to 100k
70124697,202104,52,2,1,TX,College,Over 100k
70124698,202104,38,1,1,MO,College,50k to 100k
70124701,202104,47,1,2,TX,College,Over 100k
70124702,202104,65,2,1,MI,Some College,Over 100k
70124703,202104,45,2,2,NY,College,Over 100k
70124715,202106,75,1,2,AZ,College,Under 50k
70124716,202104,43,1,1,NY,College,Over 100k
70124731,202104,65,1,2,MT,Some College,Under 50k
70124743,202104,42,1,1,NM,Some College,Under 50k
70124751,202104,25,1,2,OH,College,50k to 100k
70124759,202106,44,1,1,MD,College,50k to 100k
70124776,202104,34,1,2,PA,High School,Under 50k
70124777,202104,39,1,1,CA,College,Over 100k
70124780,202104,60,1,2,CA,Some College,Under 50k
70124800,202104,27,2,1,ID,College,Over 100k
70124807,202104,64,1,2,CA,College,Under 50k
70124818,202104,56,2,2,IL,Some College,50k to 100k
70124833,202106,44,1,2,OH,Some College,Under 50k
70124841,202104,29,2,2,UT,Some College,Under 50k
70124850,202104,28,1,1,NC,High School,Under 50k
70124854,202104,24,2,2,VA,College,50k to 100k
70124856,202106,45,2,2,CO,High School,50k to 100k
70124859,202104,49,1,1,PA,High School,50k to 100k
70124875,202104,44,1,1,OK,Some College,Under 50k
70124880,202106,69,2,1,OH,Some College,Under 50k
70124882,202104,42,1,1,NY,College,Over 100k
70124886,202104,37,1,2,FL,College,Over 100k
70124888,202106,55,2,1,NY,Some College,50k to 100k
70124898,202104,44,2,1,KY,Some College,Under 50k
70124900,202104,35,1,1,CA,College,Over 100k
70124907,202104,32,2,1,CA,Some College,Over 100k
70124915,202106,66,2,1,NH,College,Under 50k
70124932,202104,51,2,1,CT,College,50k to 100k
70124948,202106,21,1,2,IL,Some College,Under 50k
70124957,202104,43,1,2,OH,Some College,Under 50k
70124959,202104,39,1,1,RI,High School,Under 50k
70124961,202104,55,1,1,WV,High School,Under 50k
70124971,202104,59,2,1,PA,High School,Over 100k
70124978,202104,36,2,1,IN,College,Over 100k
70124986,202104,27,1,2,WI,College,Under 50k
70124991,202104,30,2,1,OR,Some College,Over 100k
70125272,202105,43,1,2,VA,Some College,50k to 100k
70125275,202105,33,2,1,CO,College,Over 100k
70125276,202105,70,2,2,NC,College,Under 50k
70125279,202105,56,1,2,TX,College,Under 50k
70125281,202105,54,1,1,NJ,College,Over 100k
70125285,202105,23,1,2,MN,College,50k to 100k
70125303,202106,36,2,2,SD,High School,Under 50k
70125307,202106,73,2,2,OR,College,50k to 100k
70125310,202105,56,1,2,LA,College,Under 50k
70125315,202106,48,1,1,MO,College,Over 100k
70125316,202105,29,1,2,TX,High School,50k to 100k
70125324,202106,57,2,2,OK,College,50k to 100k
70125336,202105,70,1,2,NY,High School,Under 50k
70125340,202105,43,2,1,OH,Some College,50k to 100k
70125344,202105,65,1,2,DC,College,Under 50k
70125350,202105,59,2,1,OK,College,50k to 100k
70125358,202105,45,1,2,NJ,College,50k to 100k
70125366,202105,42,2,1,CA,College,Over 100k
70125368,202105,32,1,2,SC,College,50k to 100k
70125369,202105,28,1,1,OR,Some College,50k to 100k
70125370,202105,51,1,1,PA,College,50k to 100k
70125371,202105,36,1,1,PA,College,Under 50k
70125376,202105,70,2,2,IL,College,Under 50k
70125377,202106,30,2,1,MI,College,50k to 100k
70125384,202105,62,1,1,OH,College,Under 50k
70125385,202105,72,2,1,CA,Some College,Over 100k
70125391,202106,77,2,1,AL,College,Over 100k
70125407,202105,34,1,1,MO,College,Over 100k
70125409,202105,27,2,1,AL,Some College,Over 100k
70125411,202105,29,1,1,KY,College,50k to 100k
70125412,202106,44,1,2,TX,Some College,Under 50k
70125415,202105,45,1,2,NC,College,Under 50k
70125423,202106,72,2,1,WI,Some College,Under 50k
70125430,202105,42,2,1,WI,Some College,Over 100k
70125434,202105,28,2,2,PA,College,50k to 100k
70125438,202105,32,1,2,NY,College,Over 100k
70125439,202105,50,2,2,OH,Some College,Under 50k
70125440,202106,65,1,1,TX,Some College,Under 50k
70125441,202105,70,2,2,MI,Some College,Under 50k
70125454,202106,37,1,1,PA,College,50k to 100k
70125456,202106,39,2,1,SC,Some College,50k to 100k
70125457,202106,48,2,1,AL,College,50k to 100k
70125460,202105,25,1,2,PA,College,Under 50k
70125474,202106,31,1,2,NE,College,Over 100k
70125481,202105,66,1,2,TX,Some College,Under 50k
70125487,202105,67,2,1,AZ,High School,Under 50k
70125490,202105,62,1,2,KY,College,Under 50k
70125493,202105,28,2,2,TX,High School,Under 50k
70125495,202105,38,1,1,NY,College,50k to 100k
70125496,202105,38,1,2,CA,College,Over 100k
70125499,202105,25,1,1,OH,College,50k to 100k
70125500,202105,57,2,1,VA,College,Over 100k
70125502,202106,43,2,1,IL,College,Over 100k
70125504,202105,49,2,2,TN,College,Under 50k
70125510,202105,59,1,1,MD,Some College,Over 100k
70125513,202105,30,1,1,MO,College,50k to 100k
70125515,202105,27,1,1,CT,College,50k to 100k
70125516,202105,58,1,1,TX,Some College,50k to 100k
70125524,202105,61,2,2,TX,College,50k to 100k
70125528,202106,65,1,2,ID,Some College,Under 50k
70125531,202105,67,1,2,MA,College,50k to 100k
70125535,202105,65,2,1,WI,High School,Under 50k
70125547,202105,51,2,1,NV,College,50k to 100k
70125548,202105,61,1,1,ME,High School,Under 50k
70125550,202106,49,2,2,NC,College,50k to 100k
70125558,202105,66,2,1,IL,College,Over 100k
70125559,202105,77,2,2,PA,College,50k to 100k
70125562,202105,44,1,2,CA,College,50k to 100k
70125566,202105,49,2,1,KS,College,50k to 100k
70125574,202105,55,1,1,OH,High School,Under 50k
70125579,202105,64,2,1,TN,College,Over 100k
70125585,202105,46,1,1,TX,College,Over 100k
70125586,202106,46,1,1,TX,College,50k to 100k
70125592,202105,60,2,2,PA,Some College,50k to 100k
70125598,202105,35,1,1,DE,Some College,Over 100k
70125604,202105,61,2,1,OR,College,Over 100k
70125608,202105,25,1,1,TX,College,50k to 100k
70125613,202105,74,2,1,IA,College,Over 100k
70125615,202105,79,1,2,CT,Some College,Under 50k
70125616,202105,44,1,1,CA,Some College,Over 100k
70125617,202106,56,2,1,TX,College,50k to 100k
70125621,202105,57,1,1,KY,College,50k to 100k
70125623,202105,33,2,1,NY,College,Over 100k
70125625,202105,32,2,1,FL,Some College,Under 50k
70125627,202105,46,1,2,GA,College,Under 50k
70125628,202105,73,1,2,VA,College,Under 50k
70125632,202105,54,2,1,UT,Some College,Under 50k
70125636,202105,50,2,2,CA,College,50k to 100k
70125637,202105,46,1,2,NY,Some College,Under 50k
70125639,202105,47,1,1,NY,College,Over 100k
70125650,202106,40,1,1,KS,College,Over 100k
70125653,202105,51,2,2,MA,College,50k to 100k
70125655,202105,43,1,1,FL,Some College,50k to 100k
70125656,202106,57,2,1,NJ,College,Over 100k
70125657,202106,56,1,2,DE,High School,Under 50k
70125660,202105,39,1,2,NC,College,Under 50k
70125673,202105,73,2,1,AK,Some College,Over 100k
70125675,202106,42,2,1,PA,Some College,50k to 100k
70125679,202105,18,1,2,PA,High School,Under 50k
70125680,202105,28,1,1,SC,High School,50k to 100k
70125684,202106,38,2,1,SC,College,Over 100k
70125687,202106,61,1,1,TX,Some College,50k to 100k
70125693,202105,30,2,2,ME,Some College,50k to 100k
70125697,202105,34,2,1,MI,College,50k to 100k
70125699,202105,70,1,2,MO,Some College,Under 50k
70125706,202105,28,2,1,TX,College,Over 100k
70125707,202105,52,2,1,NY,College,Over 100k
70125710,202106,73,2,2,CT,High School,Under 50k
70125711,202105,63,1,2,NY,Some College,Under 50k
70125715,202106,49,1,1,WA,College,50k to 100k
70125718,202105,35,2,1,TX,College,Over 100k
70125720,202106,82,2,2,CA,Some College,Under 50k
70125728,202105,26,1,1,PA,College,Over 100k
70125729,202105,44,1,2,DC,High School,Under 50k
70125735,202106,51,2,1,VA,Some College,Over 100k
70125736,202105,77,1,1,ME,College,50k to 100k
70125740,202105,26,1,1,MN,College,50k to 100k
70125745,202105,56,2,1,TX,Some College,Over 100k
70125748,202105,44,2,2,AZ,College,50k to 100k
70125754,202105,39,2,1,KY,College,Over 100k
70125755,202105,52,2,2,OH,College,50k to 100k
70125760,202106,60,1,1,OH,Some College,50k to 100k
70125765,202106,58,1,2,NY,College,Under 50k
70125766,202105,33,2,1,MT,Some College,Over 100k
70125767,202105,54,2,1,MD,Some College,Over 100k
70125769,202105,32,1,1,WI,College,50k to 100k
70125770,202105,25,1,1,MO,College,Over 100k
70125793,202105,73,2,1,CA,Some College,50k to 100k
70125796,202105,78,2,1,KY,High School,Under 50k
70125808,202105,38,1,1,MN,Some College,50k to 100k
70125812,202105,50,2,2,IL,College,Under 50k
70125814,202105,54,2,1,OH,College,Over 100k
70125816,202105,37,2,1,MD,College,Over 100k
70125828,202105,55,1,2,TX,Some College,Under 50k
70125833,202105,49,1,1,NE,College,Over 100k
70125836,202105,39,2,1,TX,College,Over 100k
70125838,202105,70,1,2,TX,College,Under 50k
70125843,202105,69,1,2,FL,Some College,Under 50k
70125846,202105,45,1,1,CO,Some College,Over 100k
70125848,202106,52,1,2,OH,College,Under 50k
70125849,202105,43,1,2,OH,College,50k to 100k
70125853,202106,68,1,2,CA,Some College,Under 50k
70125862,202106,65,1,1,OH,Some College,50k to 100k
70125869,202105,62,2,1,GA,Some College,Under 50k
70125870,202106,48,2,1,TX,College,Under 50k
70125878,202105,50,2,1,VA,High School,Under 50k
70125881,202105,48,1,1,MI,Some College,50k to 100k
70125888,202105,74,2,1,CA,College,50k to 100k
70125889,202105,77,2,2,FL,Some College,Under 50k
70125890,202105,69,1,2,CT,College,50k to 100k
70125896,202105,56,2,1,MN,College,Under 50k
70125897,202106,35,1,1,OR,College,Over 100k
70125901,202105,66,1,1,MN,Some College,Under 50k
70125906,202106,66,2,2,LA,Some College,Under 50k
70125907,202105,68,1,2,CA,Some College,Under 50k
70125911,202106,66,1,1,IL,College,Over 100k
70125913,202106,59,1,2,FL,College,50k to 100k
70125917,202106,48,2,2,OH,Some College,Under 50k
70125919,202106,39,1,2,MI,College,Under 50k
70125921,202106,37,2,2,UT,Some College,50k to 100k
70125925,202106,59,2,1,AZ,High School,Over 100k
70125945,202106,40,1,1,GA,College,Over 100k
70125949,202106,28,1,1,IL,Some College,Over 100k
70125959,202106,27,1,1,IL,College,Over 100k
70125961,202106,29,2,2,MI,Some College,50k to 100k
70125963,202106,57,2,2,CA,High School,Under 50k
70125994,202106,62,2,1,NY,College,50k to 100k
70125998,202106,38,2,1,PA,High School,50k to 100k
70125999,202106,69,1,2,CA,Some College,Under 50k
70126009,202106,29,2,1,CA,College,Over 100k
70126018,202106,71,1,1,NC,Some College,Under 50k
70126046,202106,61,1,2,MD,College,50k to 100k
75000001,202107,63,2,2,NY,Some College,Under 50k
75000003,202107,37,1,1,WI,Some College,Over 100k
75000007,202107,68,2,2,MN,Some College,50k to 100k
75000008,202107,68,2,1,MN,College,50k to 100k
75000012,202106,80,1,2,CA,College,Under 50k
75000017,202106,57,1,1,NY,High School,Over 100k
75000018,202106,39,2,1,IL,College,Over 100k
75000021,202107,54,1,1,IL,College,Over 100k
75000022,202106,38,2,1,TN,Some College,50k to 100k
75000024,202106,35,1,2,TN,High School,Under 50k
75000026,202107,52,1,1,TN,College,Over 100k
75000027,202107,70,2,1,TN,College,Over 100k
75000028,202106,56,1,1,OH,Some College,Over 100k
75000030,202107,67,2,1,CO,College,50k to 100k
75000031,202106,55,2,1,PA,College,Over 100k
75000033,202107,60,1,1,MT,College,Over 100k
75000034,202106,37,2,1,OH,College,50k to 100k
75000039,202106,34,1,2,FL,Some College,Under 50k
75000044,202107,35,2,1,PA,College,Over 100k
75000045,202106,70,1,1,PA,Some College,50k to 100k
75000047,202107,62,1,2,NV,College,50k to 100k
75000055,202106,55,2,1,FL,College,Over 100k
75000057,202107,83,2,2,MO,High School,50k to 100k
75000064,202106,58,1,1,FL,College,Under 50k
75000065,202106,39,2,1,FL,Some College,50k to 100k
75000066,202107,67,2,1,UT,College,50k to 100k
75000067,202106,50,2,2,MI,College,50k to 100k
75000075,202107,45,2,1,NM,College,Over 100k
75000076,202106,74,2,1,NM,Some College,50k to 100k
75000080,202107,53,2,1,FL,College,50k to 100k
75000081,202106,61,1,1,MA,College,Over 100k
75000083,202106,44,1,1,ID,Some College,50k to 100k
75000087,202106,65,2,1,ME,College,Over 100k
75000089,202107,36,2,2,SC,College,50k to 100k
75000090,202107,67,2,2,IL,College,Under 50k
75000091,202106,58,2,1,TX,College,50k to 100k
75000093,202107,49,1,2,MO,College,50k to 100k
75000110,202106,59,1,2,GA,Some College,50k to 100k
75000113,202106,57,1,1,NM,Some College,50k to 100k
75000117,202106,58,1,1,MO,College,Over 100k
75000124,202107,36,2,1,KY,High School,Under 50k
75000125,202107,62,1,2,IL,College,50k to 100k
75000127,202107,64,2,1,CA,Some College,Over 100k
75000128,202106,57,1,1,CA,Some College,Over 100k
75000129,202107,55,2,1,NC,Some College,50k to 100k
75000132,202106,26,1,2,MO,High School,Under 50k
75000140,202106,55,1,2,CA,College,Under 50k
75000141,202107,63,1,2,OH,College,50k to 100k
75000142,202106,41,1,2,OH,Some College,Under 50k
75000143,202106,24,2,1,PA,College,Under 50k
75000146,202106,35,1,1,MO,Some College,50k to 100k
75000148,202106,69,1,2,OR,High School,Under 50k
75000149,202109,78,2,1,VA,College,50k to 100k
75000152,202106,43,2,2,WA,College,50k to 100k
75000155,202107,43,2,2,LA,College,Over 100k
75000160,202106,47,2,1,NY,College,Over 100k
75000161,202106,54,2,1,MO,College,Under 50k
75000165,202107,67,1,1,KS,College,50k to 100k
75000166,202107,39,2,1,UT,College,Over 100k
75000168,202106,27,2,2,NY,College,Over 100k
75000169,202107,73,2,1,AZ,College,Under 50k
75000171,202106,49,1,1,GA,College,50k to 100k
75000181,202106,67,1,1,FL,Some College,Under 50k
75000182,202106,53,2,1,FL,College,Under 50k
75000185,202106,29,1,2,NY,High School,Under 50k
75000200,202107,55,1,2,AZ,College,Over 100k
75000202,202106,65,2,1,MO,Some College,Under 50k
75000206,202106,69,1,2,MO,College,50k to 100k
75000207,202107,66,2,1,IN,College,Under 50k
75000209,202106,32,2,1,MO,College,Over 100k
75000216,202107,44,2,1,OH,Some College,Over 100k
75000217,202106,57,2,1,NC,High School,50k to 100k
75000218,202107,64,2,1,NC,College,Over 100k
75000220,202106,73,2,2,AZ,High School,50k to 100k
75000222,202107,90,2,2,MA,Some College,50k to 100k
75000224,202106,34,2,1,MI,College,Over 100k
75000225,202106,40,2,1,MD,College,Over 100k
75000229,202106,67,2,1,AL,Some College,50k to 100k
75000231,202106,63,1,2,NY,College,Under 50k
75000233,202106,25,2,2,TN,College,50k to 100k
75000235,202106,90,2,1,CA,Some College,50k to 100k
75000236,202106,28,2,1,KY,College,50k to 100k
75000239,202107,57,2,1,MI,College,Over 100k
75000242,202106,74,1,1,LA,College,Under 50k
75000243,202107,43,2,1,KY,High School,50k to 100k
75000244,202107,66,1,2,IN,High School,Under 50k
75000245,202107,59,2,1,OH,Some College,Under 50k
75000246,202106,35,2,1,IN,High School,Under 50k
75000251,202107,46,1,1,IN,Some College,Over 100k
75000257,202106,44,1,1,NC,College,Over 100k
75000259,202106,26,1,1,NY,Some College,50k to 100k
75000260,202106,73,2,1,CA,Some College,Under 50k
75000264,202107,50,1,2,OH,College,Over 100k
75000272,202107,40,1,1,PA,College,Over 100k
75000273,202106,30,2,1,NY,College,Over 100k
75000279,202106,62,2,1,IN,Some College,50k to 100k
75000282,202107,74,2,1,OR,College,Over 100k
75000286,202106,27,1,2,OH,College,50k to 100k
75000289,202106,71,1,1,PA,High School,50k to 100k
75000291,202107,72,2,1,TX,College,Over 100k
75000292,202106,34,2,1,FL,College,Over 100k
75000293,202107,47,1,1,AZ,Some College,Under 50k
75000295,202106,56,1,2,CO,College,Under 50k
75000298,202107,26,1,2,NJ,College,50k to 100k
75000300,202107,69,2,1,AR,High School,Under 50k
75000306,202106,37,2,1,AR,College,Over 100k
75000307,202106,28,2,1,NY,College,Over 100k
75000311,202107,47,1,1,MO,College,Over 100k
75000315,202106,28,1,2,TX,Some College,Under 50k
75000318,202107,49,1,1,WA,Some College,Over 100k
75000321,202106,67,1,1,OR,College,50k to 100k
75000324,202106,63,1,2,MA,High School,Under 50k
75000325,202106,60,2,1,TX,Some College,Over 100k
75000326,202107,37,1,1,DE,College,Over 100k
75000328,202106,45,2,1,FL,Some College,Over 100k
75000331,202106,75,1,2,OH,Some College,Under 50k
75000338,202107,63,1,2,VA,College,50k to 100k
75000339,202107,44,2,1,VA,College,50k to 100k
75000343,202107,65,2,1,PA,High School,Under 50k
75000344,202107,27,1,1,PA,College,Over 100k
75000345,202107,34,2,1,NJ,College,Over 100k
75000346,202107,65,2,2,MI,College,Over 100k
75000352,202107,26,2,2,IL,College,Under 50k
75000353,202107,31,1,2,MD,College,50k to 100k
75000355,202107,57,1,2,PA,High School,Under 50k
75000357,202107,57,2,2,TX,Some College,Under 50k
75000359,202107,31,2,2,CA,College,50k to 100k
75000360,202107,36,2,2,AZ,Some College,50k to 100k
75000362,202107,53,2,1,NC,Some College,50k to 100k
75000367,202107,58,1,1,TX,College,50k to 100k
75000373,202107,44,2,2,MA,College,50k to 100k
75000375,202107,34,1,2,MI,High School,Under 50k
75000377,202107,45,1,1,GA,College,50k to 100k
75000384,202107,48,2,1,WV,High School,50k to 100k
75000387,202107,48,1,1,AL,High School,Under 50k
75000392,202108,69,2,1,MO,Some College,Under 50k
75000399,202107,18,2,2,KY,High School,Over 100k
75000400,202107,34,1,2,CA,College,Over 100k
75000401,202107,78,2,1,LA,College,Over 100k
75000411,202108,72,2,1,VA,College,Over 100k
75000414,202107,39,2,2,WI,College,50k to 100k
75000417,202107,59,1,2,FL,High School,Under 50k
75000420,202107,31,2,1,IL,College,Over 100k
75000422,202107,59,2,1,NE,Some College,Over 100k
75000423,202107,54,2,1,NE,Some College,Over 100k
75000425,202107,34,2,2,TN,Some College,Under 50k
75000430,202107,80,1,1,VA,High School,50k to 100k
75000431,202107,29,1,1,PA,College,50k to 100k
75000437,202107,31,1,1,CA,High School,Under 50k
75000439,202107,56,2,2,MO,High School,50k to 100k
75000441,202107,46,1,2,TN,Some College,50k to 100k
75000446,202107,28,1,1,FL,Some College,Under 50k
75000449,202107,57,1,2,NJ,Some College,Under 50k
75000452,202107,63,1,2,MD,College,50k to 100k
75000458,202107,41,1,1,OH,College,Over 100k
75000461,202107,43,2,2,NY,College,50k to 100k
75000464,202107,23,1,1,CA,Some College,Under 50k
75000467,202107,50,2,1,NH,Some College,50k to 100k
75000468,202107,44,1,1,PA,College,Over 100k
75000477,202108,80,2,1,TX,College,50k to 100k
75000478,202108,36,2,1,CA,High School,Under 50k
75000479,202107,44,2,1,IN,College,50k to 100k
75000487,202107,30,2,1,OK,College,Over 100k
75000488,202107,36,1,2,IA,College,Under 50k
75000490,202107,40,1,1,PA,Some College,50k to 100k
75000507,202109,57,2,1,GA,Some College,50k to 100k
75000515,202108,67,2,1,IA,Some College,50k to 100k
75000524,202108,34,2,2,IN,Some College,Under 50k
75000528,202107,41,2,1,MI,College,Over 100k
75000532,202107,32,1,1,WI,High School,50k to 100k
75000537,202108,50,2,1,OR,Some College,50k to 100k
75000540,202107,71,2,2,IL,High School,Under 50k
75000541,202108,62,1,2,OH,Some College,Under 50k
75000542,202107,39,2,1,CT,College,50k to 100k
75000553,202107,63,2,1,GA,Some College,50k to 100k
75000557,202108,39,1,2,NE,College,Under 50k
75000562,202108,35,2,2,IN,College,Under 50k
75000565,202110,27,1,1,AZ,College,50k to 100k
75000575,202110,22,1,2,PA,Some College,50k to 100k
75000577,202110,26,2,2,OH,College,50k to 100k
75000580,202108,56,1,2,ME,Some College,Under 50k
75000582,202108,28,2,2,MD,College,Under 50k
75000587,202108,30,2,1,NY,College,Over 100k
75000589,202107,40,2,1,TX,College,Over 100k
75000597,202108,38,2,1,LA,College,Over 100k
75000602,202108,76,2,2,PA,High School,Under 50k
75000610,202107,47,2,2,NC,Some College,Under 50k
75000618,202108,47,2,2,PA,Some College,50k to 100k
75000620,202108,52,2,1,FL,Some College,Over 100k
75000624,202108,65,2,1,ID,College,50k to 100k
75000625,202108,76,2,1,FL,Some College,Over 100k
75000631,202108,34,2,2,LA,College,Under 50k
75000641,202108,39,1,1,KY,College,Over 100k
75000645,202107,27,1,1,CA,College,Over 100k
75000647,202108,48,1,2,MI,College,Under 50k
75000655,202108,48,1,1,CA,Some College,50k to 100k
75000664,202108,24,1,2,MA,College,Over 100k
75000665,202108,45,1,1,CA,Some College,Over 100k
75000671,202108,24,2,2,MI,College,50k to 100k
75000681,202108,40,2,1,GA,Some College,50k to 100k
75000682,202108,44,1,1,NC,Some College,Over 100k
75000683,202108,64,2,1,IL,Some College,Under 50k
75000684,202108,45,2,2,MI,College,Under 50k
75000687,202109,39,1,1,IA,Some College,50k to 100k
75000690,202108,47,1,1,NC,College,50k to 100k
75000692,202108,70,2,2,VA,Some College,Under 50k
75000699,202107,61,1,2,MN,College,Over 100k
75000718,202108,67,2,1,FL,College,Over 100k
75000719,202107,45,2,1,MN,College,50k to 100k
75000724,202108,44,1,2,NY,Some College,50k to 100k
75000728,202108,69,1,2,FL,Some College,Under 50k
75000730,202107,31,1,1,CO,Some College,50k to 100k
75000733,202107,30,1,1,WY,College,50k to 100k
75000734,202108,59,2,1,NY,Some College,Over 100k
75000737,202108,42,2,1,NJ,College,Over 100k
75000738,202107,69,2,2,MI,High School,50k to 100k
75000741,202108,35,2,2,NY,College,Over 100k
75000744,202108,35,2,1,FL,College,Over 100k
75000753,202107,55,1,2,IA,Some College,Under 50k
75000756,202107,53,2,1,AZ,Some College,50k to 100k
75000766,202108,28,1,1,NE,Some College,50k to 100k
75000770,202108,67,1,1,MT,High School,Over 100k
75000771,202107,64,1,2,GA,Some College,Under 50k
75000781,202108,57,1,1,FL,College,50k to 100k
75000782,202107,37,1,2,MN,College,Over 100k
75000785,202107,89,1,2,MN,High School,Under 50k
75000792,202109,31,2,1,TX,College,Over 100k
75000793,202108,57,2,1,WI,College,Over 100k
75000794,202108,35,1,1,OH,College,50k to 100k
75000797,202108,40,2,1,OH,College,50k to 100k
75000804,202108,57,1,2,VA,College,Over 100k
75000806,202108,63,1,2,MS,College,50k to 100k
75000807,202108,53,1,2,OH,College,Under 50k
75000814,202108,57,1,2,CA,High School,Under 50k
75000824,202107,56,1,1,FL,High School,Under 50k
75000831,202108,34,2,1,MO,Some College,Over 100k
75000832,202108,52,2,1,AZ,College,Over 100k
75000839,202108,50,1,1,MS,High School,Under 50k
75000840,202108,28,1,1,TN,College,Under 50k
75000841,202108,83,2,2,FL,Some College,Under 50k
75000865,202108,58,1,1,WI,Some College,Over 100k
75000867,202108,32,2,1,WA,High School,Under 50k
75000869,202107,46,1,2,IN,College,Under 50k
75000878,202108,37,2,2,IN,High School,50k to 100k
75000882,202108,50,2,2,WA,Some College,Under 50k
75000887,202108,33,2,1,NC,College,50k to 100k
75000890,202107,50,2,1,WI,High School,Over 100k
75000896,202108,57,1,2,GA,Some College,Under 50k
75000902,202108,60,2,1,AZ,College,Over 100k
75000913,202107,56,2,2,MI,College,Under 50k
75000915,202107,39,2,1,PA,College,Over 100k
75000922,202108,37,2,2,PA,College,50k to 100k
75000927,202108,65,2,1,TX,High School,Under 50k
75000929,202110,73,1,2,AZ,Some College,Under 50k
75000932,202108,66,2,1,GA,College,Over 100k
75000934,202108,40,2,1,CA,High School,Over 100k
75000936,202108,51,1,2,FL,College,50k to 100k
75000950,202108,37,1,1,CA,Some College,Over 100k
75000954,202108,29,1,2,PA,Some College,Under 50k
75000955,202108,29,2,2,VA,College,Over 100k
75000959,202109,37,2,1,FL,College,Over 100k
75000967,202107,67,2,1,GA,Some College,Under 50k
75000968,202108,29,1,1,VA,College,Over 100k
75000972,202107,53,1,2,OK,Some College,Under 50k
75000973,202107,67,1,2,FL,Some College,Under 50k
75000976,202107,61,2,1,OR,College,50k to 100k
75000984,202108,38,2,1,OH,College,Over 100k
75000990,202108,29,1,1,WA,Some College,50k to 100k
75000992,202108,28,2,1,CT,College,50k to 100k
75000995,202108,51,2,2,NY,Some College,Under 50k
75000997,202107,27,2,1,CA,College,Over 100k
75000998,202107,64,2,1,CA,Some College,Under 50k
75000999,202108,54,2,2,NY,College,Over 100k
75001007,202109,25,2,2,FL,College,50k to 100k
75001008,202108,26,2,2,WI,College,Over 100k
75001010,202109,61,2,2,IN,Some College,Under 50k
75001014,202108,45,1,1,CA,College,50k to 100k
75001019,202109,63,1,2,NY,College,50k to 100k
75001023,202108,32,2,2,MI,College,50k to 100k
75001035,202108,48,1,1,UT,College,Over 100k
75001037,202108,51,1,1,NV,College,Over 100k
75001052,202108,40,1,1,PA,College,50k to 100k
75001055,202109,64,2,1,MT,High School,50k to 100k
75001057,202108,47,1,2,ID,High School,Under 50k
75001061,202108,64,2,1,CA,College,Over 100k
75001069,202108,30,1,2,MN,College,50k to 100k
75001070,202108,35,2,1,GA,Some College,Under 50k
75001071,202108,54,2,1,MA,College,Under 50k
75001077,202108,72,1,2,OR,College,50k to 100k
75001078,202108,66,2,2,SD,High School,Under 50k
75001079,202108,32,2,1,IN,College,50k to 100k
75001083,202109,68,1,1,TX,College,50k to 100k
75001085,202108,64,2,1,GA,College,50k to 100k
75001090,202108,25,2,1,MO,College,50k to 100k
75001091,202108,54,2,2,MO,College,Under 50k
75001097,202108,28,1,1,CO,College,50k to 100k
75001103,202110,29,2,2,OH,College,50k to 100k
75001104,202108,69,1,1,OK,College,50k to 100k
75001105,202108,39,2,1,SC,College,50k to 100k
75001108,202108,54,2,1,SC,College,Over 100k
75001111,202108,45,1,1,CA,Some College,Over 100k
75001114,202108,39,1,2,VA,College,Over 100k
75001117,202109,47,1,1,MD,College,Over 100k
75001125,202108,42,2,1,CA,College,50k to 100k
75001126,202108,76,2,1,NC,College,50k to 100k
75001128,202109,59,2,1,OH,College,Over 100k
75001132,202108,40,1,2,CA,College,Over 100k
75001136,202109,35,1,1,MI,College,Over 100k
75001145,202109,48,1,1,CA,Some College,Over 100k
75001148,202108,64,2,2,OH,Some College,Under 50k
75001149,202109,57,1,1,KY,High School,50k to 100k
75001153,202108,29,1,1,WA,Some College,Under 50k
75001161,202108,48,1,2,OH,Some College,Under 50k
75001166,202109,65,1,1,TX,Some College,Over 100k
75001173,202109,43,2,1,IN,College,50k to 100k
75001179,202108,23,1,1,ME,Some College,50k to 100k
75001182,202109,54,1,1,TX,College,Over 100k
75001185,202109,77,1,2,MN,Some College,50k to 100k
75001186,202109,40,1,2,OR,Some College,50k to 100k
75001187,202108,42,2,1,OR,College,Over 100k
75001194,202109,67,2,1,TX,College,Over 100k
75001201,202108,37,1,1,VA,College,Over 100k
75001202,202109,35,2,1,MO,College,Over 100k
75001204,202108,27,1,1,IA,College,50k to 100k
75001205,202108,81,1,2,NM,College,Under 50k
75001211,202108,28,1,1,LA,College,Over 100k
75001216,202109,60,1,2,TN,Some College,50k to 100k
75001217,202109,64,2,1,PA,Some College,Over 100k
75001218,202108,53,1,1,AZ,Some College,50k to 100k
75001221,202108,35,2,2,CA,Some College,50k to 100k
75001222,202108,34,1,1,AZ,College,50k to 100k
75001224,202109,27,2,2,IA,College,Under 50k
75001225,202109,33,2,1,NY,College,Over 100k
75001227,202108,49,2,1,IL,Some College,Over 100k
75001233,202109,67,1,1,IL,Some College,Under 50k
75001234,202108,27,1,2,KS,High School,Under 50k
75001239,202108,38,1,2,NY,Some College,50k to 100k
75001240,202108,57,1,2,NC,Some College,50k to 100k
75001241,202108,43,1,1,PA,College,Over 100k
75001244,202109,68,1,2,SC,College,Under 50k
75001245,202108,40,1,1,PA,College,Over 100k
75001251,202109,44,1,2,NC,High School,Under 50k
75001253,202108,59,2,1,KS,College,Over 100k
75001258,202109,51,2,1,ME,College,Over 100k
75001262,202108,39,2,1,KS,College,Over 100k
75001263,202109,35,2,1,FL,College,Over 100k
75001268,202109,74,1,1,WA,College,Under 50k
75001271,202109,69,1,1,MO,College,50k to 100k
75001274,202110,32,2,1,IL,College,50k to 100k
75001281,202109,66,1,1,TX,College,Over 100k
75001285,202109,72,2,1,FL,College,Over 100k
75001286,202108,38,1,2,OH,College,Under 50k
75001287,202108,57,1,2,TX,College,50k to 100k
75001290,202108,29,1,1,DC,College,Over 100k
75001295,202108,45,2,2,OK,College,50k to 100k
75001296,202109,54,2,1,LA,College,50k to 100k
75001298,202108,44,1,1,WA,College,50k to 100k
75001300,202109,83,1,2,TX,Some College,Under 50k
75001304,202109,54,1,1,NY,College,Over 100k
75001309,202109,59,1,2,WV,Some College,Under 50k
75001314,202109,63,2,1,MT,Some College,Over 100k
75001318,202108,48,2,2,CA,College,Over 100k
75001330,202108,65,2,1,IL,College,Over 100k
75001341,202108,57,1,1,CA,College,Over 100k
75001348,202109,55,2,1,PA,College,50k to 100k
75001349,202108,40,2,1,FL,College,Over 100k
75001351,202108,34,1,1,MO,High School,Under 50k
75001354,202108,25,1,2,FL,College,Under 50k
75001355,202108,39,2,1,CT,College,50k to 100k
75001359,202108,55,1,1,PA,Some College,Under 50k
75001360,202108,52,2,1,VA,College,Over 100k
75001365,202108,22,2,1,ND,High School,50k to 100k
75001369,202108,28,1,1,FL,College,Under 50k
75001374,202108,69,1,1,LA,Some College,Under 50k
75001375,202108,20,2,1,CO,Some College,Under 50k
75001376,202108,67,2,1,SC,Some College,Under 50k
75001380,202108,77,1,2,RI,College,Over 100k
75001386,202109,47,2,2,TN,College,Under 50k
75001387,202108,53,1,1,IN,Some College,50k to 100k
75001389,202108,61,1,2,NC,College,Under 50k
75001393,202108,27,2,1,WI,College,Over 100k
75001394,202108,40,1,2,KS,College,50k to 100k
75001404,202109,71,2,1,GA,Some College,Under 50k
75001409,202109,29,1,2,CT,College,50k to 100k
75001410,202109,29,1,1,WV,College,Over 100k
75001416,202109,44,1,2,WA,Some College,Under 50k
75001421,202109,58,1,1,AZ,Some College,50k to 100k
75001422,202109,28,1,1,AL,College,50k to 100k
75001430,202109,78,1,2,HI,Some College,Under 50k
75001465,202109,46,2,1,TX,College,50k to 100k
75001469,202109,47,1,2,NY,College,Over 100k
75001475,202109,33,1,2,CA,College,50k to 100k
75001489,202109,63,1,2,TX,Some College,Under 50k
75001492,202109,63,1,2,AR,Some College,Under 50k
75001504,202109,85,1,2,MA,High School,Under 50k
75001505,202109,31,2,1,OH,College,Under 50k
75001518,202110,82,1,1,MN,High School,Under 50k
75001521,202110,29,2,1,FL,College,Over 100k
75001522,202109,25,1,1,IL,College,50k to 100k
75001529,202109,26,1,2,NY,College,50k to 100k
75001531,202109,33,2,1,MN,Some College,50k to 100k
75001536,202109,31,1,2,FL,College,50k to 100k
75001538,202109,84,1,2,TN,High School,Under 50k
75001541,202109,46,1,2,SC,High School,Under 50k
75001544,202110,23,1,1,CO,Some College,50k to 100k
75001557,202109,52,1,1,VA,High School,Under 50k
75001564,202109,69,2,1,CA,Some College,50k to 100k
75001566,202109,42,2,1,RI,Some College,Over 100k
75001569,202109,40,2,1,WI,College,Over 100k
75001570,202109,34,1,2,IL,College,Under 50k
75001572,202109,39,2,1,NY,Some College,Over 100k
75001576,202110,72,2,1,AR,College,Under 50k
75001578,202109,49,1,2,MN,Some College,Under 50k
75001584,202109,71,1,2,AR,High School,Under 50k
75001597,202109,35,1,1,TX,High School,50k to 100k
75001598,202109,52,2,1,TX,Some College,Over 100k
75001599,202109,40,1,1,TX,College,Over 100k
75001601,202109,29,2,1,MO,Some College,50k to 100k
75001602,202109,36,1,2,KS,Some College,50k to 100k
75001609,202109,69,2,1,PA,High School,50k to 100k
75001611,202110,29,2,1,MA,College,Over 100k
75001615,202109,27,1,1,FL,College,50k to 100k
75001616,202110,80,2,1,FL,High School,Under 50k
75001631,202109,54,1,1,CA,College,Over 100k
75001634,202109,43,1,1,KS,College,Under 50k
75001639,202110,59,1,2,TX,High School,Under 50k
75001644,202109,52,2,1,TX,College,Over 100k
75001646,202109,67,2,1,TX,Some College,50k to 100k
75001650,202109,33,2,1,NC,College,Over 100k
75001655,202109,43,2,2,OH,Some College,Under 50k
75001660,202109,59,2,2,NJ,Some College,Under 50k
75001663,202110,65,2,1,TN,Some College,50k to 100k
75001665,202109,48,1,1,NY,College,Over 100k
75001678,202109,51,2,1,CO,College,Over 100k
75001684,202110,61,2,2,TN,Some College,50k to 100k
75001687,202109,69,2,1,OH,College,50k to 100k
75001689,202110,56,1,1,IN,College,50k to 100k
75001690,202109,59,1,1,FL,Some College,Under 50k
75001699,202110,65,2,1,SC,Some College,50k to 100k
75001701,202109,31,1,1,OH,College,Over 100k
75001709,202109,24,1,1,ME,College,Over 100k
75001714,202109,59,1,2,IL,Some College,Under 50k
75001716,202109,40,1,1,IN,College,Over 100k
75001717,202109,29,1,1,WI,College,50k to 100k
75001719,202109,29,1,1,CA,College,50k to 100k
75001723,202109,70,1,1,FL,College,Under 50k
75001725,202109,45,1,1,MO,College,Over 100k
75001727,202109,33,1,1,MI,Some College,50k to 100k
75001729,202109,54,2,1,TX,College,Over 100k
75001730,202109,73,2,1,DE,College,50k to 100k
75001743,202109,55,1,2,MI,College,50k to 100k
75001744,202109,63,2,1,AZ,Some College,Over 100k
75001746,202110,70,2,1,AR,College,50k to 100k
75001752,202109,65,2,1,GA,College,Over 100k
75001754,202109,43,1,2,NC,College,50k to 100k
75001761,202109,69,1,2,NV,High School,Under 50k
75001763,202110,69,1,1,CA,College,Over 100k
75001764,202109,58,1,1,SC,High School,50k to 100k
75001769,202110,46,2,1,AZ,College,50k to 100k
75001777,202109,54,2,1,IN,High School,Over 100k
75001778,202110,71,2,1,AL,Some College,50k to 100k
75001789,202110,51,1,1,DC,College,Over 100k
75001791,202110,44,2,1,TN,College,50k to 100k
75001795,202109,54,2,1,MA,College,Over 100k
75001797,202109,37,1,2,MO,Some College,Under 50k
75001798,202109,30,2,2,FL,College,50k to 100k
75001803,202109,50,2,1,GA,College,Over 100k
75001809,202109,48,2,1,IN,College,Over 100k
75001815,202110,60,2,2,OH,High School,Under 50k
75001822,202110,52,1,2,TX,Some College,50k to 100k
75001825,202109,52,2,1,OH,College,Over 100k
75001826,202110,61,2,1,OH,High School,Under 50k
75001833,202110,27,2,1,LA,College,50k to 100k
75001834,202109,26,2,1,NC,College,Over 100k
75001835,202109,49,1,2,FL,College,50k to 100k
75001837,202109,65,2,1,FL,College,Over 100k
75001839,202109,31,2,1,CA,College,50k to 100k
75001846,202109,28,1,1,OH,College,50k to 100k
75001848,202109,44,2,1,VA,High School,Over 100k
75001850,202109,57,1,1,NY,Some College,50k to 100k
75001854,202109,38,1,2,AZ,College,Over 100k
75001861,202109,31,2,1,OH,College,50k to 100k
75001863,202109,34,1,1,NC,College,50k to 100k
75001864,202110,44,2,1,NC,College,Over 100k
75001865,202109,72,2,1,PA,College,50k to 100k
75001866,202109,65,1,2,FL,High School,Under 50k
75001869,202109,71,1,2,NY,Some College,Over 100k
75001870,202109,59,2,1,WA,High School,Under 50k
75001871,202109,56,1,1,WA,Some College,Over 100k
75001874,202110,50,2,1,WA,Some College,Over 100k
75001878,202109,57,2,1,GA,College,Over 100k
75001879,202109,47,2,1,MN,College,50k to 100k
75001882,202109,74,2,2,OR,College,Under 50k
75001884,202110,34,2,1,VA,College,Over 100k
75001888,202110,38,2,2,IL,College,Over 100k
75001890,202109,64,2,2,OH,College,Over 100k
75001891,202109,40,1,1,AZ,College,50k to 100k
75001892,202109,48,2,2,AZ,Some College,50k to 100k
75001899,202110,66,1,2,CO,Some College,Under 50k
75001900,202109,28,2,2,OH,College,50k to 100k
75001901,202110,62,1,1,MI,Some College,Over 100k
75001908,202109,37,1,1,MO,Some College,50k to 100k
75001914,202109,38,1,1,WV,Some College,Over 100k
75001917,202109,73,2,1,OK,College,Over 100k
75001920,202109,54,2,1,TN,College,Over 100k
75001928,202110,65,2,1,TN,Some College,Over 100k
75001931,202110,49,2,2,LA,College,Over 100k
75001938,202109,33,2,2,OH,Some College,Under 50k
75001942,202109,45,2,1,NJ,College,Over 100k
75001945,202109,34,2,1,MT,Some College,Under 50k
75001948,202109,40,2,2,OK,College,50k to 100k
75001949,202109,64,2,1,VA,College,Over 100k
75001951,202109,64,1,2,TX,Some College,Under 50k
75001954,202109,68,1,2,MA,College,Under 50k
75001955,202110,62,2,1,AZ,Some College,Under 50k
75001956,202109,57,1,2,MO,College,Under 50k
75001959,202109,64,1,1,NY,Some College,50k to 100k
75001962,202109,29,1,1,UT,College,50k to 100k
75001968,202110,35,1,1,OH,College,Over 100k
75001970,202109,37,2,1,MN,College,Over 100k
75001974,202110,79,1,2,CA,College,Under 50k
75001981,202110,32,2,2,PA,Some College,50k to 100k
75001982,202110,47,1,1,PA,College,Over 100k
75001983,202110,29,1,1,IL,Some College,50k to 100k
75001986,202110,50,2,1,GA,High School,50k to 100k
75002005,202110,36,1,1,NC,College,50k to 100k
75002008,202110,55,1,2,PA,High School,Under 50k
75002029,202110,42,2,1,IL,Some College,Over 100k
75002031,202110,38,1,1,NY,College,50k to 100k
75002035,202110,45,1,1,MA,Some College,Under 50k
75002039,202110,62,1,2,CA,Some College,Under 50k
75002041,202110,28,2,1,NJ,High School,50k to 100k
75002042,202110,48,1,2,TN,College,50k to 100k
75002048,202110,63,1,2,MS,Some College,Under 50k
75002055,202110,26,1,2,KS,Some College,Under 50k
75002060,202110,31,1,2,NC,College,50k to 100k
75002061,202110,40,1,2,NY,Some College,Under 50k
75002064,202110,31,1,1,NY,College,Under 50k
75002065,202110,25,1,1,CO,College,Over 100k
75002068,202110,47,1,1,NY,High School,Under 50k
75002069,202110,33,1,2,NY,College,50k to 100k
75002070,202110,28,2,2,NC,College,Under 50k
75002073,202111,64,1,2,MS,Some College,Under 50k
75002074,202111,40,1,1,DC,College,Over 100k
75002076,202110,28,1,2,WV,High School,Under 50k
75002084,202110,67,2,1,TX,Some College,Under 50k
75002090,202110,70,1,1,FL,Some College,50k to 100k
75002091,202110,47,2,2,FL,Some College,Under 50k
75002098,202110,33,1,1,CA,Some College,Under 50k
75002100,202110,49,2,1,OR,College,Over 100k
75002109,202110,79,2,1,MN,High School,Under 50k
75002114,202110,31,2,1,CA,Some College,50k to 100k
75002118,202110,25,1,1,CT,College,Over 100k
75002122,202110,38,2,1,MO,Some College,Under 50k
75002127,202110,28,2,2,MA,College,Over 100k
75002128,202110,68,1,2,VA,Some College,Under 50k
75002130,202111,48,2,1,MI,College,50k to 100k
75002134,202110,62,1,2,CA,Some College,Under 50k
75002138,202111,42,2,1,OH,Some College,50k to 100k
75002140,202110,48,2,1,CA,Some College,Over 100k
75002143,202111,43,2,1,UT,College,50k to 100k
75002146,202110,53,2,1,FL,Some College,Over 100k
75002153,202110,29,2,1,WA,College,Over 100k
75002155,202110,72,2,2,FL,College,50k to 100k
75002156,202110,70,1,1,WA,College,50k to 100k
75002157,202110,42,2,1,OH,Some College,Over 100k
75002160,202110,53,1,2,VA,College,Under 50k
75002167,202110,53,1,1,TN,Some College,Under 50k
75002168,202110,60,2,1,WI,Some College,50k to 100k
75002169,202111,61,2,1,WI,College,Over 100k
75002170,202110,24,1,1,WI,Some College,Under 50k
75002181,202110,35,1,1,IA,Some College,Under 50k
75002187,202110,71,2,2,OR,Some College,Under 50k
75002192,202110,33,1,2,NH,College,50k to 100k
75002193,202110,60,2,1,DE,Some College,50k to 100k
75002201,202110,64,1,1,IL,College,Over 100k
75002202,202110,49,1,2,IL,College,50k to 100k
75002205,202110,34,2,1,PA,College,Over 100k
75002206,202111,51,1,1,PA,Some College,Over 100k
75002210,202110,39,2,1,CA,High School,Under 50k
75002211,202111,65,2,1,NJ,Some College,Over 100k
75002212,202110,41,1,1,CA,College,Over 100k
75002213,202110,40,1,2,IL,College,Under 50k
75002217,202111,52,2,1,KS,High School,Over 100k
75002227,202111,92,2,2,IL,Some College,Under 50k
75002229,202110,65,2,1,PA,College,Over 100k
75002232,202111,51,1,2,AR,Some College,Under 50k
75002236,202111,66,2,2,MA,College,Over 100k
75002238,202110,52,2,2,VA,College,50k to 100k
75002242,202111,36,2,1,CA,College,Over 100k
75002245,202111,58,2,1,CA,Some College,Over 100k
75002246,202110,69,1,1,CO,High School,Over 100k
75002250,202110,39,2,1,NC,College,Over 100k
75002251,202111,69,1,2,WA,Some College,50k to 100k
75002253,202111,74,2,1,TN,College,Over 100k
75002256,202110,59,2,1,MN,Some College,Over 100k
75002261,202110,39,1,1,OH,Some College,50k to 100k
75002262,202110,55,1,1,FL,Some College,50k to 100k
75002265,202110,32,1,1,VT,College,Over 100k
75002274,202111,57,2,1,WI,College,Over 100k
75002277,202110,49,1,1,MO,College,Over 100k
75002281,202110,58,1,1,MI,High School,Over 100k
75002288,202110,36,2,1,FL,Some College,50k to 100k
75002289,202110,27,1,1,AR,College,Under 50k
75002295,202110,27,2,2,MO,College,50k to 100k
75002297,202110,30,2,1,ND,Some College,Over 100k
75002301,202110,53,1,1,NJ,College,Over 100k
75002302,202110,50,1,1,AZ,College,Under 50k
75002305,202111,71,2,1,AZ,College,Under 50k
75002309,202110,63,1,2,MN,High School,Under 50k
75002310,202111,58,2,1,GA,Some College,Over 100k
75002311,202110,57,1,1,MI,Some College,Under 50k
75002313,202110,77,2,1,MI,College,50k to 100k
75002314,202110,47,1,1,IA,College,50k to 100k
75002315,202110,33,2,1,NC,College,50k to 100k
75002318,202110,70,2,1,CA,College,Over 100k
75002321,202110,47,1,1,NC,College,Over 100k
75002323,202110,40,2,1,NY,Some College,Under 50k
75002328,202110,46,1,2,FL,College,50k to 100k
75002330,202110,72,1,1,VA,College,Over 100k
75002331,202110,44,1,2,VA,College,50k to 100k
75002336,202110,39,1,1,MD,College,Over 100k
75002340,202110,30,2,2,CO,Some College,Under 50k
75002342,202110,34,1,1,KY,High School,50k to 100k
75002345,202110,36,2,1,CO,College,Over 100k
75002347,202111,40,1,1,CA,College,Over 100k
75002350,202110,45,2,1,UT,College,50k to 100k
75002358,202110,60,2,2,AL,Some College,Under 50k
75002361,202111,65,2,1,LA,High School,Under 50k
75002367,202110,54,2,2,PA,High School,Under 50k
75002369,202110,38,1,1,TX,College,Over 100k
75002372,202111,42,1,2,CO,College,50k to 100k
75002376,202111,35,2,1,AZ,College,Over 100k
75002377,202110,76,2,1,TX,College,50k to 100k
75002384,202110,50,1,1,PA,Some College,Over 100k
75002385,202110,50,2,1,OH,High School,50k to 100k
75002388,202110,66,1,1,MO,Some College,Under 50k
75002396,202110,50,1,2,NM,High School,50k to 100k
75002397,202110,59,2,1,WA,Some College,Under 50k
75002399,202111,30,2,1,CA,College,50k to 100k
75002406,202111,69,2,2,AL,Some College,50k to 100k
75002410,202110,66,1,2,TN,College,50k to 100k
75002411,202110,29,1,1,OH,Some College,50k to 100k
75002415,202110,37,1,1,MI,College,Over 100k
75002416,202110,35,1,1,MI,College,50k to 100k
75002420,202110,27,1,1,FL,College,Over 100k
75002424,202110,47,1,2,MA,College,50k to 100k
75002425,202110,48,1,1,FL,Some College,50k to 100k
75002435,202110,58,2,1,NC,High School,Over 100k
75002438,202110,41,1,2,MI,High School,Under 50k
75002445,202110,54,1,2,VA,High School,Under 50k
75002446,202110,64,2,1,IN,College,50k to 100k
75002448,202111,30,1,1,IA,College,50k to 100k
75002449,202110,34,1,2,NY,College,Over 100k
75002456,202110,62,1,1,TX,Some College,50k to 100k
75002459,202110,38,1,1,IN,College,50k to 100k
75002460,202110,32,1,1,GA,College,Over 100k
75002464,202110,42,2,1,WV,Some College,50k to 100k
75002466,202110,30,2,1,OR,College,Over 100k
75002472,202110,39,1,1,AR,Some College,Under 50k
75002479,202110,35,2,1,CT,College,Over 100k
75002485,202110,29,2,2,TX,College,50k to 100k
75002491,202110,35,2,2,MA,College,Under 50k
75002492,202110,32,2,1,TX,College,Under 50k
75002494,202110,66,1,1,FL,Some College,Under 50k
75002498,202110,58,1,1,LA,Some College,50k to 100k
75002501,202111,71,1,2,CA,College,50k to 100k
75002505,202110,29,1,1,MO,College,Over 100k
75002509,202110,68,2,1,MO,College,Over 100k
75002515,202110,63,2,1,AZ,High School,Under 50k
75002519,202110,68,1,2,FL,College,Under 50k
75002524,202110,47,2,1,RI,College,Over 100k
75002525,202110,47,2,1,GA,College,Over 100k
75002530,202110,36,2,1,UT,College,50k to 100k
75002531,202110,32,1,2,NJ,High School,Under 50k
75002537,202111,45,2,1,MA,College,Over 100k
75002541,202111,72,2,1,MD,College,Over 100k
75002543,202111,88,1,2,GA,Some College,Under 50k
75002545,202111,36,1,1,IL,College,Over 100k
75002550,202111,58,1,2,TN,High School,Under 50k
75002551,202111,34,1,1,NY,College,50k to 100k
75002552,202111,64,1,2,CA,High School,50k to 100k
75002553,202111,36,1,1,CA,College,Over 100k
75002554,202111,66,2,1,SC,College,50k to 100k
75002555,202111,27,1,2,CO,High School,Under 50k
75002557,202111,28,1,1,LA,Some College,50k to 100k
75002558,202111,29,2,2,MI,High School,50k to 100k
75002560,202111,78,2,1,FL,College,Over 100k
75002563,202112,76,1,2,PA,College,50k to 100k
75002567,202111,35,2,1,CA,College,50k to 100k
75002568,202111,73,2,1,NY,College,Over 100k
75002576,202112,55,2,2,IN,College,Over 100k
75002578,202111,27,2,2,OH,Some College,Under 50k
75002584,202111,33,2,1,TX,College,50k to 100k
75002594,202111,58,1,1,AZ,College,50k to 100k
75002599,202111,76,1,2,MN,College,50k to 100k
75002602,202111,56,1,1,NC,Some College,Under 50k
75002608,202111,74,2,1,UT,Some College,Over 100k
75002609,202111,35,1,2,WI,Some College,50k to 100k
75002616,202111,37,1,1,MI,Some College,Under 50k
75002630,202111,71,1,2,OK,Some College,Under 50k
75002631,202111,29,1,1,NC,College,50k to 100k
75002633,202111,72,2,2,CA,Some College,Under 50k
75002635,202111,40,2,2,TN,Some College,Under 50k
75002645,202111,30,2,2,PA,College,Under 50k
75002648,202111,42,2,1,VA,College,Over 100k
75002651,202111,46,1,1,NY,College,Under 50k
75002656,202111,72,1,2,OH,Some College,Under 50k
75002658,202112,53,2,1,PA,Some College,50k to 100k
75002659,202111,66,2,2,NC,Some College,Under 50k
75002663,202112,39,1,1,WI,Some College,50k to 100k
75002664,202111,44,2,1,NC,Some College,50k to 100k
75002675,202111,54,1,1,NY,College,Over 100k
75002679,202111,43,1,1,MI,College,Over 100k
75002680,202111,69,1,1,OH,College,Under 50k
75002686,202111,37,2,2,PA,Some College,Under 50k
75002690,202111,50,1,1,CO,Some College,Under 50k
75002694,202111,69,2,2,FL,College,Under 50k
75002702,202111,37,1,1,TN,High School,Under 50k
75002707,202111,57,2,1,FL,Some College,Over 100k
75002713,202111,37,1,1,OH,High School,Under 50k
75002720,202111,72,2,1,AZ,Some College,Over 100k
75002721,202111,47,1,2,MS,College,Under 50k
75002734,202112,65,1,1,CA,Some College,Over 100k
75002737,202111,37,1,1,PA,College,50k to 100k
75002738,202111,78,2,2,FL,High School,Under 50k
75002743,202112,36,2,1,WA,Some College,Over 100k
75002746,202111,50,2,1,OH,High School,Under 50k
75002749,202111,26,1,1,GA,College,Over 100k
75002750,202111,61,2,1,GA,College,Over 100k
75002751,202111,65,1,2,GA,High School,Under 50k
75002756,202111,35,1,1,VA,High School,Under 50k
75002758,202111,44,2,1,WI,High School,50k to 100k
75002759,202112,31,1,1,WI,College,50k to 100k
75002760,202111,40,2,1,FL,College,Over 100k
75002761,202111,65,1,2,NJ,Some College,Under 50k
75002763,202111,57,2,1,IA,Some College,50k to 100k
75002765,202111,54,2,1,NY,College,Under 50k
75002768,202111,51,1,1,WA,Some College,Over 100k
75002774,202111,37,1,2,OH,College,50k to 100k
75002777,202111,35,2,1,FL,High School,Under 50k
75002780,202112,54,1,2,KY,College,Under 50k
75002783,202201,86,2,2,FL,College,50k to 100k
75002784,202111,44,1,1,TX,Some College,Over 100k
75002785,202111,21,1,2,MI,Some College,50k to 100k
75002790,202111,54,2,2,CO,College,Under 50k
75002792,202111,28,1,1,PA,Some College,Under 50k
75002794,202111,20,2,1,NY,High School,Under 50k
75002798,202111,53,1,1,NY,High School,Under 50k
75002801,202111,55,1,1,VA,College,Over 100k
75002805,202111,65,1,2,KY,High School,Under 50k
75002806,202111,49,2,1,GA,College,Over 100k
75002812,202111,59,2,1,LA,College,50k to 100k
75002815,202111,39,1,1,KY,Some College,50k to 100k
75002819,202111,51,2,2,NJ,High School,50k to 100k
75002822,202111,61,2,1,TN,College,50k to 100k
75002832,202111,38,2,1,MI,College,50k to 100k
75002833,202112,70,2,2,MI,Some College,Under 50k
75002834,202111,81,2,1,KS,College,50k to 100k
75002839,202111,40,1,2,FL,Some College,50k to 100k
75002841,202111,37,2,1,ID,College,Over 100k
75002842,202112,33,1,1,UT,College,Over 100k
75002845,202111,51,2,1,AR,Some College,50k to 100k
75002849,202111,65,2,1,MO,College,Over 100k
75002852,202111,35,1,1,FL,Some College,50k to 100k
75002853,202201,65,2,1,PA,Some College,50k to 100k
75002857,202111,39,2,1,IL,Some College,Over 100k
75002859,202111,24,1,1,WI,College,50k to 100k
75002860,202111,70,1,2,WI,College,Under 50k
75002867,202111,76,1,2,MI,Some College,Under 50k
75002874,202111,42,2,1,NY,College,50k to 100k
75002882,202111,57,2,1,PA,Some College,50k to 100k
75002884,202111,58,1,2,MN,College,50k to 100k
75002885,202111,34,1,1,CT,College,50k to 100k
75002888,202111,65,2,1,PA,College,50k to 100k
75002891,202111,37,1,1,FL,College,50k to 100k
75002894,202111,57,2,1,OR,College,Under 50k
75002905,202111,77,1,2,TX,Some College,Under 50k
75002907,202111,47,2,1,FL,College,Over 100k
75002908,202111,64,1,2,OH,College,Under 50k
75002911,202111,56,1,2,CA,Some College,50k to 100k
75002913,202111,41,2,1,TN,College,Over 100k
75002916,202111,45,1,1,IL,College,Over 100k
75002920,202111,29,1,2,NM,College,Under 50k
75002925,202111,67,2,1,NY,College,Under 50k
75002927,202112,79,2,2,FL,Some College,Under 50k
75002928,202111,61,1,1,PA,Some College,50k to 100k
75002934,202111,70,2,1,NC,Some College,50k to 100k
75002936,202111,30,2,1,PA,College,Over 100k
75002939,202111,28,2,2,TX,College,50k to 100k
75002948,202111,58,1,2,WA,Some College,50k to 100k
75002950,202111,58,2,1,GA,Some College,50k to 100k
75002951,202111,46,2,1,IA,College,50k to 100k
75002954,202111,43,1,2,FL,College,50k to 100k
75002957,202111,54,1,1,WI,College,Over 100k
75002958,202111,69,1,2,OR,Some College,Under 50k
75002962,202111,50,1,1,AZ,High School,Under 50k
75002967,202111,58,1,1,NE,High School,50k to 100k
75002974,202111,41,1,2,VA,Some College,Under 50k
75002975,202111,34,2,1,KS,College,Over 100k
75002991,202111,39,2,1,CO,College,50k to 100k
75002998,202111,60,2,1,NY,Some College,Over 100k
75003003,202111,36,2,2,SD,Some College,Over 100k
75003006,202111,34,1,2,MN,College,Under 50k
75003007,202111,33,2,1,NC,College,Over 100k
75003013,202111,48,2,1,CA,College,Over 100k
75003017,202111,59,1,2,KS,Some College,Under 50k
75003018,202111,74,1,2,TX,College,Under 50k
75003019,202111,34,2,1,IL,College,Over 100k
75003026,202111,72,1,1,KS,Some College,Under 50k
75003029,202111,30,1,2,IN,College,Under 50k
75003030,202111,49,1,1,CT,College,Over 100k
75003031,202111,67,2,1,AR,High School,Over 100k
75003035,202111,47,1,2,FL,Some College,50k to 100k
75003038,202112,42,1,2,IN,Some College,Under 50k
75003039,202112,29,1,1,TN,Some College,Under 50k
75003041,202112,79,2,1,LA,High School,Under 50k
75003042,202112,74,2,1,CA,College,Under 50k
75003043,202112,78,2,1,AL,College,Under 50k
75003044,202202,52,2,1,TX,College,50k to 100k
75003045,202201,58,2,1,MT,College,Over 100k
75003057,202112,48,2,2,WV,Some College,Under 50k
75003058,202112,42,1,1,MD,Some College,50k to 100k
75003065,202112,41,2,1,MI,College,Over 100k
75003068,202112,54,1,2,OR,College,Over 100k
75003072,202112,61,2,1,PA,Some College,Over 100k
75003078,202112,38,2,2,CA,College,Over 100k
75003087,202112,47,2,1,NJ,College,Over 100k
75003091,202112,36,1,2,WI,College,50k to 100k
75003095,202112,70,2,1,FL,College,Over 100k
75003105,202112,55,1,2,TX,Some College,Under 50k
75003107,202201,44,2,1,TN,College,Over 100k
75003109,202112,59,1,2,WA,College,50k to 100k
75003115,202112,41,2,2,OR,College,50k to 100k
75003116,202112,48,2,1,NJ,Some College,Under 50k
75003118,202201,42,1,1,MA,Some College,50k to 100k
75003137,202112,58,1,2,MN,College,50k to 100k
75003143,202201,30,2,1,MN,College,Over 100k
75003146,202112,33,2,1,AL,Some College,50k to 100k
75003147,202112,30,1,2,NM,Some College,Under 50k
75003160,202112,43,1,1,WY,College,Over 100k
75003161,202112,34,1,1,FL,Some College,Under 50k
75003163,202112,47,1,1,WA,College,Over 100k
75003165,202112,40,2,1,IN,College,Over 100k
75003166,202112,55,1,1,RI,Some College,Under 50k
75003169,202201,38,1,1,OH,College,Over 100k
75003171,202112,62,2,1,MA,High School,50k to 100k
75003172,202112,55,1,1,NY,College,50k to 100k
75003178,202112,63,2,1,IN,College,Over 100k
75003179,202112,50,2,2,FL,College,Under 50k
75003182,202112,29,2,1,PA,College,Over 100k
75003183,202112,34,1,2,PA,College,50k to 100k
75003189,202202,59,2,1,WI,College,Over 100k
75003196,202201,38,2,1,CA,High School,Over 100k
75003197,202112,27,1,1,AR,Some College,Under 50k
75003200,202112,56,1,2,CA,College,Over 100k
75003204,202201,48,2,1,OK,College,Over 100k
75003206,202112,72,2,2,IN,College,Under 50k
75003207,202112,60,2,1,PA,College,Over 100k
75003212,202201,72,2,1,HI,College,Over 100k
75003222,202112,29,1,1,WA,College,50k to 100k
75003230,202112,42,2,1,MO,College,50k to 100k
75003234,202112,63,1,2,IL,College,Under 50k
75003238,202112,33,1,1,MI,College,Over 100k
75003243,202201,60,2,1,AR,High School,Over 100k
75003244,202112,43,2,1,KS,Some College,50k to 100k
75003248,202201,42,2,1,TX,College,50k to 100k
75003249,202112,56,1,2,TX,Some College,Under 50k
75003250,202201,49,2,1,MI,Some College,50k to 100k
75003251,202112,60,2,2,CA,College,Over 100k
75003252,202112,35,2,1,CA,College,50k to 100k
75003256,202112,43,2,1,DE,College,50k to 100k
75003261,202112,42,1,1,WA,College,Over 100k
75003262,202112,72,2,1,FL,College,50k to 100k
75003266,202112,42,1,2,TX,High School,Under 50k
75003268,202201,74,2,2,MO,College,Under 50k
75003272,202112,28,1,1,CA,College,Over 100k
75003273,202112,42,2,2,NY,College,Over 100k
75003282,202112,43,1,2,DC,College,Over 100k
75003283,202112,30,2,2,CO,College,Over 100k
75003288,202112,59,2,1,NY,College,Over 100k
75003290,202112,43,2,1,PA,College,Over 100k
75003297,202112,33,1,2,FL,College,Under 50k
75003302,202112,75,2,2,FL,College,Under 50k
75003312,202112,35,1,2,KY,College,Under 50k
75003316,202112,44,1,2,CA,College,50k to 100k
75003317,202112,62,2,1,NJ,College,Over 100k
75003320,202112,33,1,2,MN,College,Under 50k
75003326,202112,59,1,2,MI,College,50k to 100k
75003327,202112,40,1,2,IL,High School,Under 50k
75003330,202112,65,1,2,TX,High School,Under 50k
75003333,202112,68,2,1,TX,College,50k to 100k
75003347,202201,40,1,2,MN,Some College,Under 50k
75003357,202112,52,2,2,WA,Some College,Under 50k
75003360,202112,44,2,1,ID,College,Over 100k
75003361,202112,40,2,2,CA,College,Under 50k
75003362,202112,54,2,1,FL,High School,50k to 100k
75003364,202112,38,1,1,IL,Some College,50k to 100k
75003365,202112,33,2,2,IA,College,50k to 100k
75003371,202112,38,1,1,MN,College,Over 100k
75003373,202112,61,1,2,IL,College,50k to 100k
75003374,202112,31,1,1,FL,College,50k to 100k
75003375,202201,44,1,1,FL,College,Under 50k
75003376,202112,33,1,2,IL,College,50k to 100k
75003380,202201,39,1,1,IN,College,Over 100k
75003381,202112,55,1,1,MO,Some College,50k to 100k
75003389,202112,36,1,2,MI,Some College,Under 50k
75003395,202201,61,2,1,CA,College,Over 100k
75003397,202112,77,2,1,OR,College,50k to 100k
75003398,202201,47,2,1,OR,College,Over 100k
75003400,202112,30,2,1,WV,High School,50k to 100k
75003410,202201,61,2,2,CA,College,50k to 100k
75003418,202112,50,1,2,MA,College,50k to 100k
75003419,202112,28,1,1,NY,College,Over 100k
75003420,202112,42,2,1,HI,College,Over 100k
75003421,202112,41,2,2,WV,Some College,Under 50k
75003424,202112,35,1,2,WI,Some College,Under 50k
75003425,202112,54,1,1,WI,High School,50k to 100k
75003429,202201,37,1,1,WA,Some College,Over 100k
75003431,202112,68,2,2,MI,Some College,50k to 100k
75003438,202202,59,1,1,TN,College,50k to 100k
75003439,202112,29,2,1,NJ,College,Over 100k
75003444,202112,77,1,2,TX,College,50k to 100k
75003445,202201,43,2,1,OH,College,Over 100k
75003446,202112,46,2,1,ID,College,Over 100k
75003447,202201,69,2,1,AZ,Some College,50k to 100k
75003448,202112,55,1,2,CT,Some College,Over 100k
75003452,202112,37,1,1,KY,Some College,50k to 100k
75003459,202202,62,1,2,PA,College,Under 50k
75003462,202201,65,1,1,TN,High School,Under 50k
75003468,202112,25,1,1,GA,College,Over 100k
75003469,202112,68,1,2,NY,Some College,50k to 100k
75003472,202112,40,1,1,ID,Some College,Over 100k
75003473,202112,48,1,1,NY,Some College,Over 100k
75003475,202112,28,2,1,IN,College,50k to 100k
75003477,202201,60,1,2,NC,Some College,Under 50k
75003485,202112,58,2,1,CA,Some College,Over 100k
75003491,202112,27,1,1,NC,College,Over 100k
75003495,202201,77,1,2,FL,College,Under 50k
75003498,202112,34,1,1,TX,College,Over 100k
75003505,202201,62,1,1,ME,Some College,Over 100k
75003521,202201,64,2,1,NY,Some College,50k to 100k
75003524,202112,70,1,2,KY,High School,Under 50k
75003529,202112,42,2,1,CA,College,50k to 100k
75003530,202201,51,2,1,NJ,College,Over 100k
75003531,202202,70,2,2,GA,College,Over 100k
75003537,202112,61,1,2,MO,Some College,Under 50k
75003538,202112,37,2,1,MN,High School,Over 100k
75003540,202112,45,1,1,AR,Some College,Over 100k
75003541,202112,76,2,2,NJ,College,Under 50k
75003544,202112,34,1,1,CO,College,50k to 100k
75003547,202201,46,2,1,OR,College,Over 100k
75003549,202112,45,2,2,NY,College,Under 50k
75003550,202201,33,2,1,CA,College,Over 100k
75003551,202112,52,2,2,WV,College,50k to 100k
75003573,202112,47,1,2,FL,College,Over 100k
75003574,202112,39,1,1,GA,College,Over 100k
75003577,202112,27,2,2,IN,College,Over 100k
75003581,202112,27,2,2,CA,Some College,Under 50k
75003583,202112,50,1,2,OK,Some College,50k to 100k
75003588,202112,82,1,2,TX,Some College,50k to 100k
75003590,202112,65,1,1,AZ,College,50k to 100k
75003592,202112,51,2,1,ND,College,Over 100k
75003593,202112,32,1,2,TX,College,50k to 100k
75003594,202112,59,1,1,CA,College,Over 100k
75003596,202112,59,1,2,AR,College,Under 50k
75003598,202201,45,1,1,MN,College,Over 100k
75003599,202201,55,2,1,OR,Some College,50k to 100k
75003600,202112,71,2,1,WA,Some College,Under 50k
75003603,202112,34,2,2,CA,High School,Under 50k
75003604,202112,43,2,1,NC,College,Over 100k
75003605,202202,69,2,1,CA,College,50k to 100k
75003606,202112,72,1,2,CA,Some College,Under 50k
75003607,202112,29,2,1,CA,College,Over 100k
75003609,202112,34,1,2,MI,College,50k to 100k
75003610,202201,72,1,2,MI,Some College,50k to 100k
75003611,202201,37,1,1,CT,College,Over 100k
75003631,202112,71,2,1,CO,Some College,Under 50k
75003632,202201,46,1,2,GA,High School,Under 50k
75003633,202112,24,1,1,FL,High School,Under 50k
75003640,202112,56,2,2,SC,College,Under 50k
75003642,202112,48,1,1,MO,Some College,Over 100k
75003645,202112,50,2,1,SC,High School,Over 100k
75003650,202112,50,2,2,OH,Some College,50k to 100k
75003653,202112,66,2,1,CA,Some College,Under 50k
75003654,202112,29,2,1,WI,Some College,50k to 100k
75003657,202112,50,2,1,MD,College,Over 100k
75003658,202112,41,2,2,MO,High School,Under 50k
75003662,202201,32,2,1,NC,College,Over 100k
75003669,202201,37,2,2,NY,College,Over 100k
75003671,202202,51,2,1,MI,High School,Over 100k
75003672,202201,32,2,1,WA,High School,50k to 100k
75003675,202202,72,1,2,NY,College,Over 100k
75003677,202202,73,2,1,MI,Some College,50k to 100k
75003680,202201,50,2,1,TX,High School,50k to 100k
75003689,202201,73,1,2,CA,College,Under 50k
75003692,202201,41,1,1,IL,College,Over 100k
75003696,202201,35,1,2,PA,High School,Under 50k
75003698,202201,24,1,2,NV,College,Under 50k
75003701,202201,66,2,2,MS,High School,Under 50k
75003703,202201,26,2,2,WI,Some College,50k to 100k
75003704,202201,59,2,1,LA,College,Under 50k
75003712,202201,71,1,1,TN,Some College,Under 50k
75003715,202201,29,1,2,IA,Some College,Under 50k
75003722,202201,27,1,1,GA,College,Under 50k
75003727,202201,80,1,1,MA,College,50k to 100k
75003728,202201,30,1,2,TX,Some College,50k to 100k
75003730,202201,46,1,1,SC,Some College,Over 100k
75003731,202201,78,1,2,CA,Some College,Under 50k
75003737,202201,36,2,2,WA,College,50k to 100k
75003738,202201,28,1,1,AZ,Some College,Under 50k
75003739,202202,53,1,1,NC,Some College,Over 100k
75003742,202202,40,2,2,FL,Some College,50k to 100k
75003746,202201,41,2,1,AR,College,Over 100k
75003752,202201,70,2,1,NY,Some College,Under 50k
75003755,202201,43,1,1,RI,College,Over 100k
75003757,202201,47,1,2,AR,College,Under 50k
75003760,202202,68,1,1,OH,Some College,Over 100k
75003762,202202,38,2,1,MI,College,50k to 100k
75003768,202201,51,2,1,WA,College,Over 100k
75003770,202201,62,1,1,WA,College,Over 100k
75003772,202201,41,1,2,CA,College,Over 100k
75003775,202201,55,1,1,TX,High School,Under 50k
75003778,202201,70,1,2,IA,Some College,Under 50k
75003779,202201,74,2,1,WA,College,Over 100k
75003781,202201,55,2,1,CA,College,Over 100k
75003784,202201,67,2,1,OH,High School,Under 50k
75003785,202202,58,2,1,UT,Some College,50k to 100k
75003787,202201,65,2,1,TX,College,50k to 100k
75003788,202201,75,2,1,KS,College,Under 50k
75003792,202201,35,2,1,OH,College,Over 100k
75003797,202201,29,1,1,MN,Some College,50k to 100k
75003800,202201,36,1,1,MN,College,Over 100k
75003803,202201,54,1,2,FL,College,50k to 100k
75003824,202201,46,2,1,NE,Some College,Over 100k
75003832,202201,78,2,1,CA,Some College,50k to 100k
75003835,202201,64,1,2,NM,College,Under 50k
75003836,202201,61,2,2,CA,Some College,Under 50k
75003837,202202,43,2,1,ID,High School,Over 100k
75003843,202201,67,1,2,CA,High School,Under 50k
75003844,202201,41,1,2,CA,Some College,Over 100k
75003845,202201,41,2,1,CA,College,Over 100k
75003846,202201,42,2,1,CA,College,Over 100k
75003861,202201,53,1,1,MN,College,Over 100k
75003866,202201,37,1,1,OH,College,50k to 100k
75003878,202201,76,2,1,NJ,College,50k to 100k
75003890,202201,50,1,1,TX,College,Under 50k
75003891,202201,36,1,1,IN,Some College,Over 100k
75003898,202201,59,2,1,MO,Some College,Over 100k
75003907,202201,46,2,1,CO,Some College,Over 100k
75003923,202201,33,1,2,NM,Some College,Under 50k
75003935,202201,26,1,2,NY,College,Under 50k
75003939,202201,53,1,1,CA,College,Under 50k
75003945,202201,25,1,2,MA,College,Over 100k
75003954,202201,42,2,1,FL,College,Over 100k
75003955,202201,38,1,1,NY,Some College,50k to 100k
75003957,202202,62,1,2,PA,College,Under 50k
75003962,202202,52,2,1,AR,College,Over 100k
75003964,202202,73,2,1,NC,Some College,Under 50k
75003967,202202,44,2,1,GA,College,Over 100k
75003972,202201,45,2,2,LA,College,Under 50k
75003977,202201,37,1,1,NY,Some College,50k to 100k
75003981,202201,69,2,2,NC,Some College,Under 50k
75003983,202201,60,1,2,KY,Some College,50k to 100k
75003985,202201,35,1,1,NC,Some College,Under 50k
75003988,202201,26,2,2,OR,Some College,50k to 100k
75003990,202202,46,2,1,CA,Some College,Over 100k
75003991,202201,25,1,1,AR,Some College,50k to 100k
75004004,202201,47,2,1,MO,College,Over 100k
75004006,202201,39,1,1,MN,College,Over 100k
75004007,202201,40,1,1,NY,College,50k to 100k
75004010,202201,35,1,1,KS,Some College,50k to 100k
75004015,202201,76,2,1,CO,College,Over 100k
75004017,202201,69,1,2,CA,High School,Under 50k
75004020,202201,46,2,1,KY,College,50k to 100k
75004021,202201,33,2,2,KY,College,50k to 100k
75004023,202201,52,2,1,WA,College,Over 100k
75004026,202201,55,2,1,TX,College,50k to 100k
75004027,202201,97,2,2,TN,Some College,50k to 100k
75004029,202201,72,2,1,FL,Some College,50k to 100k
75004051,202201,34,1,1,AL,College,Over 100k
75004060,202201,36,2,1,PA,College,Over 100k
75004064,202202,65,1,2,WV,College,Over 100k
75004070,202201,53,2,2,IN,College,50k to 100k
75004072,202201,43,2,1,TN,Some College,50k to 100k
75004075,202201,58,2,1,TX,College,Over 100k
75004077,202201,25,1,1,AR,College,50k to 100k
75004082,202201,42,2,1,GA,Some College,50k to 100k
75004096,202201,40,2,1,UT,College,Over 100k
75004100,202201,47,2,1,NJ,Some College,Over 100k
75004102,202201,47,1,2,OH,College,Under 50k
75004104,202202,70,2,1,OH,Some College,Under 50k
75004105,202201,48,1,1,PA,College,Over 100k
75004114,202201,59,1,2,MI,Some College,Under 50k
75004115,202201,35,2,1,IN,College,50k to 100k
75004123,202202,48,1,1,NJ,Some College,Over 100k
75004128,202202,61,1,2,FL,High School,Under 50k
75004133,202202,29,1,2,MN,College,50k to 100k
75004134,202202,57,1,1,VA,College,Over 100k
75004135,202202,46,1,1,CO,Some College,50k to 100k
75004136,202202,79,2,1,CO,College,Over 100k
75004149,202202,78,1,2,MN,College,Over 100k
75004151,202202,41,1,1,KY,Some College,Under 50k
75004154,202202,65,1,2,AZ,Some College,50k to 100k
75004157,202202,28,2,2,NY,College,50k to 100k
75004169,202202,50,1,1,CA,College,Over 100k
75004173,202202,23,1,1,NC,College,50k to 100k
75004174,202202,30,1,1,WA,College,Over 100k
75004188,202202,29,2,1,CA,Some College,Under 50k
75004192,202202,44,2,2,WA,College,50k to 100k
75004210,202202,49,2,2,GA,High School,Under 50k
75004216,202202,59,2,1,CA,College,Over 100k
75004219,202202,47,1,2,NC,Some College,Under 50k
75004221,202202,29,2,1,OR,College,Over 100k
75004224,202202,34,2,2,OH,College,50k to 100k
75004226,202202,28,2,1,KY,High School,Under 50k
75004227,202202,27,1,1,AR,College,Over 100k
75004228,202202,68,2,1,NY,College,Over 100k
75004239,202202,47,1,2,FL,College,50k to 100k
75004241,202202,55,1,2,TX,College,Over 100k
75004244,202202,48,2,1,GA,College,Over 100k
75004247,202202,32,1,2,NJ,College,50k to 100k
75004248,202202,73,2,1,PA,College,Over 100k
75004250,202202,45,1,2,NY,High School,50k to 100k
75004252,202202,69,2,1,MS,College,Under 50k
75004255,202202,36,2,1,IL,College,Over 100k
75004258,202202,55,2,1,NY,College,50k to 100k
75004260,202202,29,1,1,IN,College,50k to 100k
75004264,202202,38,2,2,KY,Some College,Under 50k
75004268,202202,37,2,1,AZ,High School,Over 100k
75004270,202202,64,1,2,MN,College,Under 50k
75004282,202202,67,2,1,MA,College,50k to 100k
75004283,202203,38,2,1,IA,High School,Over 100k
75004289,202202,29,2,1,KS,College,Over 100k
75004294,202203,60,2,1,SC,College,Over 100k
75004295,202202,44,2,1,IL,Some College,Over 100k
75004297,202202,60,1,1,DE,High School,Over 100k
75004302,202202,77,2,1,KS,College,Over 100k
75004305,202203,69,1,2,CA,College,Under 50k
75004310,202202,48,2,1,MT,College,50k to 100k
75004314,202202,42,1,1,UT,Some College,50k to 100k
75004318,202202,49,2,1,FL,Some College,Under 50k
75004324,202202,31,2,2,KY,College,50k to 100k
75004328,202202,47,1,1,NC,College,Over 100k
75004332,202202,67,1,2,TN,High School,Under 50k
75004333,202202,37,1,1,MN,Some College,50k to 100k
75004335,202203,68,2,1,IL,Some College,Over 100k
75004336,202203,70,2,1,NC,High School,50k to 100k
75004337,202202,55,2,1,VA,College,Over 100k
75004338,202202,60,1,1,MI,College,Over 100k
75004339,202202,78,2,1,NM,Some College,50k to 100k
75004344,202202,32,1,2,IL,High School,Under 50k
75004345,202202,39,1,2,IL,High School,Under 50k
75004348,202202,34,2,2,NM,College,Under 50k
75004349,202202,18,2,2,CT,Some College,Over 100k
75004350,202203,78,2,1,CT,College,50k to 100k
75004351,202203,36,1,1,MA,College,50k to 100k
75004353,202202,61,2,1,CA,Some College,Over 100k
75004358,202202,50,2,1,TX,College,Over 100k
75004360,202202,79,2,1,HI,College,Over 100k
75004363,202202,31,2,1,ID,Some College,Under 50k
75004364,202202,39,2,1,UT,Some College,Over 100k
75004366,202203,35,1,1,IL,Some College,Over 100k
75004372,202202,43,2,1,FL,College,50k to 100k
75004375,202202,31,1,1,IA,College,50k to 100k
75004376,202202,28,2,2,OH,Some College,Under 50k
75004379,202203,71,2,1,IA,College,50k to 100k
75004385,202202,76,2,1,NM,College,50k to 100k
75004390,202202,47,1,1,MO,Some College,Over 100k
75004392,202202,58,1,1,NC,College,Over 100k
75004393,202203,73,2,1,GA,College,50k to 100k
75004394,202202,33,1,1,NJ,College,Under 50k
75004399,202203,30,2,1,UT,High School,Over 100k
75004403,202202,47,1,2,IL,Some College,Under 50k
75004404,202203,68,2,1,MD,College,50k to 100k
75004407,202202,37,1,2,VA,High School,Under 50k
75004408,202202,66,1,1,CA,Some College,Over 100k
75004411,202202,78,1,2,PA,Some College,50k to 100k
75004420,202202,59,2,1,VA,College,Over 100k
75004425,202203,75,2,1,MI,Some College,50k to 100k
75004426,202202,36,2,1,OK,Some College,Over 100k
75004427,202202,55,1,1,KY,High School,Under 50k
75004428,202202,51,2,1,KY,Some College,50k to 100k
75004429,202202,58,2,2,TX,Some College,50k to 100k
75004430,202202,30,1,2,NY,Some College,Under 50k
75004432,202202,26,1,1,TX,College,Over 100k
75004437,202202,37,1,2,WI,College,50k to 100k
75004444,202202,25,2,2,PA,High School,50k to 100k
75004449,202202,67,1,1,NC,Some College,50k to 100k
75004450,202203,50,1,1,NC,College,Over 100k
75004451,202203,51,1,1,FL,College,Over 100k
75004455,202202,63,1,1,OH,Some College,Under 50k
75004456,202202,38,2,2,IL,College,50k to 100k
75004458,202202,24,2,1,MA,College,Over 100k
75004461,202202,29,1,1,MO,College,50k to 100k
75004462,202202,51,2,2,CO,Some College,Over 100k
75004463,202202,45,2,1,MD,High School,Over 100k
75004464,202202,60,1,1,WI,Some College,Under 50k
75004467,202202,72,2,1,NY,College,Over 100k
75004470,202202,81,2,2,PA,College,Under 50k
75004472,202202,29,1,2,PA,College,50k to 100k
75004476,202202,35,1,1,MI,Some College,Under 50k
75004481,202202,40,2,2,NY,College,50k to 100k
75004482,202202,60,2,1,PA,Some College,Under 50k
75004484,202202,37,1,1,PA,Some College,Over 100k
75004499,202202,54,2,2,KY,Some College,Over 100k
75004500,202203,38,2,1,OH,Some College,50k to 100k
75004502,202202,37,2,2,CA,College,50k to 100k
75004510,202202,39,1,1,WI,College,Over 100k
75004517,202202,53,2,1,WA,College,Over 100k
75004520,202202,54,1,1,RI,College,Over 100k
75004521,202202,68,1,1,NY,Some College,50k to 100k
75004522,202203,47,1,1,MI,Some College,50k to 100k
75004525,202202,23,2,2,WY,College,Under 50k
75004529,202202,37,1,1,WA,College,Over 100k
75004531,202202,44,1,1,MI,College,50k to 100k
75004532,202202,27,2,2,CO,High School,Over 100k
75004535,202202,83,2,1,TX,College,Under 50k
75004537,202202,66,2,1,PA,College,Over 100k
75004538,202202,35,2,2,KY,Some College,Under 50k
75004542,202202,38,2,1,OK,College,50k to 100k
75004544,202202,59,2,1,SC,High School,Over 100k
75004545,202202,40,2,1,NJ,College,Over 100k
75004546,202202,31,1,2,CT,Some College,Under 50k
75004547,202202,46,2,1,MD,Some College,50k to 100k
75004548,202202,55,2,1,CA,College,Under 50k
75004549,202203,52,1,1,NH,Some College,Over 100k
75004550,202202,51,1,1,NC,College,Over 100k
75004551,202202,54,2,2,NY,College,Under 50k
75004553,202203,22,1,2,RI,College,Over 100k
75004555,202203,30,1,1,IA,College,50k to 100k
75004566,202203,28,1,2,NJ,College,Over 100k
75004569,202203,29,1,1,CA,College,50k to 100k
75004571,202203,51,1,1,MO,College,Under 50k
75004575,202203,48,1,1,AR,Some College,50k to 100k
75004580,202203,37,1,2,OR,College,50k to 100k
75004581,202203,58,2,2,TX,College,50k to 100k
75004582,202203,27,1,2,VA,College,Over 100k
75004585,202204,40,2,1,NC,College,50k to 100k
75004586,202203,33,1,2,MO,Some College,50k to 100k
75004588,202203,55,1,2,FL,College,Over 100k
75004589,202203,33,2,2,CA,College,Over 100k
75004590,202204,56,1,1,AK,Some College,Under 50k
75004593,202204,38,2,1,GA,Some College,Over 100k
75004599,202203,37,1,1,NJ,College,Under 50k
75004603,202204,38,1,1,OH,College,Over 100k
75004604,202203,70,1,2,TN,High School,Under 50k
75004606,202203,28,1,1,OH,High School,Over 100k
75004607,202204,71,2,1,NC,Some College,Over 100k
75004610,202203,31,2,1,OH,High School,50k to 100k
75004623,202203,65,2,1,TX,College,Over 100k
75004628,202203,74,1,1,MD,College,Over 100k
75004642,202203,44,1,1,ID,Some College,Over 100k
75004647,202204,52,2,1,WA,High School,Over 100k
75004650,202203,71,2,1,KY,High School,50k to 100k
75004653,202204,61,2,1,AL,College,50k to 100k
75004668,202203,71,2,2,NY,Some College,Under 50k
75004672,202204,37,1,1,OK,Some College,Over 100k
75004676,202203,67,2,1,MI,Some College,50k to 100k
75004680,202203,43,1,1,KY,Some College,50k to 100k
75004681,202203,36,1,1,AL,College,50k to 100k
75004688,202204,44,1,2,OH,College,50k to 100k
75004689,202203,26,1,1,AL,Some College,50k to 100k
75004690,202203,45,1,2,AL,College,50k to 100k
75004692,202203,32,1,1,IN,College,50k to 100k
75004694,202203,54,1,1,CA,Some College,Over 100k
75004695,202204,64,2,2,CA,Some College,Under 50k
75004699,202203,40,2,1,ID,High School,50k to 100k
75004710,202204,56,2,1,OR,Some College,Over 100k
75004712,202204,50,2,1,OR,College,Over 100k
75004713,202203,34,1,1,NC,Some College,50k to 100k
75004719,202203,42,1,2,CA,Some College,Under 50k
75004721,202203,38,2,1,VT,College,Over 100k
75004722,202203,45,2,1,AR,College,Under 50k
75004724,202204,38,2,1,AL,College,Over 100k
75004725,202204,52,2,2,AL,College,Over 100k
75004730,202203,68,2,2,OK,Some College,Under 50k
75004734,202204,72,2,2,PA,Some College,50k to 100k
75004743,202203,39,1,2,VA,College,Over 100k
75004750,202203,38,1,1,WV,College,50k to 100k
75004754,202203,38,1,1,IA,College,Over 100k
75004756,202203,45,1,2,CA,Some College,Under 50k
75004757,202203,23,2,2,CA,College,Over 100k
75004761,202204,48,1,2,TX,College,Over 100k
75004769,202203,90,2,1,TN,College,50k to 100k
75004772,202204,65,1,1,PA,College,Over 100k
75004789,202203,57,2,1,TX,College,Over 100k
75004790,202203,52,1,1,CA,High School,Under 50k
75004794,202204,62,1,1,WY,High School,50k to 100k
75004797,202203,63,2,1,IL,Some College,Under 50k
75004798,202203,40,1,1,UT,College,50k to 100k
75004801,202203,42,1,2,VA,High School,Under 50k
75004807,202204,35,1,1,DE,Some College,50k to 100k
75004808,202203,58,2,1,CA,College,Under 50k
75004811,202203,66,1,2,MO,Some College,50k to 100k
75004812,202203,35,1,2,TN,College,50k to 100k
75004819,202203,67,1,1,FL,College,50k to 100k
75004821,202204,37,2,1,MI,College,50k to 100k
75004826,202203,30,2,1,AK,College,Over 100k
75004829,202203,49,2,1,MN,College,Over 100k
75004838,202203,59,1,1,KY,Some College,Under 50k
75004839,202203,64,2,1,NY,Some College,50k to 100k
75004841,202204,38,1,1,MA,College,Over 100k
75004842,202203,53,1,1,MA,College,50k to 100k
75004845,202203,37,1,2,LA,Some College,Under 50k
75004849,202204,61,1,1,PA,Some College,50k to 100k
75004851,202203,60,2,1,MN,Some College,Over 100k
75004860,202203,29,2,2,WA,College,50k to 100k
75004861,202203,52,2,2,OR,College,Over 100k
75004864,202203,38,1,2,MS,Some College,Under 50k
75004866,202203,59,1,2,CA,College,Over 100k
75004870,202203,29,2,1,OH,College,Over 100k
75004871,202203,46,1,1,OH,College,Over 100k
75004873,202203,41,1,1,TX,College,Over 100k
75004875,202203,56,1,2,WI,College,50k to 100k
75004877,202203,38,1,1,IN,Some College,Under 50k
75004878,202204,45,2,1,DE,College,Over 100k
75004880,202203,40,2,1,OH,College,50k to 100k
75004883,202203,48,1,1,CO,College,Over 100k
75004887,202203,23,1,2,IL,Some College,50k to 100k
75004888,202203,47,2,1,TX,Some College,50k to 100k
75004890,202204,89,2,1,TX,High School,50k to 100k
75004892,202203,33,2,1,TN,High School,50k to 100k
75004893,202203,49,1,2,GA,Some College,Under 50k
75004894,202203,53,2,2,PA,Some College,50k to 100k
75004896,202204,40,2,1,AZ,Some College,Over 100k
75004900,202203,36,2,1,MO,Some College,50k to 100k
75004908,202203,41,2,1,IL,Some College,Over 100k
75004910,202203,38,2,2,CA,College,Over 100k
75004912,202203,61,1,2,IN,College,Under 50k
75004914,202204,33,2,1,CA,College,Over 100k
75004917,202203,41,1,1,MI,Some College,Over 100k
75004920,202203,34,2,1,MS,College,Over 100k
75004921,202203,63,1,1,NY,College,50k to 100k
75004924,202203,49,2,1,OH,College,Over 100k
75004927,202204,68,2,1,MI,College,50k to 100k
75004928,202203,36,2,1,MN,College,50k to 100k
75004929,202203,39,2,1,MI,College,Over 100k
75004930,202204,20,1,2,OH,High School,Over 100k
75004934,202204,44,1,1,PA,College,Over 100k
75004937,202203,24,1,1,CO,Some College,50k to 100k
75004939,202204,48,2,1,NJ,Some College,Over 100k
75004952,202203,46,2,1,TX,College,Over 100k
75004953,202203,52,2,2,NJ,High School,Under 50k
75004957,202204,60,2,1,NE,College,Over 100k
75004958,202203,42,2,1,CA,High School,Over 100k
75004959,202203,60,1,1,CA,College,Over 100k
75004963,202203,82,1,2,CO,High School,Under 50k
75004964,202203,64,1,1,FL,High School,Over 100k
75004965,202204,55,1,1,FL,College,50k to 100k
75004966,202203,34,2,1,MD,College,50k to 100k
75004970,202203,64,1,2,CA,Some College,Under 50k
75004973,202203,31,2,1,WI,College,Over 100k
75004979,202203,62,2,2,OH,High School,Under 50k
75004981,202203,34,1,1,PA,Some College,Under 50k
75004985,202203,78,1,1,AL,College,Under 50k
75004989,202204,43,2,1,NY,College,Over 100k
75004993,202203,30,1,2,AZ,College,Over 100k
75004994,202203,27,1,1,ID,High School,50k to 100k
75004996,202204,49,2,1,CA,Some College,Over 100k
75004997,202203,61,2,1,CA,Some College,Over 100k
75004998,202203,70,1,2,WA,Some College,Under 50k
75004999,202204,33,1,1,MA,College,Over 100k
75005001,202203,25,2,2,NC,High School,Under 50k
75005006,202203,73,1,2,FL,Some College,Under 50k
75005021,202203,67,2,1,FL,College,50k to 100k
75005025,202203,40,2,2,PA,Some College,50k to 100k
75005026,202203,48,2,1,NY,College,Over 100k
75005027,202203,71,1,1,MO,College,Under 50k
75005029,202203,31,1,1,NY,College,50k to 100k
75005039,202203,24,2,2,AL,College,Under 50k
75005043,202204,44,1,1,FL,College,Over 100k
75005045,202203,48,2,2,NJ,College,Under 50k
75005050,202204,50,2,1,CA,College,Over 100k
75005052,202203,64,1,1,MN,Some College,Over 100k
75005057,202203,71,2,1,PA,Some College,Over 100k
75005069,202203,33,2,2,NY,College,50k to 100k
75005072,202203,42,2,1,MI,High School,50k to 100k
75005084,202203,63,2,2,PA,College,Under 50k
75005097,202203,33,1,1,NJ,College,Over 100k
75005101,202203,41,1,1,WI,Some College,Over 100k
75005106,202203,63,1,2,GA,College,Under 50k
75005110,202203,81,1,2,IA,Some College,Under 50k
75005114,202203,45,1,2,OR,Some College,Under 50k
75005115,202203,65,2,2,MD,Some College,Under 50k
75005119,202204,58,2,2,MN,Some College,50k to 100k
75005126,202203,66,1,2,CT,Some College,Under 50k
75005127,202203,42,1,2,FL,College,50k to 100k
75005129,202203,50,1,1,CA,College,Under 50k
75005132,202203,33,1,2,MO,High School,Under 50k
75005143,202203,36,1,1,NY,College,Under 50k
75005144,202203,22,1,1,LA,Some College,Under 50k
75005155,202203,65,2,1,AR,High School,50k to 100k
75005161,202203,30,2,1,PA,College,50k to 100k
75005168,202203,60,2,2,CO,Some College,50k to 100k
75005171,202203,43,1,2,NY,High School,Under 50k
75005175,202203,54,2,2,MI,College,Under 50k
75005187,202203,29,1,1,TN,College,50k to 100k
75005190,202203,25,2,2,NY,College,Over 100k
75005483,202204,44,2,1,OH,Some College,Over 100k
75005488,202204,60,1,1,NC,Some College,Under 50k
75005498,202204,42,2,1,IN,College,Over 100k
75005504,202205,41,1,1,TX,College,Over 100k
75005505,202204,69,2,1,SC,Some College,Under 50k
75005507,202204,67,2,2,FL,Some College,Under 50k
75005509,202204,35,1,1,TX,College,50k to 100k
75005516,202204,37,2,1,WA,College,Over 100k
75005518,202204,33,1,2,CA,College,50k to 100k
75005519,202204,77,1,2,CA,College,Over 100k
75005521,202204,54,1,1,FL,Some College,Over 100k
75005527,202205,38,1,1,IL,College,Over 100k
75005529,202204,41,2,1,NJ,College,Over 100k
75005532,202204,68,1,1,OR,College,50k to 100k
75005535,202204,26,1,1,NY,College,50k to 100k
75005554,202204,40,1,1,OR,College,Over 100k
75005558,202204,64,1,2,VA,College,Under 50k
75005559,202204,41,2,2,CA,High School,Under 50k
75005560,202205,59,2,1,MO,Some College,Under 50k
75005561,202204,41,1,1,LA,Some College,50k to 100k
75005562,202204,40,1,1,LA,College,Over 100k
75005566,202204,34,2,1,OH,College,Over 100k
75005567,202204,59,2,1,NC,High School,50k to 100k
75005572,202204,30,2,1,CO,College,Over 100k
75005573,202204,29,2,2,WV,Some College,Under 50k
75005575,202204,52,1,1,TN,College,Over 100k
75005579,202204,36,2,1,KY,High School,Under 50k
75005580,202204,77,2,1,KS,Some College,Under 50k
75005587,202204,71,2,1,PA,Some College,Under 50k
75005589,202204,39,1,2,NY,College,50k to 100k
75005590,202204,60,1,2,WV,Some College,Under 50k
75005592,202205,71,1,2,IL,College,Under 50k
75005594,202204,24,1,2,IL,College,50k to 100k
75005602,202204,75,1,2,IN,Some College,Under 50k
75005603,202204,70,1,2,TN,High School,Under 50k
75005607,202204,85,1,2,TX,Some College,Under 50k
75005612,202204,38,2,1,MD,Some College,Under 50k
75005618,202204,44,1,1,GA,College,Over 100k
75005624,202204,45,1,2,IL,College,Under 50k
75005628,202204,57,1,1,TN,High School,Over 100k
75005632,202205,40,2,1,CA,College,Over 100k
75005633,202204,78,2,1,NC,College,50k to 100k
75005634,202205,77,1,1,AZ,College,50k to 100k
75005652,202204,54,1,2,AZ,College,50k to 100k
75005654,202204,50,1,2,TX,Some College,50k to 100k
75005663,202204,39,1,2,LA,High School,Under 50k
75005668,202204,53,1,2,ME,College,Under 50k
75005669,202204,48,1,2,IA,High School,Under 50k
75005674,202204,72,2,1,MI,College,Under 50k
75005692,202204,85,2,1,OH,High School,Under 50k
75005693,202204,68,2,2,AR,High School,Under 50k
75005696,202205,37,2,2,HI,College,Over 100k
75005699,202204,40,1,1,FL,Some College,Under 50k
75005701,202204,56,1,2,PA,College,Under 50k
75005702,202204,60,1,1,WA,High School,50k to 100k
75005708,202205,67,1,1,GA,Some College,Over 100k
75005709,202205,57,1,1,NE,Some College,Over 100k
75005710,202204,67,1,1,OH,Some College,50k to 100k
75005711,202204,59,2,1,OR,College,50k to 100k
75005713,202204,44,1,2,AL,High School,Under 50k
75005714,202204,29,2,2,WI,College,Under 50k
75005717,202204,62,2,1,NJ,College,Over 100k
75005724,202204,4,1,2,OH,Some College,Under 50k
75005726,202204,54,2,1,UT,College,Over 100k
75005727,202205,55,2,1,UT,College,Over 100k
75005728,202205,39,1,1,UT,Some College,Over 100k
75005731,202204,56,2,1,CA,Some College,50k to 100k
75005732,202204,53,2,2,NM,College,50k to 100k
75005736,202204,75,2,1,TX,Some College,50k to 100k
75005737,202204,90,2,1,NY,College,50k to 100k
75005739,202204,73,2,2,MT,Some College,50k to 100k
75005740,202204,65,1,1,TX,College,50k to 100k
75005751,202204,23,1,1,KS,College,Under 50k
75005753,202204,65,2,2,GA,Some College,Under 50k
75005758,202204,46,1,2,FL,College,Under 50k
75005759,202204,46,2,2,MN,High School,Under 50k
75005774,202204,34,2,1,TN,College,50k to 100k
75005777,202204,26,1,1,WI,College,50k to 100k
75005779,202205,66,1,2,NC,Some College,50k to 100k
75005786,202204,30,1,1,OR,College,Over 100k
75005800,202204,56,1,1,CO,High School,Under 50k
75005802,202205,73,1,2,TX,Some College,Under 50k
75005807,202204,45,1,1,CO,College,Over 100k
75005810,202204,42,2,1,WA,College,50k to 100k
75005818,202204,47,1,1,SC,Some College,50k to 100k
75005840,202204,41,1,2,NC,College,50k to 100k
75005848,202204,39,1,1,KS,Some College,50k to 100k
75005853,202204,38,1,1,NY,College,50k to 100k
75005858,202204,37,1,2,KY,High School,Under 50k
75005859,202204,40,1,2,MO,College,Under 50k
75005872,202204,60,1,1,PA,College,Over 100k
75005873,202204,32,1,2,ME,College,50k to 100k
75005875,202204,43,2,1,NH,College,Over 100k
75005876,202204,73,2,2,TX,College,Under 50k
75005880,202204,60,2,1,TX,Some College,Over 100k
75005884,202204,45,1,1,NJ,College,Over 100k
75005887,202204,41,1,2,NY,Some College,Under 50k
75005890,202204,44,1,1,OH,Some College,Over 100k
75005903,202204,45,1,1,NV,Some College,Over 100k
75005905,202204,82,1,2,AZ,College,Under 50k
75005916,202204,69,1,1,CA,Some College,50k to 100k
75005919,202204,30,1,2,TX,College,Under 50k
75005921,202204,28,1,1,CA,College,Over 100k
75005922,202204,30,1,1,CA,Some College,50k to 100k
75005934,202204,27,2,1,AZ,College,50k to 100k
75005940,202204,47,2,1,ND,College,Over 100k
75005945,202205,41,1,1,MO,College,50k to 100k
75005947,202204,41,1,1,MI,High School,50k to 100k
75005949,202204,72,2,2,MO,Some College,Under 50k
75005953,202204,57,2,1,TX,Some College,Over 100k
75005959,202204,27,2,1,GA,College,50k to 100k
75005960,202204,72,2,1,FL,College,Under 50k
75005964,202204,38,1,2,OH,Some College,Under 50k
75005966,202204,62,1,2,AR,High School,Under 50k
75005969,202204,70,2,1,NY,College,Over 100k
75005972,202204,64,1,2,PA,Some College,Under 50k
75005973,202204,61,1,1,VA,College,50k to 100k
75005974,202204,46,2,1,VA,College,Over 100k
75005976,202204,45,2,1,TN,Some College,50k to 100k
75005980,202204,62,1,2,CA,College,50k to 100k
75005987,202204,37,1,1,SC,Some College,Under 50k
75005990,202205,51,1,1,AZ,Some College,50k to 100k
75005995,202204,36,1,1,TX,Some College,50k to 100k
75005996,202204,70,2,2,MO,Some College,Under 50k
75006012,202205,55,1,1,CT,College,Under 50k
75006013,202205,30,1,1,PA,Some College,50k to 100k
75006017,202205,73,2,2,NM,College,Under 50k
75006023,202205,54,1,2,SC,College,Under 50k
75006026,202205,46,1,1,CA,College,50k to 100k
75006030,202205,56,2,1,ME,College,Over 100k
75006035,202206,62,1,2,TX,College,Over 100k
75006036,202206,36,1,1,ID,College,Over 100k
75006039,202206,72,1,2,OH,College,50k to 100k
75006046,202205,42,2,1,CA,College,Over 100k
75006048,202205,58,1,2,OK,College,Under 50k
75006050,202205,27,1,1,WA,Some College,Over 100k
75006052,202206,45,2,1,MO,College,50k to 100k
75006059,202205,28,1,2,TN,College,Under 50k
75006067,202205,24,2,2,VA,College,Under 50k
75006071,202205,24,1,1,CA,College,Over 100k
75006073,202205,53,1,1,FL,College,50k to 100k
75006077,202205,58,2,2,MO,College,50k to 100k
75006079,202205,37,1,1,GA,Some College,Over 100k
75006081,202205,53,1,1,WA,High School,Under 50k
75006086,202205,49,1,1,WA,College,Over 100k
75006099,202205,37,1,2,MO,College,50k to 100k
75006100,202205,76,2,1,MI,Some College,Under 50k
75006101,202206,71,1,1,ME,Some College,Under 50k
75006102,202205,49,1,1,IN,High School,50k to 100k
75006104,202205,46,2,1,KS,College,Over 100k
75006105,202205,57,2,1,MO,College,50k to 100k
75006106,202205,46,2,2,KS,College,Over 100k
75006111,202206,45,2,1,WI,College,50k to 100k
75006112,202205,27,2,1,WI,College,50k to 100k
75006114,202206,50,2,1,MI,College,Over 100k
75006115,202205,63,1,1,TN,College,Under 50k
75006117,202206,26,2,1,MO,Some College,50k to 100k
75006119,202205,63,2,1,MA,Some College,50k to 100k
75006121,202205,43,2,2,KY,College,Under 50k
75006122,202206,73,1,1,TN,Some College,50k to 100k
75006126,202205,57,1,2,CA,College,Over 100k
75006129,202205,55,1,1,MA,Some College,50k to 100k
75006134,202205,32,1,1,MS,High School,Under 50k
75006136,202205,40,2,2,TX,College,50k to 100k
75006149,202205,68,1,2,NV,College,Under 50k
75006153,202205,29,1,1,NY,College,Under 50k
75006164,202205,55,2,1,VA,Some College,50k to 100k
75006170,202206,52,1,1,FL,Some College,50k to 100k
75006176,202205,66,1,2,GA,High School,Under 50k
75006178,202205,36,1,2,TX,Some College,Under 50k
75006179,202205,58,2,1,GA,Some College,Over 100k
75006180,202205,59,2,2,MS,College,Under 50k
75006184,202206,37,1,2,GA,Some College,50k to 100k
75006188,202205,62,1,1,MN,College,Over 100k
75006190,202205,75,2,1,NJ,College,50k to 100k
75006192,202206,73,2,1,NY,College,Over 100k
75006200,202205,47,2,1,OR,Some College,Over 100k
75006207,202205,45,1,2,WI,Some College,Under 50k
75006214,202205,38,1,1,CA,College,Over 100k
75006215,202206,75,1,1,ME,Some College,50k to 100k
75006216,202206,50,2,1,PA,College,Over 100k
75006217,202205,51,2,1,IL,Some College,Over 100k
75006218,202205,64,2,1,AZ,Some College,Under 50k
75006247,202206,59,1,1,WI,Some College,Over 100k
75006251,202205,41,1,2,PA,Some College,Under 50k
75006253,202205,52,1,2,OK,Some College,Under 50k
75006254,202205,36,2,1,CA,High School,Over 100k
75006267,202205,29,1,1,IL,College,50k to 100k
75006277,202205,41,1,1,NY,College,50k to 100k
75006278,202205,47,2,1,PA,College,Over 100k
75006311,202205,27,2,1,IN,High School,Under 50k
75006312,202205,24,2,2,OH,College,50k to 100k
75006336,202205,74,2,1,MO,Some College,50k to 100k
75006338,202205,78,1,1,MA,College,Over 100k
75006341,202205,68,1,2,CO,College,Over 100k
75006342,202205,49,1,2,PA,High School,Under 50k
75006345,202206,25,1,2,IN,College,Under 50k
75006347,202206,63,1,2,OR,College,Under 50k
75006352,202205,52,1,1,PA,College,50k to 100k
75006358,202205,47,2,1,CA,Some College,Under 50k
75006363,202205,52,2,1,PA,Some College,Over 100k
75006370,202205,76,1,2,KY,Some College,50k to 100k
75006382,202206,50,2,2,GA,Some College,50k to 100k
75006386,202205,79,1,2,NH,College,Under 50k
75006389,202205,58,2,2,NH,Some College,Under 50k
75006392,202205,31,1,1,CA,College,Under 50k
75006395,202205,56,1,1,TN,College,50k to 100k
75006396,202205,72,1,1,SC,Some College,50k to 100k
75006398,202205,39,2,1,WI,College,Over 100k
75006402,202205,29,1,1,MA,College,Over 100k
75006404,202206,41,2,1,MD,College,Over 100k
75006405,202205,67,1,1,MI,College,50k to 100k
75006414,202205,67,1,2,MO,High School,Under 50k
75006415,202205,43,2,2,PA,High School,Under 50k
75006420,202206,72,2,2,OH,Some College,Under 50k
75006421,202206,66,2,1,MI,College,50k to 100k
75006424,202205,55,1,2,FL,College,50k to 100k
75006425,202205,42,2,2,FL,College,50k to 100k
75006428,202205,30,2,1,GA,College,50k to 100k
75006431,202205,28,1,1,NY,College,50k to 100k
75006432,202206,58,1,2,CA,College,Over 100k
75006436,202205,77,2,1,PA,Some College,Under 50k
75006441,202205,33,2,1,IL,Some College,50k to 100k
75006446,202205,49,2,2,CA,Some College,Under 50k
75006448,202206,62,2,2,NY,College,Under 50k
75006449,202205,35,2,1,AZ,College,Over 100k
75006451,202205,49,2,2,NY,College,Under 50k
75006453,202205,31,1,1,NY,College,Over 100k
75006463,202205,73,2,1,AZ,Some College,Under 50k
75006466,202205,70,2,1,TX,College,50k to 100k
75006472,202205,68,2,1,AL,College,50k to 100k
75006477,202205,50,2,1,OH,College,Over 100k
75006481,202205,37,2,1,PA,Some College,Over 100k
75006492,202206,51,2,2,NY,College,Over 100k
75006496,202205,78,1,2,NY,Some College,Under 50k
75006499,202205,26,2,2,FL,College,50k to 100k
75006500,202206,38,1,1,GA,College,Over 100k
75006501,202205,50,1,1,MN,College,50k to 100k
75006503,202205,54,1,2,AZ,Some College,Under 50k
75006506,202206,64,1,2,PA,Some College,Under 50k
75006507,202205,64,1,2,TX,College,Under 50k
75006509,202205,34,2,1,TN,College,50k to 100k
75006532,202205,72,2,1,MD,College,Over 100k
75006533,202205,42,2,1,MN,Some College,Over 100k
75006534,202206,56,2,1,MA,College,Over 100k
75006555,202205,46,2,1,FL,Some College,Over 100k
75006557,202205,23,1,1,WV,Some College,50k to 100k
75006560,202205,43,2,1,GA,College,50k to 100k
75006563,202205,32,1,1,NC,High School,Under 50k
75006580,202205,38,1,1,OK,Some College,50k to 100k
75006582,202205,28,1,1,WI,College,50k to 100k
75006584,202205,46,2,2,VA,Some College,50k to 100k
75006585,202205,40,2,1,OR,Some College,Over 100k
75006586,202205,60,1,1,AR,High School,Under 50k
75006597,202205,36,2,1,NY,College,Under 50k
75006620,202205,38,2,1,CO,College,Over 100k
75006621,202205,30,2,1,CO,College,Over 100k
75006626,202207,46,1,1,PA,College,50k to 100k
75006627,202206,50,1,1,VA,Some College,Over 100k
75006634,202207,24,2,1,TX,College,Over 100k
75006636,202206,46,2,2,IA,College,Over 100k
75006639,202206,42,1,1,CA,College,Over 100k
75006643,202206,59,2,1,OR,College,Over 100k
75006660,202206,29,1,1,VA,College,50k to 100k
75006661,202207,34,1,1,GA,High School,50k to 100k
75006663,202207,45,1,1,VA,Some College,50k to 100k
75006665,202206,37,1,2,GA,College,50k to 100k
75006667,202206,25,1,2,FL,High School,Under 50k
75006668,202206,29,1,1,NY,College,Under 50k
75006669,202206,52,2,2,NC,Some College,Under 50k
75006673,202206,60,2,1,PA,College,Over 100k
75006675,202206,40,1,2,TN,Some College,Under 50k
75006678,202206,47,1,1,ME,Some College,50k to 100k
75006679,202206,27,1,2,AL,Some College,Under 50k
75006680,202206,38,2,2,TN,College,Over 100k
75006684,202207,30,2,1,IA,College,Over 100k
75006685,202206,68,2,1,MO,High School,Under 50k
75006696,202206,71,2,1,MI,College,Over 100k
75006699,202207,63,2,2,OR,College,Over 100k
75006701,202206,55,2,1,VA,College,Over 100k
75006708,202207,32,2,1,FL,College,Over 100k
75006709,202206,34,1,1,SC,Some College,50k to 100k
75006710,202207,39,1,2,VA,College,Under 50k
75006715,202206,34,1,1,VA,College,Over 100k
75006719,202206,64,2,1,MS,Some College,50k to 100k
75006720,202206,42,1,1,CA,College,Over 100k
75006725,202206,26,2,2,OH,College,Under 50k
75006726,202207,39,2,1,MO,College,Over 100k
75006729,202206,75,2,1,TX,Some College,Under 50k
75006730,202207,78,2,1,TX,Some College,Under 50k
75006732,202206,47,2,1,NV,College,Over 100k
75006733,202206,67,1,2,TX,High School,Under 50k
75006737,202206,54,1,1,NY,College,Over 100k
75006741,202206,35,1,2,HI,Some College,Under 50k
75006756,202207,73,1,1,SC,High School,50k to 100k
75006757,202206,41,2,1,SC,College,Over 100k
75006758,202206,48,1,2,SC,College,50k to 100k
75006759,202206,29,1,1,NY,College,50k to 100k
75006765,202206,63,1,2,CA,College,Under 50k
75006773,202207,76,1,2,AK,College,50k to 100k
75006785,202206,39,1,1,FL,College,50k to 100k
75006786,202206,46,2,1,PA,High School,Under 50k
75006793,202206,37,1,2,CA,College,Over 100k
75006794,202206,38,1,1,CA,College,Over 100k
75006796,202206,75,2,1,FL,Some College,Under 50k
75006798,202206,32,2,1,OH,Some College,Under 50k
75006803,202206,66,1,1,VA,Some College,50k to 100k
75006804,202206,62,2,2,NJ,Some College,50k to 100k
75006808,202206,35,2,1,PA,College,Over 100k
75006812,202206,43,1,2,CT,College,Under 50k
75006816,202206,48,1,1,NY,High School,Over 100k
75006818,202206,45,2,1,OR,College,Over 100k
75006822,202206,48,2,1,CA,College,Over 100k
75006826,202207,49,1,2,IL,College,Under 50k
75006838,202206,57,1,2,FL,College,Under 50k
75006841,202206,59,2,1,TX,High School,50k to 100k
75006846,202206,52,2,2,MI,Some College,Under 50k
75006856,202206,47,1,2,NC,College,50k to 100k
75006857,202206,57,1,1,SC,High School,50k to 100k
75006862,202206,58,2,1,NJ,Some College,Over 100k
75006865,202206,41,1,2,SC,College,Over 100k
75006866,202207,56,1,1,SC,High School,Over 100k
75006873,202206,49,1,1,PA,College,Over 100k
75006875,202206,70,2,1,PA,Some College,50k to 100k
75006878,202206,41,2,2,MO,College,50k to 100k
75006880,202206,69,2,2,IL,College,Under 50k
75006882,202206,63,2,1,WA,Some College,Over 100k
75006887,202206,71,1,2,NV,Some College,Under 50k
75006888,202206,65,1,2,MN,High School,Under 50k
75006889,202207,49,1,1,MN,Some College,Under 50k
75006893,202206,58,1,2,IA,College,Under 50k
75006894,202206,61,1,2,CA,High School,Under 50k
75006895,202206,25,2,2,IA,High School,50k to 100k
75006896,202206,58,1,1,OR,High School,Under 50k
75006901,202206,43,1,2,AR,College,50k to 100k
75006909,202206,66,1,2,MI,College,50k to 100k
75006912,202206,35,1,2,CO,College,50k to 100k
75006917,202206,64,2,1,FL,High School,Under 50k
75006926,202206,65,2,2,OH,Some College,Under 50k
75006929,202206,42,2,1,OH,Some College,50k to 100k
75006934,202206,53,1,2,MI,Some College,50k to 100k
75006938,202206,43,1,2,MO,College,50k to 100k
75006939,202206,48,2,2,CA,College,Over 100k
75006952,202206,34,1,2,NY,Some College,Under 50k
75006953,202206,63,1,1,TN,College,Over 100k
75006961,202206,37,1,1,TX,Some College,Under 50k
75006967,202207,42,2,1,TX,College,Under 50k
75006970,202206,34,2,2,WA,College,Over 100k
75006979,202206,75,2,1,LA,College,50k to 100k
75007000,202206,36,1,1,UT,College,Over 100k
75007010,202206,40,1,2,KY,College,50k to 100k
75007014,202206,42,1,1,CA,Some College,Over 100k
75007018,202206,41,2,1,LA,College,50k to 100k
75007027,202206,77,2,2,MO,College,50k to 100k
75007029,202206,47,1,1,MO,Some College,50k to 100k
75007037,202206,58,2,1,TX,College,Over 100k
75007052,202207,78,2,1,TN,College,50k to 100k
75007062,202206,44,2,1,MA,College,Over 100k
75007074,202206,35,2,2,MO,High School,Under 50k
75007076,202206,30,2,1,IL,College,50k to 100k
75007077,202206,26,2,1,TX,College,Over 100k
75007079,202206,53,2,1,CO,College,Over 100k
75007084,202207,54,1,1,IL,Some College,Over 100k
75007090,202206,31,2,2,CA,College,50k to 100k
75007094,202207,74,2,1,GA,Some College,50k to 100k
75007095,202206,44,1,1,NY,College,Over 100k
75007099,202206,41,2,1,VA,College,Over 100k
75007100,202207,69,2,1,VA,College,Over 100k
75007101,202207,47,2,1,VA,College,50k to 100k
75007104,202207,41,2,1,NY,College,Over 100k
75007107,202206,34,1,2,OH,Some College,Under 50k
75007112,202206,73,1,2,NV,High School,Under 50k
75007117,202206,34,2,1,TX,College,Over 100k
75007120,202206,57,1,2,AR,Some College,Under 50k
75007125,202206,28,2,1,IL,Some College,50k to 100k
75007126,202207,37,2,1,IL,College,Under 50k
75007127,202206,39,1,2,NY,College,50k to 100k
75007142,202206,54,1,2,NJ,College,50k to 100k
75007147,202206,34,1,1,PA,College,Over 100k
75007148,202206,29,1,1,NY,College,50k to 100k
75007149,202206,51,2,2,KY,Some College,Under 50k
75007150,202207,50,1,2,FL,Some College,50k to 100k
75007154,202206,27,2,1,NV,College,Over 100k
75007155,202206,63,1,2,TX,Some College,Under 50k
75007158,202206,44,2,2,WA,College,50k to 100k
75007160,202207,49,2,1,ID,College,Over 100k
75007168,202206,46,2,1,ND,College,Over 100k
75007170,202207,58,1,2,IL,Some College,Under 50k
75007184,202207,36,1,1,MA,Some College,50k to 100k
75007187,202207,71,2,1,PA,College,Under 50k
75007201,202208,49,2,1,PA,College,Over 100k
75007202,202207,70,2,1,WA,High School,50k to 100k
75007205,202207,51,1,1,NC,College,50k to 100k
75007210,202208,50,2,1,IL,Some College,Over 100k
75007217,202207,34,2,1,NY,College,Over 100k
75007218,202207,77,2,1,PA,College,Over 100k
75007221,202207,43,2,1,CA,Some College,50k to 100k
75007223,202207,48,1,1,KY,College,Over 100k
75007227,202207,62,1,1,CT,College,Over 100k
75007230,202207,40,1,1,PA,Some College,50k to 100k
75007232,202207,51,2,2,AZ,Some College,Under 50k
75007233,202207,54,1,1,MI,Some College,50k to 100k
75007241,202208,39,1,1,VA,College,Over 100k
75007244,202207,30,1,2,CT,College,50k to 100k
75007251,202207,31,1,2,CO,Some College,Over 100k
75007252,202207,45,1,2,MI,Some College,Under 50k
75007256,202207,38,1,2,NY,College,Under 50k
75007257,202208,43,1,2,MN,College,50k to 100k
75007260,202208,75,2,1,NM,Some College,50k to 100k
75007266,202207,74,2,1,NY,College,50k to 100k
75007270,202207,43,1,1,MO,College,Over 100k
75007271,202207,25,1,2,PA,Some College,50k to 100k
75007273,202207,29,2,1,TX,College,Over 100k
75007279,202207,75,1,2,VA,College,Under 50k
75007280,202208,32,1,1,VA,College,50k to 100k
75007281,202207,29,2,1,AZ,College,50k to 100k
75007282,202207,40,1,2,FL,College,Under 50k
75007284,202207,42,1,2,NY,Some College,Under 50k
75007285,202207,40,1,2,NY,College,Under 50k
75007288,202207,73,2,1,FL,College,50k to 100k
75007289,202208,75,2,1,FL,Some College,50k to 100k
75007291,202207,24,1,1,TX,Some College,Under 50k
75007292,202207,73,2,1,CA,College,Over 100k
75007302,202207,60,1,1,NC,Some College,Under 50k
75007303,202207,30,1,2,CA,High School,Under 50k
75007320,202207,52,2,1,MI,High School,50k to 100k
75007321,202208,47,2,2,FL,College,Over 100k
75007323,202208,51,1,1,PA,Some College,Over 100k
75007326,202208,65,1,1,DE,College,50k to 100k
75007327,202207,42,1,1,NJ,High School,50k to 100k
75007328,202207,46,1,2,NY,Some College,Over 100k
75007329,202207,59,2,1,WV,Some College,Under 50k
75007334,202207,79,1,2,MT,High School,Under 50k
75007337,202207,68,2,2,MD,Some College,50k to 100k
75007343,202207,36,1,1,KY,Some College,50k to 100k
75007347,202207,26,2,1,MI,College,Over 100k
75007350,202207,62,2,1,AR,Some College,Under 50k
75007351,202207,68,1,1,PA,High School,Under 50k
75007352,202208,35,1,1,TX,College,50k to 100k
75007360,202207,70,1,2,WA,College,Under 50k
75007361,202207,59,1,2,OH,Some College,Under 50k
75007363,202207,55,1,2,WA,Some College,Under 50k
75007368,202207,48,1,2,OH,Some College,Under 50k
75007369,202207,49,1,1,MN,Some College,Over 100k
75007372,202207,29,1,1,OH,College,Over 100k
75007382,202208,51,1,1,PA,High School,Over 100k
75007384,202207,72,2,1,FL,College,Under 50k
75007386,202207,62,2,1,NY,College,Over 100k
75007390,202207,57,2,1,WA,College,Over 100k
75007393,202208,38,2,1,MD,College,Over 100k
75007399,202208,45,1,1,TX,College,Over 100k
75007411,202207,26,1,1,PA,College,Over 100k
75007412,202207,40,2,2,AR,College,50k to 100k
75007413,202208,58,1,1,IA,College,50k to 100k
75007414,202208,64,1,1,AR,College,Under 50k
75007415,202208,71,2,2,SC,Some College,Under 50k
75007416,202208,33,1,1,ID,College,50k to 100k
75007419,202207,66,2,2,TX,High School,Under 50k
75007422,202208,36,1,1,KS,College,Over 100k
75007428,202207,44,2,1,CA,College,Over 100k
75007429,202207,69,1,1,IL,College,Under 50k
75007430,202207,47,2,1,NM,College,50k to 100k
75007431,202207,75,2,2,GA,Some College,Under 50k
75007432,202207,40,1,1,TN,Some College,Under 50k
75007433,202207,61,1,1,NY,Some College,Under 50k
75007434,202208,42,2,1,MO,College,Over 100k
75007436,202207,50,1,2,IL,College,Under 50k
75007438,202207,35,2,1,CA,College,Over 100k
75007441,202208,62,2,1,AZ,High School,50k to 100k
75007443,202207,54,2,2,PA,College,Over 100k
75007444,202208,57,2,1,PA,College,Over 100k
75007445,202207,56,1,1,FL,College,50k to 100k
75007448,202207,65,1,2,LA,High School,Under 50k
75007452,202207,39,2,2,ND,College,Under 50k
75007454,202207,50,2,2,TX,Some College,Over 100k
75007457,202207,59,1,2,IN,Some College,Under 50k
75007466,202207,34,2,1,WA,College,Over 100k
75007468,202207,37,1,2,TX,College,50k to 100k
75007490,202207,60,1,2,IL,College,50k to 100k
75007496,202207,61,1,2,OH,Some College,Under 50k
75007501,202207,29,2,1,AZ,College,Over 100k
75007503,202208,75,2,1,MO,Some College,50k to 100k
75007509,202207,53,2,1,GA,College,50k to 100k
75007510,202208,65,2,1,VA,College,50k to 100k
75007511,202207,75,2,1,TN,College,50k to 100k
75007518,202207,68,1,2,IL,Some College,50k to 100k
75007522,202208,63,1,1,NH,College,Over 100k
75007528,202207,56,1,2,PA,College,Under 50k
75007530,202207,24,1,1,MI,College,Over 100k
75007533,202207,37,1,1,WA,High School,50k to 100k
75007535,202207,67,2,1,CA,College,Over 100k
75007536,202207,35,2,1,MA,College,50k to 100k
75007538,202207,33,1,1,TX,Some College,Under 50k
75007544,202207,37,2,2,OH,College,50k to 100k
75007548,202207,56,1,2,PA,Some College,50k to 100k
75007556,202207,57,1,2,TX,High School,Under 50k
75007558,202207,70,1,1,NJ,College,Over 100k
75007559,202207,54,2,1,MA,Some College,50k to 100k
75007566,202207,57,1,1,RI,Some College,Under 50k
75007576,202207,68,2,2,TN,College,50k to 100k
75007581,202207,32,1,2,GA,College,50k to 100k
75007583,202207,53,1,2,TX,Some College,50k to 100k
75007588,202208,49,1,1,FL,Some College,50k to 100k
75007593,202207,25,1,1,KS,High School,Under 50k
75007594,202207,64,1,1,VA,College,50k to 100k
75007598,202207,25,1,1,CA,College,Over 100k
75007616,202207,40,1,2,NC,College,50k to 100k
75007620,202207,55,1,1,TN,Some College,Under 50k
75007624,202207,36,2,1,NY,College,Under 50k
75007626,202207,31,2,1,MA,College,Over 100k
75007639,202207,57,1,1,IA,College,50k to 100k
75007644,202207,41,2,1,WI,Some College,Under 50k
75007652,202208,64,1,1,NY,College,Under 50k
75007653,202208,54,1,2,MO,College,Under 50k
75007654,202208,69,1,1,MO,College,50k to 100k
75007656,202207,46,1,2,LA,College,Under 50k
75007662,202208,31,1,1,ID,College,50k to 100k
75007664,202207,31,2,2,NY,College,Over 100k
75007667,202207,35,2,1,KS,Some College,Over 100k
75007670,202207,36,2,2,CA,College,Over 100k
75007674,202207,64,1,2,NV,Some College,Under 50k
75007683,202208,39,2,1,MI,Some College,Over 100k
75007685,202208,55,2,1,GA,College,Over 100k
75007696,202208,49,2,1,FL,Some College,Over 100k
75007697,202208,56,1,2,NJ,College,Over 100k
75007699,202208,32,2,1,CA,College,Over 100k
75007708,202208,52,1,1,AZ,Some College,50k to 100k
75007718,202208,34,1,1,NY,College,50k to 100k
75007723,202208,64,1,1,VA,High School,50k to 100k
75007736,202208,42,1,1,SC,College,50k to 100k
75007747,202208,31,2,2,MD,College,50k to 100k
75007749,202208,52,1,2,FL,College,Under 50k
75007773,202208,28,1,1,IL,Some College,50k to 100k
75007778,202208,31,1,1,CA,College,Over 100k
75007781,202208,39,2,1,PA,Some College,50k to 100k
75007785,202208,54,1,1,OH,College,50k to 100k
75007789,202208,67,1,1,CA,Some College,Under 50k
75007793,202208,71,1,2,RI,Some College,Under 50k
75007794,202208,56,2,1,TX,College,50k to 100k
75007797,202208,51,2,1,PA,College,Over 100k
75007798,202208,42,1,2,RI,High School,Under 50k
75007802,202208,45,1,1,KY,Some College,50k to 100k
75007816,202208,54,2,2,NC,Some College,Under 50k
75007825,202208,25,1,2,CA,College,50k to 100k
75007827,202208,52,2,1,NY,High School,50k to 100k
75007830,202208,66,2,2,OK,Some College,Under 50k
75007832,202208,44,1,2,NY,Some College,Under 50k
75007835,202208,39,2,1,CO,Some College,Under 50k
75007838,202208,57,1,1,TN,High School,Over 100k
75007839,202208,36,2,1,FL,Some College,Over 100k
75007845,202208,44,1,1,FL,College,50k to 100k
75007853,202208,42,2,1,PA,College,Over 100k
75007865,202208,60,2,1,HI,Some College,50k to 100k
75007872,202208,36,2,1,NY,College,Over 100k
75007874,202208,27,2,1,AR,College,Over 100k
75007877,202208,31,1,1,OH,College,Over 100k
75007880,202208,54,1,1,OH,High School,Over 100k
75007882,202208,47,2,1,HI,Some College,Over 100k
75007892,202208,49,2,2,MN,Some College,50k to 100k
75007895,202208,41,1,1,WI,Some College,Under 50k
75007903,202208,45,2,1,WI,Some College,50k to 100k
75007904,202208,26,1,1,WI,College,50k to 100k
75007921,202208,52,1,1,GA,College,Over 100k
75007922,202208,74,1,1,OH,College,50k to 100k
75007924,202208,47,2,1,OH,Some College,Under 50k
75007926,202208,81,2,1,SC,High School,Under 50k
75007927,202208,66,2,1,TN,Some College,Under 50k
75007928,202209,33,2,1,PA,College,Over 100k
75007932,202208,37,2,1,WA,College,Under 50k
75007936,202209,59,2,2,MA,Some College,Over 100k
75007938,202208,79,2,1,CA,College,Over 100k
75007941,202208,70,1,1,MI,Some College,Under 50k
75007943,202208,42,2,1,WA,Some College,Over 100k
75007945,202208,35,1,1,OH,College,Over 100k
75007953,202209,45,1,2,TX,College,Over 100k
75007956,202208,58,1,1,CA,College,Over 100k
75007957,202208,43,1,1,CA,College,Over 100k
75007961,202208,38,2,1,OH,College,50k to 100k
75007962,202209,59,2,1,OK,College,Over 100k
75007963,202208,43,2,2,IN,High School,Under 50k
75007972,202209,78,2,1,PA,Some College,50k to 100k
75007973,202208,55,2,1,NY,College,Over 100k
75007983,202208,39,2,1,MO,College,Over 100k
75007985,202209,35,1,1,CA,College,Over 100k
75007990,202208,39,1,1,NE,Some College,Under 50k
75007994,202208,66,2,1,NY,College,Over 100k
75008000,202208,28,2,1,SD,College,Over 100k
75008001,202208,74,2,1,NC,College,50k to 100k
75008010,202208,71,2,1,MT,College,Under 50k
75008011,202208,41,2,1,OH,College,Over 100k
75008013,202208,65,1,2,OH,College,Under 50k
75008015,202208,19,2,2,CA,Some College,50k to 100k
75008018,202209,43,1,1,IL,College,50k to 100k
75008019,202209,63,2,1,VA,College,Over 100k
75008022,202208,62,2,2,LA,Some College,Under 50k
75008027,202208,41,1,1,MO,Some College,Under 50k
75008031,202208,75,2,1,CO,Some College,Under 50k
75008035,202208,73,2,1,IN,Some College,Under 50k
75008040,202208,77,2,2,NC,College,Under 50k
75008046,202208,48,1,1,SC,College,Over 100k
75008048,202208,81,2,1,AR,High School,Under 50k
75008050,202208,64,1,2,CA,College,50k to 100k
75008057,202208,70,2,1,TX,High School,Under 50k
75008062,202208,61,2,2,NV,High School,Under 50k
75008067,202208,70,2,1,OK,Some College,50k to 100k
75008072,202208,81,2,1,MO,Some College,Under 50k
75008083,202209,84,2,2,LA,College,50k to 100k
75008084,202208,32,2,2,NY,College,Over 100k
75008087,202208,61,2,1,NY,College,50k to 100k
75008090,202209,72,2,1,AZ,Some College,Under 50k
75008093,202208,35,1,1,NY,High School,50k to 100k
75008096,202208,45,1,1,GA,High School,Under 50k
75008101,202208,70,2,1,MA,High School,Under 50k
75008102,202209,39,1,1,OR,College,Over 100k
75008104,202208,56,2,1,NC,College,Over 100k
75008112,202209,69,1,2,CO,Some College,50k to 100k
75008113,202209,57,2,1,CA,Some College,Over 100k
75008114,202209,61,1,2,KS,Some College,Under 50k
75008118,202209,47,1,1,TN,College,50k to 100k
75008127,202208,66,2,1,NJ,College,Over 100k
75008130,202209,35,2,1,OH,College,Over 100k
75008132,202208,35,1,1,FL,High School,Under 50k
75008139,202208,64,2,1,FL,Some College,50k to 100k
75008141,202208,50,2,1,ID,Some College,Over 100k
75008142,202208,51,1,2,MT,College,50k to 100k
75008145,202208,65,1,2,CA,Some College,Under 50k
75008150,202208,47,1,2,MO,College,Under 50k
75008153,202208,20,2,2,NY,Some College,Over 100k
75008154,202208,74,1,1,FL,Some College,Under 50k
75008157,202208,52,2,1,CA,College,Over 100k
75008161,202208,58,2,2,AZ,College,Under 50k
75008174,202208,28,1,2,IL,College,50k to 100k
75008176,202208,53,2,1,CA,College,Over 100k
75008177,202208,40,1,2,GA,College,50k to 100k
75008180,202208,31,2,2,PA,College,50k to 100k
75008183,202209,55,2,1,MI,College,Over 100k
75008193,202208,48,1,2,AL,Some College,50k to 100k
75008195,202208,52,2,2,CA,Some College,Over 100k
75008196,202208,47,1,2,CA,College,Over 100k
75008208,202209,78,1,2,FL,Some College,Under 50k
75008212,202209,44,1,1,AZ,College,Over 100k
75008221,202209,52,1,1,VA,College,Over 100k
75008223,202209,45,2,1,CA,College,Over 100k
75008224,202209,41,2,2,NY,College,50k to 100k
75008229,202210,66,2,1,IA,Some College,Over 100k
75008236,202209,64,1,1,AZ,High School,Over 100k
75008245,202209,31,2,2,MO,Some College,Under 50k
75008247,202209,37,1,2,IN,Some College,Under 50k
75008250,202209,42,1,1,MD,College,Over 100k
75008255,202209,46,1,1,TX,High School,50k to 100k
75008262,202210,42,2,1,MO,College,Over 100k
75008264,202210,67,2,1,CA,College,50k to 100k
75008265,202209,87,1,2,CA,High School,Under 50k
75008273,202209,63,1,2,TN,Some College,50k to 100k
75008277,202209,56,2,2,VA,College,Under 50k
75008279,202209,30,1,1,SC,College,Over 100k
75008286,202209,52,1,1,MN,College,Over 100k
75008288,202209,30,1,1,TX,College,50k to 100k
75008289,202209,58,2,1,NM,College,Over 100k
75008295,202209,31,1,2,OH,High School,Under 50k
75008300,202210,66,1,1,NY,College,50k to 100k
75008306,202209,48,1,2,FL,Some College,50k to 100k
75008308,202209,34,1,1,FL,College,50k to 100k
75008315,202209,55,2,2,OH,Some College,Under 50k
75008320,202210,40,1,1,NY,Some College,50k to 100k
75008322,202209,42,2,1,AZ,Some College,Under 50k
75008324,202209,49,2,1,UT,College,Over 100k
75008325,202209,26,1,1,UT,College,Over 100k
75008328,202210,72,2,2,CA,College,50k to 100k
75008333,202209,69,2,2,PA,Some College,50k to 100k
75008334,202209,60,2,2,TX,Some College,Over 100k
75008338,202209,59,2,1,NY,College,Over 100k
75008340,202209,41,2,2,CO,College,Over 100k
75008344,202209,31,1,1,CT,College,Over 100k
75008355,202209,73,2,1,GA,Some College,Under 50k
75008356,202210,41,2,1,SC,College,50k to 100k
75008357,202210,52,1,2,SC,Some College,Under 50k
75008358,202209,72,1,1,OR,High School,50k to 100k
75008359,202209,55,1,1,NY,College,50k to 100k
75008362,202210,70,1,2,LA,College,Under 50k
75008376,202210,53,2,1,NJ,College,Over 100k
75008377,202209,44,2,1,TN,Some College,Over 100k
75008381,202210,30,1,1,PA,College,Over 100k
75008383,202209,65,1,2,MS,College,Under 50k
75008391,202210,36,2,2,VA,College,50k to 100k
75008399,202210,65,1,2,NV,High School,Under 50k
75008404,202209,32,1,2,MD,College,Over 100k
75008411,202209,63,1,2,CA,Some College,Under 50k
75008414,202209,47,2,1,TN,Some College,Under 50k
75008420,202209,26,2,2,NC,College,50k to 100k
75008422,202210,58,1,1,CA,High School,50k to 100k
75008423,202209,69,1,1,NC,High School,Under 50k
75008429,202209,65,2,1,MN,High School,50k to 100k
75008430,202209,28,2,1,IL,Some College,Over 100k
75008434,202210,62,1,2,MI,College,Under 50k
75008438,202210,35,2,2,WI,Some College,50k to 100k
75008441,202210,55,2,1,UT,College,Over 100k
75008443,202210,30,2,1,WI,College,Over 100k
75008446,202209,24,1,2,IL,College,Under 50k
75008461,202209,39,1,2,AL,High School,Under 50k
75008468,202209,36,1,1,WI,Some College,Over 100k
75008469,202209,69,1,2,MN,College,50k to 100k
75008476,202209,41,2,1,OR,College,Over 100k
75008483,202209,50,1,2,GA,Some College,50k to 100k
75008486,202209,35,1,1,MI,College,Under 50k
75008498,202209,76,1,1,CO,Some College,Under 50k
75008505,202209,61,1,1,CA,Some College,Over 100k
75008509,202209,66,2,1,IL,High School,50k to 100k
75008512,202209,41,1,1,IN,College,Over 100k
75008515,202209,45,2,1,CT,College,Over 100k
75008523,202209,27,1,2,NJ,College,Over 100k
75008525,202209,78,1,2,OR,High School,Under 50k
75008526,202209,27,1,1,AZ,College,Over 100k
75008532,202209,40,1,1,FL,Some College,Over 100k
75008542,202209,43,2,2,KS,College,Under 50k
75008551,202209,43,1,2,TX,Some College,Under 50k
75008556,202209,46,2,1,KY,Some College,50k to 100k
75008558,202209,26,1,2,AZ,College,50k to 100k
75008565,202209,49,1,2,SC,College,Under 50k
75008573,202209,71,1,2,TN,Some College,50k to 100k
75008576,202209,49,1,1,PA,College,Over 100k
75008577,202209,68,2,1,CA,Some College,Under 50k
75008581,202209,34,2,2,NY,College,50k to 100k
75008587,202209,30,1,1,OH,Some College,Over 100k
75008588,202209,45,2,1,PA,High School,Under 50k
75008594,202209,36,1,1,GA,College,Over 100k
75008598,202209,59,1,2,NY,College,Under 50k
75008617,202209,27,2,2,FL,College,Over 100k
75008618,202209,73,2,1,FL,College,Under 50k
75008624,202209,38,1,2,WA,High School,Under 50k
75008625,202209,34,2,1,WA,College,Over 100k
75008626,202209,39,2,1,FL,Some College,Over 100k
75008627,202209,26,2,2,MD,Some College,50k to 100k
75008644,202209,50,2,1,PA,College,Over 100k
75008649,202209,28,1,1,CO,Some College,50k to 100k
75008651,202209,53,2,1,AL,College,Over 100k
75008656,202209,34,2,2,MO,College,50k to 100k
75008660,202209,44,1,1,TX,College,Over 100k
75008666,202209,43,2,1,TX,Some College,Over 100k
75008678,202209,28,2,2,CT,Some College,50k to 100k
75008685,202209,36,2,1,PA,College,50k to 100k
75008686,202209,25,2,1,KY,College,50k to 100k
75008690,202209,52,2,1,NM,College,Over 100k
75008691,202210,49,1,2,AK,College,Over 100k
75008695,202209,31,2,2,DC,College,50k to 100k
75008701,202210,60,1,2,OR,Some College,Under 50k
75008704,202209,67,2,2,NY,Some College,Under 50k
75008708,202209,52,1,1,OR,Some College,Under 50k
75008713,202209,28,2,2,WA,College,Over 100k
75008715,202209,28,1,2,RI,College,50k to 100k
75008717,202210,58,1,2,NY,College,Over 100k
75008721,202210,45,2,1,TN,College,50k to 100k
75008726,202209,59,2,2,CA,College,50k to 100k
75008730,202209,26,2,1,PA,College,50k to 100k
75008746,202209,34,1,1,GA,College,Over 100k
75008749,202209,44,1,1,AL,Some College,Over 100k
75008753,202209,45,1,1,ME,Some College,50k to 100k
75008759,202209,48,2,1,MD,College,Over 100k
75008761,202209,32,2,1,WA,College,Over 100k
75008763,202209,49,1,1,OH,High School,50k to 100k
75008765,202209,37,2,1,AL,College,Over 100k
75008770,202210,43,2,1,WA,Some College,Over 100k
75008776,202210,29,1,1,AK,Some College,Over 100k
75008782,202209,50,1,2,CA,Some College,Under 50k
75008784,202209,27,2,1,WA,College,Over 100k
75008791,202210,44,2,1,NY,College,Over 100k
75008792,202209,30,1,1,TX,High School,Under 50k
75008798,202209,27,1,2,WA,Some College,Under 50k
75008801,202209,73,1,2,CA,Some College,Under 50k
75008802,202209,65,1,2,SD,College,50k to 100k
75008807,202209,38,2,1,CA,College,Over 100k
75008812,202209,25,1,1,SC,Some College,50k to 100k
75008813,202210,42,1,2,TN,High School,Under 50k
75008814,202209,46,2,1,PA,High School,Under 50k
75008815,202209,67,2,1,SC,Some College,Under 50k
75008816,202209,33,1,1,PA,College,Over 100k
75008817,202209,71,2,2,AR,Some College,Under 50k
75008820,202210,31,2,1,NY,College,Over 100k
75008829,202209,35,2,1,PA,Some College,Under 50k
75008832,202209,31,1,1,NV,College,Over 100k
75008833,202209,65,1,2,MO,High School,Under 50k
75008840,202210,52,2,1,NY,Some College,Under 50k
75008843,202211,67,2,1,CO,Some College,Under 50k
75008845,202210,51,1,1,IN,College,50k to 100k
75008851,202211,50,1,1,KS,College,Over 100k
75008853,202210,69,2,1,MI,Some College,Under 50k
75008855,202210,42,2,1,KY,High School,Under 50k
75008859,202210,44,1,2,KS,High School,Under 50k
75008860,202210,33,1,1,OH,College,50k to 100k
75008862,202211,67,1,1,OH,College,Over 100k
75008864,202210,53,2,1,FL,Some College,50k to 100k
75008871,202210,25,1,1,MT,Some College,Under 50k
75008879,202210,35,1,1,KY,Some College,Under 50k
75008881,202211,43,1,1,CA,Some College,50k to 100k
75008885,202210,51,2,1,IL,Some College,Over 100k
75008887,202210,47,2,2,SC,College,50k to 100k
75008893,202210,27,1,1,NY,College,Under 50k
75008897,202211,65,2,1,TX,High School,Under 50k
75008899,202210,31,2,1,PA,College,Over 100k
75008900,202211,69,2,1,NY,College,Over 100k
75008901,202210,23,2,2,CA,Some College,50k to 100k
75008916,202210,56,2,1,AR,High School,50k to 100k
75008920,202210,37,1,2,WA,College,50k to 100k
75008922,202210,51,1,2,NC,Some College,Under 50k
75008926,202210,37,2,1,TX,College,Over 100k
75008931,202210,35,2,1,NY,College,Over 100k
75008933,202211,80,2,1,TX,High School,Under 50k
75008936,202210,44,2,1,WY,College,Under 50k
75008937,202210,64,1,1,TX,College,50k to 100k
75008942,202210,33,2,2,CT,College,50k to 100k
75008958,202210,77,1,1,AZ,College,Over 100k
75008959,202210,59,1,1,FL,High School,Under 50k
75008961,202210,24,1,2,SC,Some College,Under 50k
75008964,202210,67,2,2,KS,Some College,50k to 100k
75008965,202210,76,1,2,CA,Some College,Under 50k
75008968,202211,42,2,1,KS,Some College,50k to 100k
75008974,202210,57,1,2,CA,Some College,Under 50k
75008980,202210,54,2,2,CA,High School,50k to 100k
75008982,202210,45,1,1,MO,High School,50k to 100k
75008994,202210,63,2,1,TX,College,Over 100k
75008999,202210,64,2,1,OK,High School,Under 50k
75009000,202211,36,1,2,IL,College,50k to 100k
75009001,202211,27,1,1,CO,College,Over 100k
75009004,202210,44,2,2,IN,College,50k to 100k
75009006,202211,39,2,1,NC,College,50k to 100k
75009010,202210,36,2,1,MI,College,50k to 100k
75009012,202210,69,2,2,CA,Some College,Under 50k
75009013,202210,51,1,1,IA,Some College,Over 100k
75009021,202210,83,2,2,MN,College,50k to 100k
75009023,202210,43,2,2,CA,College,Over 100k
75009032,202210,47,2,1,IL,College,Over 100k
75009036,202210,61,1,2,OH,Some College,Under 50k
75009037,202210,64,1,2,AZ,High School,Under 50k
75009038,202210,44,2,1,OH,Some College,Over 100k
75009043,202211,68,2,2,NE,Some College,Under 50k
75009047,202210,53,1,1,MN,High School,50k to 100k
75009057,202210,29,1,1,SC,College,Under 50k
75009066,202210,29,1,1,TX,College,Under 50k
75009073,202210,46,2,1,NJ,College,Over 100k
75009075,202211,70,1,2,WI,College,Under 50k
75009085,202210,27,1,2,CT,College,50k to 100k
75009094,202210,55,2,1,GA,High School,50k to 100k
75009098,202210,39,2,1,IL,College,Over 100k
75009099,202210,46,2,1,NY,College,Over 100k
75009105,202210,50,1,1,NY,College,Over 100k
75009121,202210,33,2,1,MI,Some College,Over 100k
75009122,202210,31,1,1,PA,College,Over 100k
75009130,202210,42,1,2,TX,High School,Under 50k
75009133,202210,81,2,2,NC,High School,Under 50k
75009134,202210,75,1,2,AZ,College,Under 50k
75009140,202210,66,1,1,MI,Some College,Under 50k
75009161,202210,48,2,1,NY,College,Over 100k
75009167,202210,56,1,1,PA,Some College,Under 50k
75009176,202210,38,1,1,NY,Some College,Under 50k
75009177,202210,36,1,1,OK,Some College,Over 100k
75009184,202210,30,1,1,WA,College,Over 100k
75009186,202210,29,2,1,KY,College,Over 100k
75009190,202210,51,2,1,GA,College,Over 100k
75009192,202210,48,1,2,GA,College,Under 50k
75009194,202210,39,1,1,NY,Some College,50k to 100k
75009197,202210,57,2,1,TX,High School,Under 50k
75009198,202210,46,1,2,NC,College,Under 50k
75009202,202210,35,1,2,NY,College,50k to 100k
75009211,202210,38,1,1,GA,College,Over 100k
75009213,202210,39,2,2,NE,Some College,50k to 100k
75009218,202210,40,1,2,IL,Some College,Under 50k
75009224,202210,55,1,1,WA,Some College,50k to 100k
75009227,202210,25,1,2,NH,College,Under 50k
75009229,202210,63,1,1,FL,College,Over 100k
75009233,202210,63,1,2,OH,High School,Under 50k
75009235,202210,26,1,2,TX,High School,Under 50k
75009237,202210,31,1,1,FL,Some College,Under 50k
75009239,202211,31,1,1,ID,College,Under 50k
75009249,202210,64,2,1,MO,Some College,Under 50k
75009255,202210,30,1,2,ND,College,Under 50k
75009256,202210,29,2,1,ID,Some College,50k to 100k
75009261,202210,61,2,1,KY,College,50k to 100k
75009264,202210,53,1,2,VA,High School,Under 50k
75009265,202211,60,1,1,NY,College,Over 100k
75009268,202210,40,1,1,CA,College,50k to 100k
75009273,202210,54,2,1,KY,College,Over 100k
75009278,202210,40,2,1,NY,College,50k to 100k
75009279,202210,30,1,1,FL,College,50k to 100k
75009284,202210,40,2,1,AZ,College,Over 100k
75009285,202210,47,1,1,MA,College,50k to 100k
75009286,202210,42,1,2,MN,College,50k to 100k
75009287,202210,43,1,1,WI,High School,50k to 100k
75009291,202211,44,2,1,WI,Some College,50k to 100k
75009292,202210,54,2,1,TN,Some College,Over 100k
75009294,202211,75,2,1,PA,College,Over 100k
75009299,202210,64,1,1,AL,College,50k to 100k
75009301,202210,56,2,2,MS,College,Over 100k
75009304,202210,50,1,2,CA,Some College,Under 50k
75009306,202210,31,1,1,GA,Some College,Under 50k
75009307,202210,55,1,2,VA,Some College,Under 50k
75009317,202210,52,2,1,OH,Some College,50k to 100k
75009320,202210,67,1,2,MI,College,50k to 100k
75009330,202211,71,2,2,MO,Some College,Over 100k
75009332,202210,47,1,1,TN,College,50k to 100k
75009339,202211,37,2,1,VA,College,Over 100k
75009346,202210,44,1,1,NJ,College,Over 100k
75009347,202210,36,1,1,MI,College,50k to 100k
75009349,202210,65,2,2,IL,Some College,Under 50k
75009352,202211,50,2,1,IL,College,Over 100k
75009353,202210,26,2,1,NY,College,Under 50k
75009354,202211,61,1,2,NY,College,50k to 100k
75009355,202210,26,2,1,WI,Some College,Over 100k
75009361,202211,55,2,2,IL,Some College,Under 50k
75009362,202211,75,1,1,MA,College,Over 100k
75009364,202211,45,1,2,IN,College,Under 50k
75009365,202212,72,2,1,NY,Some College,Under 50k
75009369,202211,46,2,1,PA,Some College,50k to 100k
75009379,202212,40,2,1,PA,College,50k to 100k
75009387,202211,55,2,2,GA,Some College,50k to 100k
75009392,202211,62,2,2,AZ,Some College,Under 50k
75009394,202211,22,1,1,TX,Some College,Under 50k
75009396,202211,69,1,1,PA,Some College,Under 50k
75009397,202211,39,1,2,PA,College,Under 50k
75009398,202212,37,2,1,SC,College,Over 100k
75009404,202211,44,2,2,AZ,Some College,Under 50k
75009407,202211,47,1,2,LA,College,50k to 100k
75009410,202211,70,2,1,WI,Some College,Over 100k
75009411,202211,66,1,2,GA,College,Under 50k
75009419,202211,43,2,1,MA,College,Over 100k
75009424,202211,37,1,1,NJ,College,Over 100k
75009426,202211,21,1,2,FL,Some College,Over 100k
75009430,202211,60,2,2,TX,High School,Under 50k
75009432,202211,66,2,1,PA,College,50k to 100k
75009434,202211,79,2,1,CA,College,Over 100k
75009435,202211,42,1,1,UT,High School,Under 50k
75009436,202212,38,1,2,AZ,College,50k to 100k
75009440,202211,23,2,2,WI,College,Under 50k
75009444,202211,61,2,2,CA,Some College,Over 100k
75009453,202211,32,1,1,IA,College,Under 50k
75009464,202211,61,1,1,OH,High School,Under 50k
75009466,202211,69,1,2,UT,Some College,Under 50k
75009471,202211,33,2,1,CA,College,Over 100k
75009472,202211,40,2,1,FL,Some College,Under 50k
75009473,202211,39,2,1,PA,College,Over 100k
75009475,202211,25,2,1,MO,College,Over 100k
75009476,202211,60,2,1,TX,College,Under 50k
75009477,202211,42,1,1,TX,Some College,50k to 100k
75009482,202212,67,2,1,CA,Some College,Under 50k
75009484,202211,40,2,1,NC,Some College,50k to 100k
75009492,202211,29,1,2,MO,Some College,Under 50k
75009499,202211,54,2,1,MI,College,Under 50k
75009502,202211,71,2,1,CA,College,Over 100k
75009504,202211,34,2,2,TX,Some College,50k to 100k
75009507,202211,43,1,1,MD,College,Over 100k
75009511,202211,22,1,1,CO,High School,Under 50k
75009514,202211,28,1,1,CA,Some College,Under 50k
75009516,202211,33,1,1,NV,Some College,50k to 100k
75009518,202211,68,1,2,CA,Some College,Under 50k
75009521,202211,35,2,1,CA,College,50k to 100k
75009523,202211,68,1,1,MS,Some College,Under 50k
75009524,202211,51,1,2,MS,Some College,Under 50k
75009525,202211,49,2,1,NY,College,Over 100k
75009526,202211,32,2,1,NY,College,Over 100k
75009529,202211,58,2,1,TN,High School,50k to 100k
75009531,202211,68,1,2,AL,College,50k to 100k
75009533,202211,57,1,1,VA,Some College,Over 100k
75009534,202211,38,1,1,MO,Some College,50k to 100k
75009536,202212,35,1,1,OH,College,Over 100k
75009538,202211,40,2,1,ID,Some College,Under 50k
75009544,202211,45,2,1,MN,College,50k to 100k
75009553,202211,51,1,1,NM,Some College,Under 50k
75009554,202211,77,2,2,FL,College,50k to 100k
75009564,202211,47,1,1,WA,College,Over 100k
75009570,202211,22,2,1,WI,College,Under 50k
75009577,202211,40,2,1,FL,Some College,Over 100k
75009579,202211,34,1,1,OK,Some College,Under 50k
75009582,202211,43,1,2,GA,Some College,50k to 100k
75009587,202211,68,1,2,OH,Some College,50k to 100k
75009591,202211,31,2,1,CA,College,50k to 100k
75009594,202211,42,1,1,CA,Some College,50k to 100k
75009596,202212,39,2,1,MN,College,Over 100k
75009598,202211,60,1,1,NY,College,Over 100k
75009599,202211,41,1,2,TX,College,Under 50k
75009600,202212,60,2,1,TX,Some College,50k to 100k
75009610,202211,46,2,1,CO,College,50k to 100k
75009611,202211,81,2,1,OK,High School,Over 100k
75009613,202211,30,1,2,PA,Some College,50k to 100k
75009614,202211,62,1,1,NY,Some College,50k to 100k
75009615,202211,53,2,2,AZ,Some College,Under 50k
75009618,202211,69,2,1,WA,Some College,50k to 100k
75009619,202211,42,2,1,WA,College,Over 100k
75009622,202211,28,1,1,OR,College,Over 100k
75009627,202211,27,1,2,ME,Some College,Under 50k
75009633,202211,57,2,2,AL,Some College,Under 50k
75009636,202211,30,1,1,FL,College,Over 100k
75009641,202211,78,2,1,AR,College,50k to 100k
75009644,202211,55,1,1,MO,College,Over 100k
75009645,202211,28,2,1,IA,Some College,Under 50k
75009652,202212,39,2,1,CA,College,Over 100k
75009654,202211,34,2,1,NC,College,Over 100k
75009660,202211,22,1,1,MI,College,Under 50k
75009662,202211,56,2,1,OR,High School,50k to 100k
75009664,202211,29,2,1,WI,College,Over 100k
75009666,202211,47,1,1,AR,Some College,Under 50k
75009667,202211,61,1,2,GA,High School,Under 50k
75009673,202211,38,2,2,WA,College,50k to 100k
75009684,202211,52,2,1,OH,Some College,50k to 100k
75009687,202211,44,1,2,MA,College,Over 100k
75009690,202211,34,1,1,DC,College,Over 100k
75009691,202211,36,2,1,CA,College,Over 100k
75009701,202211,33,1,1,GA,Some College,50k to 100k
75009704,202211,34,2,1,IN,High School,50k to 100k
75009706,202211,25,2,2,MA,College,50k to 100k
75009718,202211,60,2,2,AZ,High School,Over 100k
75009726,202211,33,1,1,TX,Some College,50k to 100k
75009727,202211,43,1,2,NJ,Some College,Under 50k
75009732,202211,49,2,1,FL,College,Over 100k
75009744,202211,0,2,1,TX,High School,Over 100k
75009745,202211,66,1,1,FL,High School,50k to 100k
75009758,202211,50,2,1,NE,College,50k to 100k
75009760,202211,29,2,1,WI,Some College,Over 100k
75009766,202211,29,1,1,PA,College,50k to 100k
75009767,202211,57,1,2,VA,College,Under 50k
75009771,202211,39,1,2,GA,College,50k to 100k
75009776,202211,57,1,2,MI,College,50k to 100k
75009777,202211,48,1,1,NY,College,Over 100k
75009785,202211,42,2,1,CO,High School,Under 50k
75009786,202211,27,1,2,FL,College,Under 50k
75009805,202211,55,1,2,CA,Some College,50k to 100k
75009822,202211,56,1,1,TX,College,Over 100k
75009827,202211,50,1,1,IN,College,50k to 100k
75009842,202211,58,1,2,FL,College,50k to 100k
75009855,202211,57,2,2,FL,College,Under 50k
75009877,202211,64,1,2,MS,Some College,Under 50k
75009888,202211,40,1,2,NC,College,Over 100k
75009898,202211,54,2,2,VA,Some College,Under 50k
75009899,202211,34,1,1,CA,College,Under 50k
75009904,202212,53,2,1,TX,Some College,Over 100k
75009905,202212,63,1,2,MN,College,50k to 100k
75009918,202211,44,1,1,MD,College,Over 100k
75009928,202211,56,1,1,GA,College,Over 100k
75009929,202211,61,1,2,OH,College,50k to 100k
75009937,202301,39,1,2,WI,College,Under 50k
75009939,202212,24,2,1,UT,Some College,50k to 100k
75009948,202301,42,1,1,TX,College,Over 100k
75009953,202301,29,2,1,GA,College,Over 100k
75009954,202212,51,1,1,GA,College,Over 100k
75009955,202301,41,1,1,NC,Some College,50k to 100k
75009957,202212,38,2,1,PA,College,Over 100k
75009958,202212,27,2,2,CA,College,Over 100k
75009963,202212,42,1,1,NJ,Some College,50k to 100k
75009964,202212,32,1,1,WV,Some College,Under 50k
75009968,202212,51,2,1,CA,Some College,Over 100k
75009970,202212,31,2,1,OK,College,50k to 100k
75009974,202212,26,1,1,AR,High School,Under 50k
75009984,202212,30,2,1,TX,Some College,Over 100k
75009985,202212,25,1,1,OK,College,Over 100k
75009988,202301,33,1,1,NM,Some College,50k to 100k
75009990,202301,53,2,2,NC,High School,Under 50k
75009991,202301,70,2,1,LA,College,50k to 100k
75009992,202212,57,1,2,PA,College,50k to 100k
75009997,202212,25,2,2,CT,College,Under 50k
75009998,202212,48,1,2,NY,College,50k to 100k
75010002,202212,33,1,2,IL,College,50k to 100k
75010011,202212,29,2,2,PA,College,50k to 100k
75010012,202212,41,1,2,OK,College,50k to 100k
75010016,202301,69,2,1,RI,High School,50k to 100k
75010017,202212,56,2,2,ME,Some College,Under 50k
75010020,202212,60,1,2,NH,College,Over 100k
75010027,202301,39,1,2,NY,College,50k to 100k
75010030,202212,42,1,1,NY,High School,50k to 100k
75010033,202212,59,2,2,AR,College,Under 50k
75010035,202212,39,1,1,ID,High School,Under 50k
75010037,202212,65,2,1,IN,Some College,Under 50k
75010039,202212,34,1,2,KY,College,Under 50k
75010049,202301,64,2,1,IN,College,50k to 100k
75010052,202212,36,2,1,IN,College,50k to 100k
75010058,202301,64,1,1,IA,Some College,50k to 100k
75010062,202301,49,1,2,VA,Some College,Under 50k
75010067,202212,41,1,1,IL,College,Over 100k
75010068,202212,40,1,1,IL,College,Over 100k
75010071,202212,54,1,1,MN,Some College,50k to 100k
75010072,202212,33,1,2,MN,College,50k to 100k
75010076,202212,59,2,2,OH,College,Under 50k
75010080,202212,59,1,1,TX,College,Over 100k
75010084,202212,68,1,2,IA,College,Over 100k
75010090,202212,45,2,1,PA,College,50k to 100k
75010091,202212,30,1,2,MI,Some College,Under 50k
75010092,202212,35,2,1,WI,Some College,Over 100k
75010093,202212,71,2,2,PA,High School,Under 50k
75010099,202212,56,2,1,WI,Some College,50k to 100k
75010110,202212,67,2,1,OR,Some College,Under 50k
75010111,202212,30,1,1,FL,Some College,Under 50k
75010122,202212,74,2,1,FL,College,Over 100k
75010125,202212,39,2,2,GA,College,Over 100k
75010126,202212,50,1,2,GA,College,50k to 100k
75010134,202212,35,2,2,OH,College,Under 50k
75010141,202212,46,1,2,NY,Some College,50k to 100k
75010151,202212,49,2,1,FL,Some College,50k to 100k
75010152,202212,37,1,1,FL,Some College,Over 100k
75010153,202212,42,1,2,AL,College,50k to 100k
75010155,202212,59,1,1,FL,College,Over 100k
75010164,202212,48,2,1,KY,College,Over 100k
75010165,202212,60,2,1,TX,College,50k to 100k
75010184,202212,66,1,2,AZ,College,Under 50k
75010195,202212,28,1,1,CT,College,Over 100k
75010196,202212,59,2,1,NJ,College,Over 100k
75010198,202212,69,1,2,WI,Some College,Under 50k
75010210,202212,53,1,2,MO,College,Under 50k
75010214,202212,40,2,1,NV,College,Over 100k
75010234,202212,34,1,1,FL,College,Under 50k
75010237,202212,44,1,2,FL,Some College,Under 50k
75010255,202212,33,1,2,OR,College,Under 50k
75010284,202212,29,2,1,CA,College,Over 100k
75010300,202212,43,1,2,TN,Some College,Under 50k
75010306,202212,28,2,2,OK,High School,Over 100k
75010310,202212,25,1,1,CA,Some College,Over 100k
75010319,202212,53,1,1,NV,College,Over 100k
75010321,202212,51,1,2,AZ,College,50k to 100k
75010325,202212,69,2,1,WA,College,Over 100k
75010328,202212,70,2,1,KS,College,50k to 100k
75010329,202301,55,2,2,NY,College,50k to 100k
75010331,202212,64,2,1,WA,College,Over 100k
75010334,202301,42,1,2,MN,College,Under 50k
75010336,202212,54,1,2,NC,Some College,Under 50k
75010337,202212,81,2,1,NC,College,50k to 100k
75010343,202212,56,2,1,MA,College,Over 100k
75010345,202301,72,2,1,TX,College,50k to 100k
75010349,202212,32,1,1,GA,Some College,50k to 100k
75010350,202301,55,1,1,MD,College,Over 100k
75010352,202212,37,2,1,CA,College,Over 100k
75010353,202212,38,2,1,FL,High School,50k to 100k
75010356,202212,19,1,2,IL,High School,Under 50k
75010357,202212,69,2,2,GA,High School,Under 50k
75010374,202301,65,1,1,AL,College,50k to 100k
75010377,202301,67,2,2,OH,College,Under 50k
75010383,202212,46,2,1,UT,College,Over 100k
75010384,202301,64,2,1,NC,Some College,50k to 100k
75010387,202212,63,1,2,KY,Some College,Under 50k
75010390,202212,29,1,2,PA,College,Over 100k
75010397,202301,64,1,1,FL,Some College,Under 50k
75010404,202212,61,1,1,CO,Some College,Under 50k
75010406,202212,35,2,1,IN,College,50k to 100k
75010407,202212,40,2,1,PA,College,Over 100k
75010410,202212,58,2,2,TX,College,Over 100k
75010416,202212,50,2,2,TX,College,Over 100k
75010418,202212,61,2,1,TX,High School,Under 50k
75010425,202212,34,1,2,AZ,College,Under 50k
75010427,202212,27,2,1,IA,Some College,50k to 100k
75010428,202212,42,2,1,PA,High School,Over 100k
75010432,202212,55,2,1,CA,College,50k to 100k
75010433,202212,40,2,2,WI,College,Over 100k
75010436,202212,41,2,1,NC,College,Over 100k
75010437,202212,70,2,1,AZ,Some College,Under 50k
75010438,202301,50,1,2,DC,College,Over 100k
75010440,202212,67,1,1,KY,High School,Under 50k
75010445,202301,36,2,1,SC,College,Over 100k
75010449,202212,67,1,1,NC,Some College,50k to 100k
75010454,202212,30,2,1,IN,Some College,Under 50k
75010459,202212,40,1,1,FL,College,Over 100k
75010460,202212,64,1,2,GA,College,Under 50k
75010464,202212,50,2,2,NY,High School,Under 50k
75010466,202212,37,2,1,GA,Some College,50k to 100k
75010468,202212,58,1,2,CA,Some College,Under 50k
75010470,202212,59,2,1,TX,College,Over 100k
75010471,202212,39,1,1,KY,Some College,Under 50k
75010474,202212,56,1,2,MI,College,50k to 100k
75010478,202212,41,1,1,FL,College,50k to 100k
75010479,202212,40,2,1,FL,Some College,Over 100k
75010481,202212,61,2,1,NC,Some College,50k to 100k
75010482,202301,58,1,2,NV,College,50k to 100k
75010487,202301,28,2,1,TN,College,Over 100k
75010489,202212,65,1,2,NY,College,Under 50k
75010496,202301,41,2,1,TX,College,Over 100k
75010500,202301,52,1,2,NV,College,Over 100k
75010501,202301,41,2,1,ME,College,Over 100k
75010503,202302,82,1,2,CA,Some College,50k to 100k
75010504,202301,35,2,1,MI,College,Over 100k
75010507,202301,41,2,1,MI,Some College,50k to 100k
75010509,202301,46,2,2,VA,Some College,Under 50k
75010511,202302,51,1,1,IN,College,Over 100k
75010514,202301,34,2,1,PA,College,Over 100k
75010516,202301,72,2,2,OH,Some College,Under 50k
75010519,202301,73,2,1,MT,College,Over 100k
75010523,202302,36,2,1,VA,College,Over 100k
75010524,202302,58,1,1,NY,College,Over 100k
75010532,202301,59,1,2,NY,College,Under 50k
75010536,202302,73,2,1,CA,College,50k to 100k
75010540,202301,34,2,2,CA,Some College,Over 100k
75010542,202301,37,2,1,CA,College,Over 100k
75010543,202302,67,1,1,CO,Some College,50k to 100k
75010544,202302,74,1,1,PA,Some College,50k to 100k
75010549,202301,55,1,1,FL,Some College,Under 50k
75010550,202301,32,1,1,NY,High School,50k to 100k
75010554,202301,67,1,1,SC,College,Under 50k
75010555,202301,61,2,2,ME,High School,Under 50k
75010557,202301,33,2,1,OH,High School,Under 50k
75010559,202301,31,2,1,UT,College,50k to 100k
75010560,202301,50,1,2,MN,College,Under 50k
75010566,202301,39,1,2,NH,High School,Under 50k
75010572,202301,29,2,1,NE,Some College,50k to 100k
75010573,202302,56,1,2,NE,Some College,Under 50k
75010574,202301,27,1,1,AR,Some College,Over 100k
75010575,202301,42,1,1,LA,College,Under 50k
75010576,202302,40,2,1,PA,College,Over 100k
75010580,202301,40,1,1,AR,High School,Under 50k
75010581,202301,38,1,1,VA,Some College,Over 100k
75010585,202301,34,1,1,WI,College,Over 100k
75010592,202301,36,1,1,IN,High School,Under 50k
75010609,202302,81,2,1,TN,Some College,Under 50k
75010611,202301,30,1,2,IL,Some College,50k to 100k
75010617,202302,34,2,1,TX,College,Over 100k
75010619,202301,45,2,1,IL,Some College,Over 100k
75010620,202301,29,2,2,TX,College,Over 100k
75010624,202302,61,1,1,IL,College,Over 100k
75010628,202301,59,2,1,MN,Some College,Over 100k
75010636,202302,63,2,1,WI,Some College,50k to 100k
75010637,202302,41,1,1,MN,Some College,Over 100k
75010639,202301,39,1,1,NY,College,Over 100k
75010640,202301,81,2,1,AZ,College,50k to 100k
75010645,202301,56,1,1,AZ,High School,Over 100k
75010650,202301,35,1,1,MO,College,Over 100k
75010652,202301,68,2,1,SC,College,Under 50k
75010653,202301,53,2,1,CA,College,Over 100k
75010654,202302,38,1,1,CA,College,50k to 100k
75010663,202301,27,1,1,NY,Some College,50k to 100k
75010665,202301,59,1,2,OH,College,50k to 100k
75010674,202301,39,2,1,CT,High School,Over 100k
75010680,202301,33,1,2,MI,College,50k to 100k
75010681,202301,35,2,1,NJ,College,Under 50k
75010683,202301,51,2,1,CA,College,Over 100k
75010684,202301,43,1,2,TX,Some College,Under 50k
75010691,202301,36,1,1,MI,College,Over 100k
75010692,202301,53,1,2,NY,College,50k to 100k
75010695,202301,40,1,1,NY,College,50k to 100k
75010697,202301,41,2,1,CA,College,Over 100k
75010698,202301,30,1,1,NJ,College,Over 100k
75010700,202301,55,1,2,LA,College,50k to 100k
75010708,202301,30,2,1,PA,College,Over 100k
75010717,202302,32,2,2,CA,College,Over 100k
75010721,202302,69,2,1,MA,College,Over 100k
75010731,202302,36,2,1,MA,College,Over 100k
75010732,202301,39,1,1,GA,College,50k to 100k
75010738,202301,24,1,2,LA,Some College,Under 50k
75010743,202301,40,2,1,CT,High School,50k to 100k
75010747,202301,26,1,1,OH,Some College,Under 50k
75010752,202301,36,1,1,CA,Some College,50k to 100k
75010753,202302,61,2,1,GA,College,50k to 100k
75010756,202301,60,1,1,MN,College,50k to 100k
75010759,202301,71,1,2,GA,College,50k to 100k
75010765,202302,41,2,1,NJ,College,Over 100k
75010766,202302,43,1,1,NY,College,Over 100k
75010770,202301,46,1,1,PA,College,Over 100k
75010772,202301,68,2,1,OK,Some College,50k to 100k
75010774,202301,66,2,1,OH,Some College,50k to 100k
75010776,202302,64,2,1,FL,College,Over 100k
75010788,202301,26,1,2,FL,College,50k to 100k
75010790,202301,40,2,1,CO,College,50k to 100k
75010795,202301,28,2,2,PA,Some College,50k to 100k
75010799,202301,76,1,1,TX,Some College,Over 100k
75010800,202301,28,2,2,AL,College,50k to 100k
75010801,202301,31,1,2,WI,High School,Under 50k
75010802,202301,38,1,1,GA,College,Over 100k
75010804,202301,53,2,1,MD,College,Over 100k
75010808,202301,45,2,1,CA,College,Over 100k
75010812,202302,77,2,1,MI,Some College,Under 50k
75010815,202301,69,2,1,NY,College,50k to 100k
75010816,202301,65,1,2,PA,Some College,50k to 100k
75010817,202301,59,2,2,FL,Some College,Under 50k
75010819,202301,49,1,2,MN,Some College,Under 50k
75010822,202301,49,1,2,FL,College,50k to 100k
75010839,202301,89,1,2,IL,High School,Under 50k
75010852,202301,41,1,2,NJ,College,Over 100k
75010868,202301,32,2,1,NC,Some College,50k to 100k
75010878,202301,34,1,1,NJ,College,50k to 100k
75010891,202301,60,1,2,NY,College,Over 100k
75010898,202301,64,1,1,CA,Some College,50k to 100k
75010899,202301,36,1,1,MD,College,Over 100k
75010902,202301,47,1,1,NY,Some College,Under 50k
75010906,202301,33,2,1,FL,College,Over 100k
75010907,202301,59,1,2,KY,College,Under 50k
75010913,202301,38,2,2,WA,Some College,50k to 100k
75010925,202301,83,2,1,FL,College,Under 50k
75010930,202301,48,2,2,WA,Some College,Under 50k
75010933,202301,69,2,1,WA,Some College,Under 50k
75010937,202301,57,1,2,NY,High School,50k to 100k
75010938,202302,60,1,2,MA,Some College,Under 50k
75010942,202302,42,1,1,MA,College,Over 100k
75010946,202301,33,1,2,WV,High School,Under 50k
75010950,202301,35,2,1,IL,College,Over 100k
75010953,202301,65,1,2,TX,College,50k to 100k
75010956,202301,34,2,1,WA,College,50k to 100k
75010957,202301,54,1,2,GA,College,Over 100k
75010959,202301,40,2,1,UT,College,50k to 100k
75010960,202301,29,1,2,AZ,College,Over 100k
75010961,202301,60,1,1,AZ,College,Under 50k
75010963,202301,22,2,2,OH,High School,Over 100k
75010966,202301,56,2,1,WA,High School,Over 100k
75010967,202301,45,2,1,CA,Some College,Under 50k
75010968,202301,30,1,2,TN,College,Over 100k
75010970,202301,54,2,1,FL,College,Over 100k
75010973,202301,69,2,2,NY,College,50k to 100k
75010976,202301,29,2,1,MD,College,Over 100k
75010980,202301,23,1,2,SC,High School,Under 50k
75010990,202301,71,2,2,NM,Some College,Under 50k
75010991,202301,53,2,2,ME,High School,Under 50k
75010992,202301,35,1,1,MN,High School,Under 50k
75010993,202301,73,2,1,SC,College,Over 100k
75010996,202301,45,1,2,CA,College,Under 50k
75010998,202301,50,1,1,KY,Some College,50k to 100k
75011002,202301,33,1,1,WI,College,Over 100k
75011008,202302,66,1,1,GA,High School,Under 50k
75011014,202302,55,1,1,WA,Some College,Over 100k
75011017,202303,46,1,2,NC,College,Over 100k
75011019,202302,36,1,2,MO,Some College,50k to 100k
75011020,202302,57,1,2,MA,College,50k to 100k
75011021,202303,56,1,1,NC,College,50k to 100k
75011023,202302,32,1,1,OH,College,50k to 100k
75011025,202302,36,1,1,IL,Some College,Under 50k
75011031,202302,42,1,2,CA,College,50k to 100k
75011032,202302,64,1,2,CA,College,Under 50k
75011035,202302,25,2,2,PA,College,50k to 100k
75011037,202302,62,2,1,TN,College,Over 100k
75011038,202302,72,1,2,MO,Some College,Under 50k
75011043,202302,48,2,1,LA,College,Over 100k
75011045,202303,55,2,1,OH,Some College,Over 100k
75011046,202302,44,1,2,OH,Some College,Under 50k
75011053,202302,70,1,1,MN,College,50k to 100k
75011054,202303,43,1,1,CA,College,Over 100k
75011063,202303,37,2,1,AL,College,Under 50k
75011064,202302,33,2,2,KS,Some College,50k to 100k
75011065,202302,72,2,2,OH,College,50k to 100k
75011069,202302,86,2,1,SC,College,50k to 100k
75011081,202302,30,2,1,NH,College,Over 100k
75011083,202302,57,1,1,MS,Some College,50k to 100k
75011084,202303,76,1,2,WI,Some College,Under 50k
75011090,202302,52,2,1,OR,Some College,Over 100k
75011091,202302,50,1,2,CA,College,Over 100k
75011092,202303,58,1,1,NY,Some College,50k to 100k
75011093,202302,31,2,1,MO,College,Over 100k
75011094,202302,43,1,2,UT,Some College,Under 50k
75011099,202302,28,1,2,WA,College,Under 50k
75011100,202303,46,2,1,CO,College,Over 100k
75011101,202302,26,1,2,MA,College,Over 100k
75011102,202302,49,1,1,MD,Some College,Over 100k
75011105,202302,69,2,2,NY,College,50k to 100k
75011107,202302,23,1,1,IL,Some College,50k to 100k
75011108,202302,77,2,2,OH,College,50k to 100k
75011114,202302,29,1,1,PA,College,Over 100k
75011115,202302,50,2,1,CA,College,Over 100k
75011118,202302,27,1,1,MD,College,Under 50k
75011119,202303,34,1,1,NC,Some College,50k to 100k
75011120,202303,48,2,1,OH,College,Over 100k
75011122,202302,73,2,1,NC,College,Under 50k
75011124,202302,59,1,1,MT,Some College,Over 100k
75011127,202302,63,1,2,VA,Some College,Under 50k
75011129,202302,39,2,1,MO,Some College,50k to 100k
75011131,202302,62,2,1,IL,College,Under 50k
75011133,202302,42,2,2,TX,College,50k to 100k
75011136,202303,66,2,1,TN,Some College,50k to 100k
75011140,202302,28,2,1,MO,College,50k to 100k
75011141,202303,54,1,1,MO,College,50k to 100k
75011144,202303,34,2,1,CO,College,Over 100k
75011145,202302,51,2,1,OH,Some College,50k to 100k
75011149,202302,67,2,1,NV,College,Over 100k
75011152,202302,69,1,2,CA,College,Under 50k
75011153,202302,35,2,1,UT,College,50k to 100k
75011156,202302,65,1,2,OK,College,50k to 100k
75011162,202302,32,2,1,MA,College,Over 100k
75011163,202302,24,1,2,MA,High School,Under 50k
75011166,202303,71,1,2,CA,College,Over 100k
75011167,202302,49,2,2,CA,Some College,Under 50k
75011168,202302,26,2,1,UT,College,Over 100k
75011170,202303,41,1,1,TX,Some College,Over 100k
75011172,202302,45,2,1,FL,Some College,Over 100k
75011173,202302,47,2,1,FL,College,Over 100k
75011174,202303,50,1,1,LA,Some College,50k to 100k
75011176,202302,47,2,2,SC,College,Over 100k
75011179,202302,66,2,1,TX,High School,50k to 100k
75011181,202303,46,1,1,FL,Some College,50k to 100k
75011184,202302,42,1,2,AL,High School,Under 50k
75011189,202302,65,2,2,LA,Some College,Under 50k
75011190,202302,43,1,2,IN,High School,50k to 100k
75011192,202302,62,2,1,IN,Some College,Under 50k
75011193,202302,54,2,2,WA,College,50k to 100k
75011200,202302,67,1,2,NJ,College,50k to 100k
75011202,202302,61,2,2,TX,High School,Under 50k
75011203,202302,56,2,2,FL,High School,Under 50k
75011204,202303,75,2,1,CA,College,50k to 100k
75011208,202302,32,2,2,GA,Some College,Under 50k
75011209,202303,55,2,1,VA,College,Under 50k
75011210,202302,33,1,2,WI,College,50k to 100k
75011211,202302,43,2,1,ID,College,50k to 100k
75011214,202302,39,2,1,ID,Some College,Over 100k
75011220,202302,41,2,1,NE,College,50k to 100k
75011227,202302,54,1,2,CA,College,Over 100k
75011231,202302,22,1,1,TN,High School,Under 50k
75011233,202302,58,1,2,KS,College,Under 50k
75011239,202302,57,2,1,NY,College,50k to 100k
75011240,202302,66,1,2,CA,Some College,50k to 100k
75011242,202302,70,2,2,NJ,Some College,Under 50k
75011243,202302,45,2,1,CA,College,50k to 100k
75011253,202302,56,1,2,MI,High School,50k to 100k
75011254,202302,34,1,2,CO,College,50k to 100k
75011261,202302,53,2,2,IN,High School,Under 50k
75011262,202302,31,1,2,ID,High School,Under 50k
75011272,202303,45,2,2,WI,College,Under 50k
75011275,202302,38,2,2,TX,College,Under 50k
75011287,202302,47,2,1,ND,College,Over 100k
75011291,202302,65,1,2,MN,College,Over 100k
75011299,202302,43,1,1,NJ,College,Over 100k
75011300,202302,71,1,1,AL,College,50k to 100k
75011306,202302,58,2,1,NH,Some College,Over 100k
75011309,202302,56,2,1,FL,College,Over 100k
75011317,202302,33,2,1,KS,College,50k to 100k
75011318,202302,31,2,1,TX,College,Over 100k
75011319,202302,27,1,1,MI,College,Over 100k
75011338,202302,74,2,1,ID,College,50k to 100k
75011340,202302,51,2,2,NV,Some College,Under 50k
75011353,202302,59,1,2,CA,College,50k to 100k
75011359,202302,57,2,2,FL,Some College,50k to 100k
75011360,202302,42,2,1,NM,College,Over 100k
75011371,202302,44,1,2,MI,Some College,Under 50k
75011379,202302,33,2,1,MI,College,Over 100k
75011399,202302,30,2,2,TX,Some College,Under 50k
75011401,202302,74,2,1,MA,College,Under 50k
75011402,202302,39,1,1,OR,College,Over 100k
75011404,202302,54,1,2,CA,Some College,Under 50k
75011416,202302,48,1,2,VA,Some College,Under 50k
75011418,202302,25,2,1,ID,Some College,50k to 100k
75011422,202302,25,1,2,TX,College,Under 50k
75011437,202302,53,1,2,NY,College,50k to 100k
75011446,202302,52,1,2,NC,Some College,Under 50k
75011454,202302,32,2,1,WV,College,Over 100k
75011458,202303,56,1,1,CA,Some College,Over 100k
75011461,202302,39,2,1,OH,College,Over 100k
75011463,202303,38,1,2,IL,College,50k to 100k
75011464,202302,30,1,2,KY,College,Over 100k
75011466,202303,65,1,1,OR,College,50k to 100k
75011476,202303,52,2,2,ME,Some College,50k to 100k
75011477,202303,35,1,2,AL,College,50k to 100k
75011478,202302,42,1,2,AL,Some College,Under 50k
75011481,202302,35,1,2,OR,High School,Under 50k
75011482,202302,58,2,1,FL,College,Over 100k
75011483,202302,28,2,2,WA,College,Over 100k
75011484,202302,30,1,1,AZ,Some College,50k to 100k
75011491,202302,24,2,2,SC,College,50k to 100k
75011492,202302,65,1,2,IN,High School,Under 50k
75011493,202302,57,2,2,CA,Some College,Over 100k
75011495,202302,75,2,1,FL,College,Under 50k
75011501,202302,26,1,1,NY,College,Over 100k
75011502,202302,29,1,1,NY,College,Over 100k
75011503,202303,39,1,1,NC,College,Over 100k
75011504,202302,47,1,1,CA,College,Over 100k
75011507,202302,53,2,2,IN,Some College,50k to 100k
75011508,202302,55,1,1,TN,Some College,Under 50k
75011509,202302,77,2,1,MI,College,50k to 100k
75011511,202302,57,2,2,MA,Some College,50k to 100k
75011514,202302,44,1,1,TX,Some College,Over 100k
75011516,202302,49,2,1,IN,College,Over 100k
75011519,202302,60,1,2,TX,High School,Under 50k
75011520,202302,42,1,1,LA,Some College,Under 50k
75011521,202302,77,2,1,MA,Some College,Under 50k
75011526,202302,73,2,1,WI,College,50k to 100k
75011531,202302,44,2,1,IN,Some College,Over 100k
75011532,202302,45,1,1,CA,Some College,Over 100k
75011542,202302,38,2,2,KS,College,Over 100k
75011543,202303,39,1,1,CA,College,Over 100k
75011546,202302,63,2,1,NC,Some College,50k to 100k
75011547,202302,55,1,2,NC,Some College,Under 50k
75011555,202303,54,2,1,VA,Some College,Over 100k
75011556,202302,70,1,2,GA,Some College,Under 50k
75011557,202303,32,2,1,CO,High School,Over 100k
75011558,202302,39,2,1,NY,College,Over 100k
75011563,202302,68,2,1,OR,Some College,Under 50k
75011564,202303,68,2,1,MA,College,Over 100k
75011565,202302,78,1,2,MA,College,Under 50k
75011566,202302,41,2,1,PA,College,Over 100k
75011579,202302,47,1,1,TN,College,Under 50k
75011581,202302,26,2,2,LA,Some College,50k to 100k
75011584,202302,78,1,2,TX,High School,50k to 100k
75011596,202303,49,2,1,IL,College,Over 100k
75011599,202303,54,2,2,MI,College,Under 50k
75011601,202303,30,2,2,IA,College,Under 50k
75011602,202303,43,1,1,MN,Some College,Over 100k
75011603,202303,74,2,2,OH,Some College,Under 50k
75011606,202303,41,1,2,OH,College,50k to 100k
75011610,202303,52,2,1,KY,High School,Over 100k
75011614,202303,29,1,1,IL,College,Over 100k
75011615,202304,46,2,2,MN,College,50k to 100k
75011619,202303,70,2,1,MI,Some College,50k to 100k
75011620,202304,56,1,2,IL,College,Under 50k
75011621,202303,29,2,1,IN,College,Over 100k
75011632,202303,38,1,1,OH,Some College,50k to 100k
75011634,202303,23,1,2,AZ,Some College,50k to 100k
75011635,202303,51,2,2,MN,High School,Under 50k
75011639,202303,30,2,1,CA,College,Over 100k
75011654,202303,59,2,2,GA,College,50k to 100k
75011659,202303,70,1,1,NY,Some College,Over 100k
75011673,202303,42,2,1,KS,Some College,50k to 100k
75011675,202303,63,1,2,WA,High School,Under 50k
75011678,202303,43,1,1,NY,Some College,Over 100k
75011679,202303,63,1,1,AZ,College,Over 100k
75011683,202303,40,1,2,NY,College,Over 100k
75011694,202303,65,1,2,NM,Some College,50k to 100k
75011698,202303,52,1,2,CT,Some College,Under 50k
75011707,202303,72,1,1,LA,Some College,50k to 100k
75011711,202303,52,2,1,GA,College,50k to 100k
75011712,202303,54,1,1,AL,College,Over 100k
75011719,202303,46,2,1,MA,Some College,50k to 100k
75011722,202303,54,2,1,CA,College,Over 100k
75011724,202303,44,2,1,MO,College,Over 100k
75011728,202303,35,1,1,TX,College,Over 100k
75011729,202303,38,2,1,ID,College,Over 100k
75011733,202303,61,2,2,SC,Some College,Under 50k
75011739,202303,66,1,1,NV,College,50k to 100k
75011740,202303,63,1,1,CA,College,50k to 100k
75011743,202303,60,1,2,OR,Some College,Over 100k
75011753,202303,40,1,1,PA,College,50k to 100k
75011761,202303,44,2,2,NY,Some College,50k to 100k
75011764,202303,70,1,1,HI,College,Under 50k
75011776,202304,63,2,1,IN,College,Over 100k
75011781,202303,53,2,2,NY,High School,Over 100k
75011783,202303,55,2,1,MO,High School,Over 100k
75011788,202303,52,1,2,NY,Some College,Under 50k
75011790,202303,65,2,1,VA,High School,Under 50k
75011793,202304,47,2,1,FL,College,Over 100k
75011794,202303,54,2,2,CA,College,Under 50k
75011801,202303,40,2,2,VA,High School,50k to 100k
75011802,202303,73,1,2,OK,Some College,Under 50k
75011804,202303,37,1,1,GA,College,50k to 100k
75011807,202303,56,1,1,NC,Some College,Over 100k
75011811,202303,37,2,1,FL,College,Over 100k
75011813,202304,54,1,2,GA,College,Over 100k
75011817,202303,66,1,1,OR,Some College,50k to 100k
75011820,202304,54,1,1,MS,Some College,Over 100k
75011822,202303,25,2,2,NY,High School,Under 50k
75011824,202303,70,2,1,NJ,College,Over 100k
75011826,202303,21,2,1,GA,High School,Over 100k
75011827,202304,74,2,1,OH,Some College,50k to 100k
75011840,202303,52,2,1,NY,Some College,Over 100k
75011844,202303,42,1,1,NY,College,50k to 100k
75011846,202303,35,2,1,MA,College,Over 100k
75011850,202303,41,2,2,OH,College,Over 100k
75011855,202303,46,2,1,ID,Some College,50k to 100k
75011859,202303,34,2,2,CO,College,Under 50k
75011862,202304,76,2,1,AL,Some College,50k to 100k
75011865,202303,58,1,1,FL,College,Over 100k
75011868,202303,69,1,2,MI,College,Under 50k
75011875,202304,51,2,1,IL,Some College,Under 50k
75011879,202303,58,1,2,PA,College,Under 50k
75011880,202304,47,1,1,PA,Some College,Over 100k
75011884,202303,39,2,1,TX,College,Over 100k
75011886,202303,37,1,2,AR,Some College,50k to 100k
75011887,202303,45,2,1,NC,Some College,50k to 100k
75011888,202303,39,1,1,PA,College,50k to 100k
75011890,202304,58,1,1,MI,Some College,Over 100k
75011896,202303,30,1,1,IL,College,Over 100k
75011900,202304,32,2,1,WI,Some College,Over 100k
75011903,202304,59,1,1,MD,High School,50k to 100k
75011905,202303,64,2,2,MD,Some College,Over 100k
75011907,202304,58,2,2,WV,High School,Under 50k
75011914,202303,53,2,1,TX,College,50k to 100k
75011915,202303,42,2,1,IN,College,Over 100k
75011917,202303,68,1,1,CA,Some College,Over 100k
75011919,202303,57,2,2,NY,College,Over 100k
75011920,202303,43,1,2,NY,College,Over 100k
75011924,202303,61,1,1,NE,Some College,50k to 100k
75011925,202303,53,2,1,PA,College,50k to 100k
75011933,202303,36,2,1,OR,College,Over 100k
75011935,202303,49,1,2,PA,College,50k to 100k
75011938,202303,69,1,1,UT,Some College,Under 50k
75011940,202303,53,2,1,FL,High School,Under 50k
75011943,202303,34,1,1,NY,Some College,50k to 100k
75011946,202303,41,1,1,OK,High School,Under 50k
75011950,202304,48,2,1,FL,College,Over 100k
75011951,202303,39,1,2,NM,Some College,Under 50k
75011953,202303,34,1,1,FL,Some College,Under 50k
75011954,202303,42,1,1,FL,High School,Under 50k
75011955,202303,43,1,1,FL,College,Over 100k
75011958,202303,42,1,1,FL,High School,50k to 100k
75011960,202303,49,1,2,FL,College,Under 50k
75011962,202303,76,1,2,IN,Some College,Under 50k
75011970,202303,68,2,2,OR,Some College,50k to 100k
75011971,202303,39,2,1,OR,College,Over 100k
75011973,202303,34,2,1,OR,Some College,50k to 100k
75011976,202303,31,1,1,ND,Some College,Over 100k
75011977,202303,42,2,1,MN,Some College,50k to 100k
75011980,202303,53,1,1,ME,College,50k to 100k
75011982,202303,38,2,1,WA,College,Over 100k
75011986,202304,34,1,1,AZ,College,Over 100k
75011987,202303,53,2,2,IN,College,Under 50k
75011990,202303,81,2,1,FL,High School,Under 50k
75011991,202303,42,2,1,FL,Some College,Over 100k
75011994,202303,48,1,2,MO,College,Under 50k
75011995,202303,37,1,1,PA,Some College,Under 50k
75011996,202304,29,1,1,WI,College,50k to 100k
75012000,202303,38,2,1,PA,Some College,Over 100k
75012019,202303,26,1,2,UT,High School,Under 50k
75012034,202303,39,1,2,NJ,High School,Under 50k
75012035,202303,61,2,2,NC,Some College,Under 50k
75012036,202303,43,1,1,WA,College,50k to 100k
75012038,202303,54,1,1,FL,College,Over 100k
75012042,202303,60,2,2,MN,Some College,Under 50k
75012043,202303,61,2,2,OH,College,Under 50k
75012044,202303,68,2,2,OH,Some College,Under 50k
75012051,202303,42,1,1,PA,Some College,Over 100k
75012055,202303,33,2,1,GA,Some College,Over 100k
75012056,202303,64,2,2,TX,Some College,Over 100k
75012057,202303,63,2,2,OH,Some College,Under 50k
75012059,202303,64,1,2,OH,College,Under 50k
75012062,202303,44,1,2,MD,Some College,Under 50k
75012064,202303,56,1,2,MO,Some College,Under 50k
75012065,202303,71,2,2,NY,Some College,Under 50k
75012075,202304,72,1,1,TX,College,50k to 100k
75012076,202303,44,2,1,TX,Some College,50k to 100k
75012078,202303,42,1,1,TN,Some College,Over 100k
75012079,202303,41,2,1,IA,College,Over 100k
75012081,202303,48,1,2,CA,Some College,Under 50k
75012084,202303,29,1,1,MO,Some College,50k to 100k
75012085,202303,30,2,1,OH,College,50k to 100k
75012092,202303,84,1,2,TX,High School,Under 50k
75012093,202303,36,2,1,NC,College,Over 100k
75012100,202303,34,2,2,WA,College,Over 100k
75012103,202303,71,2,1,OK,High School,50k to 100k
75012114,202303,54,2,1,TX,College,50k to 100k
75012115,202303,37,2,1,TX,College,Over 100k
75012118,202303,78,1,1,FL,College,50k to 100k
75012121,202303,55,2,1,MA,High School,Under 50k
75012122,202303,43,1,1,ID,College,Over 100k
75012123,202303,43,1,2,NJ,College,50k to 100k
75012127,202303,26,2,2,VA,College,Over 100k
75012128,202303,29,1,1,VA,College,Over 100k
75012129,202303,56,1,2,VA,College,50k to 100k
75012131,202303,40,1,1,TX,College,50k to 100k
75012135,202303,29,2,1,MT,College,50k to 100k
75012137,202303,65,1,2,FL,Some College,Under 50k
75012139,202304,58,2,1,AL,College,Over 100k
75012148,202304,65,1,1,FL,High School,Under 50k
75012152,202304,23,1,2,TX,Some College,Under 50k
75012156,202304,38,2,2,FL,College,Under 50k
75012163,202304,48,2,1,TX,College,Over 100k
75012169,202304,42,2,1,TN,Some College,50k to 100k
75012172,202304,72,1,2,PA,Some College,Under 50k
75012174,202304,41,1,2,TN,College,Under 50k
75012178,202304,42,1,1,MI,Some College,Over 100k
75012179,202304,39,1,1,ME,High School,50k to 100k
75012180,202304,54,1,1,WA,Some College,Over 100k
75012185,202304,48,1,1,NE,Some College,Over 100k
75012187,202304,65,2,1,PA,College,Under 50k
75012192,202304,23,2,2,NC,Some College,Under 50k
75012195,202304,47,2,2,IA,Some College,Under 50k
75012201,202305,36,1,1,MT,College,50k to 100k
75012202,202304,40,1,2,AK,College,50k to 100k
75012205,202304,64,2,2,HI,College,Under 50k
75012207,202304,42,1,1,OH,College,Over 100k
75012208,202304,62,1,2,CA,College,Under 50k
75012211,202304,71,2,2,NV,College,Over 100k
75012215,202304,61,2,1,IN,Some College,Under 50k
75012216,202304,42,1,2,IN,College,Over 100k
75012218,202304,62,1,2,TX,High School,Under 50k
75012220,202304,84,1,2,FL,High School,Under 50k
75012226,202304,70,2,1,MA,Some College,Over 100k
75012246,202304,38,2,1,HI,College,Over 100k
75012248,202304,44,2,2,AL,College,Over 100k
75012253,202304,45,2,2,TX,Some College,50k to 100k
75012258,202304,39,1,1,NY,Some College,Over 100k
75012259,202305,63,2,2,NC,Some College,Over 100k
75012262,202305,46,1,1,MI,Some College,50k to 100k
75012266,202304,55,1,2,NC,High School,Under 50k
75012267,202304,64,1,1,MT,Some College,50k to 100k
75012271,202304,50,2,2,GA,College,Under 50k
75012278,202304,65,2,1,TX,High School,Under 50k
75012280,202305,48,2,1,TX,College,Over 100k
75012282,202304,42,1,1,NC,College,50k to 100k
75012283,202304,60,2,2,NC,College,Under 50k
75012284,202304,37,2,1,NC,College,Over 100k
75012287,202305,76,1,1,OH,Some College,Under 50k
75012289,202304,64,1,2,MO,Some College,50k to 100k
75012293,202304,42,2,1,SD,Some College,Over 100k
75012296,202304,45,1,2,MI,College,50k to 100k
75012298,202304,44,1,1,IL,College,Over 100k
75012303,202305,54,2,1,TX,Some College,50k to 100k
75012304,202304,40,1,2,LA,College,50k to 100k
75012306,202304,57,2,2,MN,Some College,50k to 100k
75012307,202304,48,2,1,MO,Some College,50k to 100k
75012311,202304,56,2,1,NY,College,Over 100k
75012319,202304,64,1,2,GA,College,Under 50k
75012326,202304,39,2,1,KS,College,Over 100k
75012328,202304,26,2,2,IL,High School,Under 50k
75012331,202305,55,2,1,IL,College,Over 100k
75012335,202304,51,2,1,TX,High School,Over 100k
75012341,202305,57,1,1,IL,Some College,Over 100k
75012348,202304,62,1,2,MA,Some College,Under 50k
75012349,202304,53,1,1,CA,Some College,Over 100k
75012360,202304,63,2,2,TX,High School,Under 50k
75012362,202304,36,2,2,MT,College,50k to 100k
75012389,202304,44,2,1,AK,College,Over 100k
75012402,202304,76,2,1,PA,High School,Under 50k
75012406,202304,59,1,1,CA,High School,50k to 100k
75012407,202304,35,1,1,MO,Some College,Under 50k
75012410,202304,48,1,2,NC,College,Over 100k
75012413,202304,45,2,1,WA,College,Over 100k
75012419,202304,38,1,1,UT,College,Over 100k
75012425,202304,55,2,1,IA,High School,Over 100k
75012434,202304,55,2,2,NC,Some College,50k to 100k
75012447,202304,31,2,2,NC,College,50k to 100k
75012449,202304,32,1,1,MN,College,Over 100k
75012454,202304,27,2,2,CA,College,Over 100k
75012455,202304,49,1,1,CA,College,Over 100k
75012462,202304,65,2,1,MN,College,Over 100k
75012463,202304,31,1,2,OH,Some College,Under 50k
75012466,202304,63,1,2,MI,Some College,Under 50k
75012471,202304,66,2,1,NM,College,50k to 100k
75012480,202304,44,2,1,AR,College,Over 100k
75012486,202304,68,2,1,TX,Some College,50k to 100k
75012490,202304,57,2,1,IL,College,Over 100k
75012492,202305,59,1,2,VA,College,Over 100k
75012497,202304,40,2,1,KY,Some College,Under 50k
75012499,202304,83,2,1,CA,College,Under 50k
75012501,202304,32,2,1,PA,College,Over 100k
75012502,202304,37,1,2,TX,Some College,Under 50k
75012503,202304,44,2,2,TX,High School,Under 50k
75012504,202304,58,2,1,TX,College,Over 100k
75012507,202304,39,1,1,NJ,Some College,50k to 100k
75012513,202304,38,2,1,MA,College,50k to 100k
75012516,202304,27,1,2,FL,College,50k to 100k
75012523,202304,0,2,1,KS,College,50k to 100k
75012524,202304,65,2,2,MO,Some College,Under 50k
75012525,202304,70,2,1,IL,Some College,Over 100k
75012527,202304,69,2,1,PA,High School,50k to 100k
75012532,202304,60,1,2,CA,Some College,Under 50k
75012533,202305,64,2,1,MN,College,Over 100k
75012535,202304,23,1,2,RI,College,Over 100k
75012541,202304,38,1,2,MS,College,50k to 100k
75012543,202304,59,2,1,UT,High School,Under 50k
75012550,202304,71,1,1,AL,College,Over 100k
75012551,202304,53,2,1,AL,College,Over 100k
75012552,202304,52,1,2,VA,Some College,Under 50k
75012553,202304,27,1,1,NC,High School,Under 50k
75012554,202305,49,2,1,MN,Some College,Over 100k
75012556,202304,71,2,1,WA,College,50k to 100k
75012558,202304,74,1,1,FL,College,Over 100k
75012561,202304,42,2,1,CT,College,Over 100k
75012562,202304,32,2,1,FL,College,Over 100k
75012564,202305,57,1,1,OR,College,Over 100k
75012567,202304,43,2,1,TX,College,Over 100k
75012573,202304,60,2,1,OH,College,Over 100k
75012577,202304,42,1,2,TN,Some College,Under 50k
75012578,202305,57,1,2,GA,College,50k to 100k
75012584,202304,50,2,2,CA,College,Under 50k
75012586,202304,53,1,1,HI,Some College,Under 50k
75012590,202304,47,1,1,NC,College,50k to 100k
75012591,202304,35,1,1,OH,College,Over 100k
75012594,202304,39,2,1,CA,College,Over 100k
75012595,202305,28,2,1,MI,College,Over 100k
75012598,202304,25,1,2,FL,Some College,Under 50k
75012607,202305,40,1,1,ME,College,Over 100k
75012609,202304,45,2,1,MA,College,Over 100k
75012614,202304,39,1,1,AZ,College,Under 50k
75012622,202304,55,1,1,CA,College,50k to 100k
75012625,202304,70,1,2,GA,Some College,Under 50k
75012634,202304,66,2,2,FL,Some College,50k to 100k
75012647,202304,40,2,1,CA,College,Over 100k
75012650,202304,41,1,1,WA,College,Over 100k
75012652,202304,34,2,1,NY,Some College,Over 100k
75012656,202304,49,1,1,OR,College,50k to 100k
75012677,202304,67,1,2,MD,High School,Under 50k
75012683,202304,66,1,2,MN,College,Under 50k
75012686,202305,72,1,1,SC,College,Under 50k
75012691,202305,57,1,1,GA,College,Under 50k
75012698,202305,33,2,1,TX,College,Over 100k
75012699,202305,51,2,1,PA,College,Over 100k
75012707,202305,43,2,1,IA,College,Over 100k
75012709,202305,34,2,2,ND,High School,Under 50k
75012711,202305,55,2,1,MO,College,Over 100k
75012712,202305,54,1,1,OK,College,Over 100k
75012717,202305,37,2,1,UT,College,Over 100k
75012718,202306,30,1,1,TX,Some College,Over 100k
75012729,202305,25,2,2,PA,College,50k to 100k
75012731,202305,44,2,1,WI,Some College,Over 100k
75012732,202305,53,1,1,OR,Some College,50k to 100k
75012737,202305,44,1,2,IL,College,Under 50k
75012738,202305,48,2,1,CA,High School,Over 100k
75012740,202305,39,1,1,OK,College,50k to 100k
75012743,202305,38,2,2,CA,College,Over 100k
75012748,202305,30,1,1,CO,College,Over 100k
75012758,202305,49,2,1,IL,College,Over 100k
75012759,202305,34,2,1,IL,Some College,50k to 100k
75012773,202305,56,1,2,LA,Some College,Under 50k
75012776,202305,43,1,2,MI,Some College,50k to 100k
75012779,202305,33,2,1,NC,College,Over 100k
75012780,202305,52,1,2,CO,College,Under 50k
75012783,202306,80,2,1,CT,College,50k to 100k
75012788,202305,68,1,1,GA,Some College,Under 50k
75012797,202305,26,2,2,FL,College,50k to 100k
75012800,202305,50,1,2,NC,College,50k to 100k
75012807,202306,76,2,1,MI,College,Under 50k
75012808,202305,55,2,2,FL,College,Under 50k
75012810,202305,55,1,2,WA,College,50k to 100k
75012814,202305,55,1,1,WI,College,Over 100k
75012817,202305,32,2,2,NH,College,50k to 100k
75012819,202305,63,1,2,AR,High School,Under 50k
75012821,202305,51,1,2,NJ,College,Over 100k
75012823,202305,67,2,1,CA,High School,50k to 100k
75012826,202306,61,2,1,VA,College,Over 100k
75012832,202305,47,1,2,FL,Some College,Under 50k
75012837,202305,24,2,2,IL,College,50k to 100k
75012841,202305,43,1,1,OH,College,Over 100k
75012848,202305,54,2,1,CT,Some College,Under 50k
75012856,202305,19,1,2,NC,High School,Under 50k
75012863,202305,37,2,1,PA,College,Over 100k
75012865,202305,67,1,2,NV,College,50k to 100k
75012868,202306,68,2,1,NE,College,Over 100k
75012872,202305,38,1,2,ME,College,Under 50k
75012873,202305,52,1,2,CA,College,Over 100k
75012876,202305,29,1,1,NY,College,Over 100k
75012890,202305,77,1,1,IN,High School,50k to 100k
75012891,202305,64,1,2,FL,Some College,Under 50k
75012896,202305,65,2,1,FL,College,Over 100k
75012897,202305,47,2,1,CA,College,Over 100k
75012906,202306,31,2,1,MI,College,Over 100k
75012910,202305,45,2,1,LA,Some College,Over 100k
75012911,202305,38,1,1,TX,Some College,Under 50k
75012914,202305,30,1,1,VA,High School,Over 100k
75012921,202305,45,1,1,PA,Some College,Under 50k
75012936,202306,59,2,1,FL,College,Over 100k
75012938,202305,57,1,1,OH,Some College,50k to 100k
75012939,202305,36,2,1,OH,College,Over 100k
75012940,202305,43,1,1,GA,College,Under 50k
75012942,202306,40,2,1,GA,Some College,Over 100k
75012943,202305,71,2,2,OR,College,50k to 100k
75012964,202305,60,2,1,SC,Some College,50k to 100k
75012969,202305,79,1,2,CA,Some College,50k to 100k
75012986,202305,43,2,2,NY,Some College,50k to 100k
75012987,202305,47,1,2,PA,High School,Under 50k
75012995,202305,44,1,2,CA,College,Under 50k
75013002,202305,60,1,1,CA,College,Over 100k
75013005,202305,28,2,1,NY,College,50k to 100k
75013007,202306,81,1,2,AZ,Some College,Under 50k
75013012,202305,35,1,2,IL,Some College,Under 50k
75013015,202305,53,1,2,NY,College,Over 100k
75013016,202306,80,1,2,NC,College,50k to 100k
75013019,202305,55,1,1,IN,Some College,50k to 100k
75013034,202305,28,2,2,IL,College,50k to 100k
75013038,202305,51,2,2,CT,College,Over 100k
75013043,202305,66,2,2,CA,College,50k to 100k
75013052,202305,64,1,2,TX,College,Under 50k
75013060,202305,39,1,2,GA,Some College,50k to 100k
75013065,202305,45,2,2,NH,College,50k to 100k
75013073,202305,49,1,1,VA,Some College,50k to 100k
75013074,202305,28,2,1,NY,College,Over 100k
75013077,202305,58,1,2,WA,High School,Under 50k
75013078,202305,60,1,2,NY,Some College,50k to 100k
75013080,202305,45,1,1,GA,High School,Over 100k
75013081,202305,54,1,2,WI,Some College,Under 50k
75013083,202305,45,2,1,NE,College,Over 100k
75013092,202305,50,2,2,TX,College,50k to 100k
75013095,202305,45,2,1,UT,Some College,Over 100k
75013098,202305,37,1,2,CT,College,50k to 100k
75013105,202305,37,2,1,KS,College,Over 100k
75013106,202305,49,2,2,NV,College,Under 50k
75013111,202305,82,1,2,NV,Some College,Under 50k
75013114,202305,32,2,1,VA,Some College,Under 50k
75013124,202305,31,1,1,OH,Some College,Over 100k
75013129,202305,31,1,1,PA,College,50k to 100k
75013130,202305,63,2,2,GA,High School,50k to 100k
75013132,202305,65,1,1,WI,High School,50k to 100k
75013141,202305,53,2,2,PA,High School,Under 50k
75013144,202305,43,2,1,NJ,College,Over 100k
75013149,202305,49,2,1,TX,High School,Over 100k
75013154,202305,58,2,1,IN,College,Over 100k
75013157,202305,49,2,1,PA,Some College,Over 100k
75013159,202305,50,1,2,AL,High School,Under 50k
75013160,202305,40,1,1,OR,High School,50k to 100k
75013166,202305,34,2,1,PA,Some College,Over 100k
75013170,202306,47,1,1,MI,College,50k to 100k
75013181,202306,33,1,2,TN,College,Under 50k
75013183,202306,55,2,1,NV,College,Over 100k
75013192,202306,55,1,2,MI,College,Over 100k
75013194,202306,35,2,1,KS,College,50k to 100k
75013196,202306,28,2,1,TN,Some College,50k to 100k
75013200,202306,62,1,1,MD,Some College,50k to 100k
75013202,202306,38,2,1,NY,College,Over 100k
75013203,202306,29,2,1,NE,College,Over 100k
75013204,202307,33,1,1,NE,Some College,Over 100k
75013205,202306,46,1,2,NJ,College,50k to 100k
75013206,202306,59,2,1,IN,Some College,50k to 100k
75013207,202306,35,2,1,IN,College,Over 100k
75013217,202306,76,2,1,NV,Some College,50k to 100k
75013227,202306,68,1,2,OK,College,Under 50k
75013230,202307,48,1,2,IL,Some College,Over 100k
75013242,202306,43,1,1,IA,College,Over 100k
75013246,202306,70,1,1,CT,College,50k to 100k
75013254,202306,45,2,1,IA,Some College,50k to 100k
75013258,202306,67,1,1,FL,Some College,50k to 100k
75013262,202306,45,1,1,KY,College,Under 50k
75013263,202306,70,1,2,OR,High School,Under 50k
75013270,202306,63,1,2,MN,Some College,Under 50k
75013283,202306,59,1,2,IL,College,50k to 100k
75013284,202306,72,1,1,NY,Some College,50k to 100k
75013289,202306,38,2,1,OR,College,50k to 100k
75013295,202306,22,2,2,TN,Some College,50k to 100k
75013303,202306,36,1,1,SC,College,Over 100k
75013307,202306,57,1,2,MO,Some College,Under 50k
75013309,202306,65,1,1,MO,Some College,50k to 100k
75013313,202306,32,2,1,CA,College,Over 100k
75013314,202306,58,1,2,TN,College,Under 50k
75013320,202306,29,2,1,IN,College,Over 100k
75013323,202306,38,1,2,OH,College,Under 50k
75013324,202306,40,1,1,KY,High School,50k to 100k
75013327,202306,37,1,1,KS,Some College,50k to 100k
75013329,202306,28,1,1,NJ,College,Over 100k
75013331,202306,70,1,1,GA,Some College,50k to 100k
75013338,202306,57,2,2,NY,High School,Under 50k
75013342,202306,80,2,1,SC,High School,Under 50k
75013351,202306,27,2,1,NC,College,Over 100k
75013353,202306,40,1,1,KS,High School,Over 100k
75013361,202306,50,1,1,TX,Some College,50k to 100k
75013367,202307,31,2,2,VA,College,Over 100k
75013371,202306,73,1,1,WV,College,50k to 100k
75013374,202306,39,1,1,IL,Some College,50k to 100k
75013378,202306,45,1,2,MS,College,50k to 100k
75013382,202306,32,1,2,AL,High School,Under 50k
75013384,202306,58,1,2,NC,Some College,Under 50k
75013385,202306,85,2,1,NC,College,50k to 100k
75013389,202306,53,2,2,MI,Some College,Under 50k
75013392,202306,42,1,1,NY,College,Over 100k
75013393,202306,69,1,2,NY,College,Under 50k
75013396,202307,65,1,1,CT,College,Over 100k
75013400,202306,67,2,1,LA,Some College,Over 100k
75013403,202306,45,1,1,PA,College,Over 100k
75013405,202307,61,2,1,TX,College,Over 100k
75013406,202306,75,1,1,FL,College,Over 100k
75013410,202306,66,1,2,OR,College,Over 100k
75013413,202307,41,1,1,VA,College,Over 100k
75013415,202306,46,2,1,MD,College,Over 100k
75013416,202306,31,2,2,AZ,College,Under 50k
75013419,202306,27,2,1,NC,College,Over 100k
75013420,202306,71,2,1,MI,Some College,50k to 100k
75013430,202306,61,2,2,KS,Some College,Over 100k
75013431,202306,73,2,1,AZ,Some College,Under 50k
75013436,202306,45,1,1,FL,College,Over 100k
75013438,202306,49,2,2,CA,High School,50k to 100k
75013445,202306,70,1,1,CA,College,50k to 100k
75013448,202306,52,2,1,OH,College,Under 50k
75013451,202306,58,2,2,AR,College,50k to 100k
75013453,202306,39,1,2,CO,College,50k to 100k
75013455,202306,39,1,1,FL,College,50k to 100k
75013463,202306,30,1,1,OK,Some College,50k to 100k
75013466,202306,62,2,2,AZ,College,50k to 100k
75013467,202306,29,2,1,CA,College,Over 100k
75013468,202306,51,1,2,VA,High School,Under 50k
75013476,202306,63,2,1,MN,High School,Under 50k
75013478,202306,38,1,2,WA,College,Over 100k
75013479,202306,39,1,1,NC,College,50k to 100k
75013481,202306,61,1,1,PA,Some College,Over 100k
75013490,202306,47,2,1,NY,Some College,Over 100k
75013501,202306,39,2,1,TX,College,Over 100k
75013503,202306,34,1,1,SC,Some College,Over 100k
75013507,202306,40,1,1,CA,College,50k to 100k
75013513,202306,48,2,1,WA,College,Over 100k
75013514,202306,28,2,2,IL,College,Over 100k
75013526,202306,25,2,1,CO,College,50k to 100k
75013529,202306,53,1,1,NJ,College,Over 100k
75013539,202306,52,1,1,SC,College,Over 100k
75013544,202306,43,1,1,OK,College,50k to 100k
75013545,202306,52,1,2,CO,College,50k to 100k
75013551,202306,40,1,1,CA,College,Over 100k
75013555,202306,63,2,1,ME,College,Over 100k
75013558,202306,48,1,2,MD,College,50k to 100k
75013560,202307,52,2,1,VA,Some College,Over 100k
75013563,202306,28,1,2,OR,College,50k to 100k
75013564,202307,40,1,1,FL,Some College,Over 100k
75013567,202306,44,1,1,FL,Some College,Under 50k
75013568,202306,68,2,1,FL,Some College,Over 100k
75013571,202306,32,1,2,LA,College,Over 100k
75013573,202306,38,2,1,MI,College,Over 100k
75013575,202306,39,1,1,CA,Some College,50k to 100k
75013576,202306,57,2,1,CA,College,Over 100k
75013580,202307,59,1,1,GA,High School,Over 100k
75013583,202306,33,1,2,NJ,High School,Under 50k
75013585,202306,37,1,1,NC,High School,Under 50k
75013588,202306,26,2,2,IN,College,50k to 100k
75013589,202307,58,2,1,OH,Some College,Over 100k
75013590,202307,69,2,1,FL,College,50k to 100k
75013591,202306,49,2,2,FL,College,Over 100k
75013595,202306,28,2,2,MA,College,Under 50k
75013602,202306,33,1,1,CA,College,Over 100k
75013608,202307,60,2,1,AZ,Some College,Over 100k
75013610,202306,21,1,2,DC,Some College,50k to 100k
75013612,202306,39,1,1,NY,College,Over 100k
75013615,202306,75,2,1,PA,College,50k to 100k
75013616,202306,27,1,1,PA,College,Over 100k
75013620,202306,55,1,1,NY,College,50k to 100k
75013623,202306,54,1,1,NC,Some College,50k to 100k
75013626,202306,56,1,1,NC,College,Over 100k
75013627,202306,42,2,2,NY,College,50k to 100k
75013628,202306,74,2,1,NH,College,Over 100k
75013630,202306,39,1,1,ID,Some College,50k to 100k
75013634,202306,55,1,2,RI,Some College,50k to 100k
75013636,202306,69,2,1,IA,Some College,Under 50k
75013639,202306,29,2,1,OR,College,Over 100k
75013641,202306,80,1,2,FL,Some College,Under 50k
75013643,202306,76,2,2,FL,College,50k to 100k
75013645,202306,53,2,1,NC,College,Over 100k
75013646,202306,55,1,2,TX,Some College,50k to 100k
75013647,202306,67,2,2,VA,High School,Under 50k
75013654,202307,47,1,2,FL,College,50k to 100k
75013655,202306,26,2,2,FL,College,50k to 100k
75013658,202306,60,2,1,FL,College,Over 100k
75013659,202306,79,2,1,FL,Some College,Under 50k
75013660,202306,65,1,1,SC,Some College,Over 100k
75013663,202306,53,1,2,NY,Some College,Over 100k
75013665,202306,32,2,1,VA,College,Over 100k
75013666,202306,48,2,2,TX,College,50k to 100k
75013671,202306,64,1,2,OR,Some College,Under 50k
75013673,202306,36,1,2,CO,College,Over 100k
75013674,202306,76,2,1,FL,College,50k to 100k
75013678,202306,46,1,1,WV,College,Over 100k
75013680,202307,61,2,1,PA,College,Over 100k
75013681,202306,48,1,1,PA,College,50k to 100k
75013682,202306,66,1,2,CA,Some College,Under 50k
75013710,202307,37,1,1,MA,College,50k to 100k
75013723,202307,58,1,2,TX,College,50k to 100k
75013725,202307,30,2,1,CA,Some College,Under 50k
75013726,202307,34,2,2,CA,High School,Under 50k
75013734,202308,45,1,1,GA,Some College,Over 100k
75013744,202307,60,1,2,VT,High School,Under 50k
75013749,202307,30,1,1,TN,Some College,Over 100k
75013750,202307,71,2,1,TX,College,Under 50k
75013753,202307,40,2,1,OH,College,Over 100k
75013754,202308,53,1,1,VA,College,Under 50k
75013762,202307,52,1,1,AR,Some College,50k to 100k
75013764,202308,61,1,1,AZ,College,Over 100k
75013765,202307,59,1,2,AZ,College,Under 50k
75013770,202307,76,2,2,NC,Some College,Under 50k
75013776,202307,47,1,2,GA,Some College,Under 50k
75013777,202307,33,1,1,VA,College,Over 100k
75013783,202307,46,2,1,WI,College,Over 100k
75013792,202307,46,1,1,IL,Some College,Under 50k
75013798,202307,49,2,1,IA,College,Over 100k
75013804,202307,52,2,2,OH,High School,Under 50k
75013815,202308,52,2,2,CA,Some College,50k to 100k
75013816,202308,38,1,1,CO,College,Over 100k
75013824,202307,41,2,1,CA,College,Over 100k
75013827,202307,58,1,2,WV,College,Under 50k
75013828,202307,42,1,2,MI,College,50k to 100k
75013833,202307,46,1,1,FL,Some College,Over 100k
75013836,202307,39,2,1,AL,College,50k to 100k
75013841,202307,32,1,2,IN,Some College,Under 50k
75013853,202307,70,1,2,VA,College,Under 50k
75013857,202307,42,1,1,AZ,College,Over 100k
75013865,202307,30,1,1,CA,Some College,Under 50k
75013866,202307,67,2,2,OR,Some College,Under 50k
75013879,202307,44,1,2,DC,High School,Over 100k
75013881,202308,66,2,2,WI,Some College,Over 100k
75013882,202308,50,1,1,MO,College,Over 100k
75013886,202307,72,2,1,ID,College,50k to 100k
75013889,202307,54,2,1,CA,College,Over 100k
75013900,202307,3,1,1,CO,College,Over 100k
75013901,202307,57,1,1,TX,Some College,Under 50k
75013903,202307,37,1,1,NC,College,Over 100k
75013911,202307,46,2,1,KS,College,50k to 100k
75013916,202307,28,1,1,VA,College,50k to 100k
75013931,202307,68,1,1,WA,Some College,50k to 100k
75013932,202307,41,2,1,WA,College,50k to 100k
75013934,202307,46,1,1,PA,College,Over 100k
75013940,202307,49,2,1,PA,College,Over 100k
75013954,202307,45,2,1,ND,College,Over 100k
75013959,202307,67,2,2,NJ,College,Under 50k
75013961,202307,47,1,1,NY,College,50k to 100k
75013968,202307,51,1,1,CA,College,Over 100k
75013974,202307,67,1,2,AL,High School,Under 50k
75013982,202307,56,2,2,AR,College,50k to 100k
75013986,202307,45,1,1,MA,High School,50k to 100k
75013987,202307,79,1,2,KS,Some College,50k to 100k
75013995,202307,49,2,2,TX,High School,Under 50k
75014001,202307,37,1,2,NC,College,Under 50k
75014003,202307,33,1,1,NC,Some College,50k to 100k
75014021,202307,49,1,2,WA,College,50k to 100k
75014023,202307,56,1,1,PA,High School,Under 50k
75014028,202307,68,1,1,TN,College,Under 50k
75014029,202307,23,1,2,MN,College,50k to 100k
75014030,202307,36,1,2,MN,College,Over 100k
75014033,202307,38,1,2,CA,College,Over 100k
75014035,202307,52,1,1,CA,College,50k to 100k
75014043,202307,42,2,2,TX,College,Over 100k
75014044,202307,50,2,1,CA,Some College,Over 100k
75014045,202307,59,2,2,WA,High School,50k to 100k
75014046,202307,22,2,2,IL,College,50k to 100k
75014048,202307,57,2,1,SC,High School,50k to 100k
75014053,202307,22,1,1,FL,Some College,50k to 100k
75014054,202307,30,1,1,MA,High School,50k to 100k
75014058,202308,42,1,1,OH,Some College,50k to 100k
75014059,202307,68,2,2,CA,College,Over 100k
75014062,202307,28,1,2,OH,College,Under 50k
75014063,202307,36,1,1,TN,College,50k to 100k
75014065,202307,44,2,2,GA,Some College,Under 50k
75014067,202307,58,1,2,FL,Some College,50k to 100k
75014068,202307,36,1,1,LA,College,Over 100k
75014069,202307,31,2,2,CA,High School,Under 50k
75014072,202307,46,2,1,NY,College,Over 100k
75014075,202307,55,1,2,CA,College,50k to 100k
75014076,202307,73,2,1,NY,Some College,50k to 100k
75014078,202307,43,1,2,CA,College,50k to 100k
75014083,202307,46,2,1,IN,College,Over 100k
75014085,202307,22,2,2,MN,Some College,Over 100k
75014087,202307,27,1,1,NE,College,Under 50k
75014090,202308,47,1,1,AK,College,Over 100k
75014098,202307,70,1,1,GA,College,Under 50k
75014100,202307,23,2,1,IA,College,Over 100k
75014102,202307,43,1,2,KY,Some College,Under 50k
75014105,202307,24,2,1,TX,College,Under 50k
75014110,202307,42,1,1,PA,Some College,50k to 100k
75014119,202307,56,1,2,TX,College,50k to 100k
75014120,202307,49,2,1,MA,College,Over 100k
75014129,202307,23,1,1,WV,High School,50k to 100k
75014133,202307,38,1,2,OH,College,50k to 100k
75014145,202307,53,1,1,CT,Some College,50k to 100k
75014146,202307,63,2,2,CA,High School,Under 50k
75014156,202307,37,2,1,DE,College,Over 100k
75014162,202307,38,2,1,CA,College,Over 100k
75014163,202307,48,2,2,IL,College,50k to 100k
75014165,202307,32,1,2,VA,College,Under 50k
75014172,202307,47,1,1,AR,Some College,Over 100k
75014174,202307,31,2,2,NJ,College,Over 100k
75014175,202307,27,1,1,CO,College,50k to 100k
75014187,202307,71,2,1,FL,College,Over 100k
75014191,202307,33,1,2,FL,College,50k to 100k
75014199,202307,58,1,1,NY,Some College,Under 50k
75014202,202307,48,2,1,WV,Some College,Over 100k
75014208,202307,36,2,2,TX,College,Over 100k
75014214,202307,42,1,2,WV,High School,Under 50k
75014218,202308,56,1,1,AR,College,Over 100k
75014225,202308,43,2,1,PA,College,Over 100k
75014226,202307,45,1,1,MN,College,Over 100k
75014231,202307,69,2,2,NJ,College,Under 50k
75014236,202308,56,1,1,FL,High School,50k to 100k
75014237,202307,46,2,2,IL,Some College,Under 50k
75014242,202307,55,2,1,LA,Some College,50k to 100k
75014244,202308,44,2,1,UT,College,Over 100k
75014252,202308,66,2,1,CA,College,Under 50k
75014253,202308,36,1,1,TN,College,Over 100k
75014254,202308,62,1,1,FL,College,Over 100k
75014259,202308,27,1,1,MI,College,Under 50k
75014263,202309,33,2,1,TX,Some College,50k to 100k
75014265,202309,42,2,1,TX,College,Over 100k
75014270,202309,37,2,1,OH,High School,50k to 100k
75014271,202309,38,2,1,IN,College,Over 100k
75014293,202308,69,1,2,OH,Some College,Under 50k
75014295,202308,33,2,2,OR,High School,50k to 100k
75014296,202308,56,1,1,PA,College,50k to 100k
75014304,202308,40,2,2,CO,College,50k to 100k
75014305,202308,74,1,1,OR,Some College,Over 100k
75014307,202309,57,2,1,WV,College,Over 100k
75014308,202308,65,2,1,NY,College,50k to 100k
75014325,202309,56,2,1,OH,Some College,Under 50k
75014326,202308,38,1,1,OH,Some College,Over 100k
75014329,202308,45,1,1,TX,High School,Under 50k
75014330,202308,32,2,2,ID,College,50k to 100k
75014341,202308,52,1,1,FL,Some College,50k to 100k
75014342,202308,56,1,2,AZ,College,50k to 100k
75014344,202308,34,1,1,TN,College,Over 100k
75014348,202309,42,2,1,GA,College,Over 100k
75014354,202308,44,1,1,TX,Some College,Under 50k
75014360,202308,35,2,1,ID,College,50k to 100k
75014361,202308,84,2,2,OH,Some College,50k to 100k
75014364,202308,26,1,2,NY,College,50k to 100k
75014373,202308,24,2,2,TN,College,Under 50k
75014374,202309,58,1,2,AR,High School,Under 50k
75014375,202308,24,1,1,ID,Some College,Under 50k
75014381,202308,34,1,1,MN,College,Over 100k
75014383,202308,72,2,1,NY,High School,50k to 100k
75014384,202308,27,2,1,NY,Some College,Over 100k
75014385,202309,51,2,1,VA,College,Over 100k
75014391,202308,34,2,2,ND,College,50k to 100k
75014393,202308,68,2,1,CA,Some College,Over 100k
75014395,202308,41,1,1,MI,Some College,50k to 100k
75014400,202308,66,2,1,TX,College,Over 100k
75014405,202309,32,2,1,TX,College,Over 100k
75014406,202309,41,1,1,TX,College,Over 100k
75014416,202308,34,1,1,FL,Some College,Under 50k
75014420,202308,39,2,1,CA,College,Over 100k
75014426,202308,29,1,1,AL,College,Over 100k
75014430,202308,44,2,1,WA,College,Over 100k
75014431,202308,64,2,2,CA,College,50k to 100k
75014433,202308,43,2,2,NC,High School,50k to 100k
75014438,202308,33,1,1,NY,Some College,Under 50k
75014440,202308,28,1,1,CA,College,50k to 100k
75014441,202308,53,1,2,TN,High School,Under 50k
75014445,202309,30,2,2,MI,College,50k to 100k
75014448,202309,43,1,2,FL,College,Under 50k
75014457,202308,33,2,1,FL,College,Over 100k
75014460,202308,48,2,1,NY,College,Over 100k
75014466,202308,49,1,2,MN,Some College,50k to 100k
75014468,202309,35,1,2,MT,College,50k to 100k
75014469,202308,61,2,2,OH,College,Over 100k
75014471,202308,60,2,1,TX,College,50k to 100k
75014472,202309,54,1,1,KY,Some College,Over 100k
75014474,202309,51,2,1,MA,College,Over 100k
75014475,202308,35,1,1,WA,College,Over 100k
75014477,202308,81,2,1,MT,College,Over 100k
75014495,202308,40,1,1,MO,College,Over 100k
75014507,202308,34,1,1,MN,High School,50k to 100k
75014510,202308,46,1,2,AZ,College,50k to 100k
75014511,202308,45,2,1,NY,College,Under 50k
75014512,202308,30,2,1,PA,High School,Over 100k
75014521,202308,62,1,1,CA,Some College,Over 100k
75014532,202308,53,1,1,AR,Some College,Under 50k
75014535,202308,59,2,1,FL,College,Under 50k
75014539,202308,29,1,1,OH,Some College,50k to 100k
75014545,202308,59,2,1,OH,High School,Under 50k
75014548,202308,82,1,1,VA,Some College,Under 50k
75014552,202308,51,1,2,NC,College,50k to 100k
75014557,202308,33,2,1,MT,College,Over 100k
75014569,202308,59,2,2,CO,College,50k to 100k
75014584,202308,30,2,1,NY,Some College,Under 50k
75014590,202308,64,1,2,FL,College,Under 50k
75014592,202308,25,2,1,FL,Some College,50k to 100k
75014594,202308,50,1,1,OH,High School,50k to 100k
75014596,202308,35,2,1,MD,College,Over 100k
75014601,202308,50,2,1,VA,Some College,Over 100k
75014604,202308,30,2,1,TX,College,Over 100k
75014606,202309,38,2,1,AL,College,Over 100k
75014611,202309,43,2,1,TN,College,Over 100k
75014612,202309,18,1,2,FL,High School,50k to 100k
75014619,202308,27,2,1,MN,College,50k to 100k
75014620,202308,37,2,1,CA,College,Over 100k
75014621,202309,39,2,1,SC,College,Over 100k
75014622,202308,65,1,2,CA,College,Over 100k
75014623,202309,50,1,1,AL,College,50k to 100k
75014630,202308,43,2,1,WI,College,Over 100k
75014632,202308,51,1,1,WA,College,Over 100k
75014633,202308,48,2,1,IL,College,Over 100k
75014640,202308,79,1,2,FL,College,Under 50k
75014643,202308,76,2,1,NY,Some College,Over 100k
75014645,202308,46,2,1,PA,College,Over 100k
75014650,202308,36,1,1,TX,College,50k to 100k
75014653,202308,50,1,2,CA,College,Over 100k
75014654,202309,49,1,2,IL,College,Under 50k
75014656,202308,57,2,2,CO,Some College,Over 100k
75014659,202308,38,2,2,MI,Some College,50k to 100k
75014667,202308,51,1,2,TX,Some College,Under 50k
75014668,202308,45,2,1,SD,College,50k to 100k
75014677,202308,48,2,1,NY,College,Over 100k
75014680,202308,39,2,1,CA,College,Over 100k
75014681,202308,43,2,1,WA,College,Over 100k
75014684,202308,56,2,2,FL,College,Under 50k
75014686,202308,25,2,2,TN,Some College,Under 50k
75014700,202308,39,1,2,ME,College,50k to 100k
75014701,202308,69,1,2,NC,College,50k to 100k
75014703,202308,54,2,2,PA,Some College,Over 100k
75014704,202308,58,1,1,CT,Some College,50k to 100k
75014708,202308,77,2,1,MN,College,50k to 100k
75014710,202309,44,1,2,AR,Some College,Under 50k
75014712,202308,36,2,2,NC,Some College,Under 50k
75014722,202308,33,1,2,CA,College,Over 100k
75014726,202308,59,1,1,OR,High School,Under 50k
75014728,202308,35,2,1,AR,College,50k to 100k
75014747,202309,39,2,1,MA,College,Over 100k
75014753,202308,31,2,1,IL,College,50k to 100k
75014757,202308,64,1,2,PA,Some College,Under 50k
75014760,202308,42,2,1,WA,College,50k to 100k
75014762,202308,69,1,2,CA,High School,Under 50k
75014765,202309,40,1,1,TX,College,Over 100k
75014771,202308,64,1,2,WI,Some College,Under 50k
75014775,202308,59,2,2,MN,College,Over 100k
75014780,202308,52,2,1,MD,College,Over 100k
75014781,202309,38,2,1,MD,College,Over 100k
75014798,202308,39,1,2,NC,High School,Under 50k
75014802,202308,31,1,1,NY,College,50k to 100k
75014805,202308,31,1,2,FL,College,50k to 100k
75014807,202308,77,1,1,MI,College,Over 100k
75014809,202309,43,1,1,TX,Some College,Over 100k
75014814,202308,45,2,1,IN,College,Over 100k
75014825,202308,42,2,1,NY,College,Over 100k
75014839,202308,45,2,1,IA,College,Over 100k
75014841,202308,45,2,2,IL,Some College,Under 50k
75014845,202309,23,2,1,UT,College,Over 100k
75014848,202309,53,2,2,TX,College,Over 100k
75014854,202309,45,1,2,MO,College,Under 50k
75014856,202309,25,2,1,IL,College,Over 100k
75014857,202309,34,2,1,VA,Some College,50k to 100k
75014862,202309,49,1,2,GA,Some College,Under 50k
75014868,202309,36,1,1,CA,Some College,50k to 100k
75014874,202310,53,2,1,MO,College,Over 100k
75014883,202309,59,1,1,IL,Some College,Over 100k
75014884,202310,32,2,1,IN,Some College,50k to 100k
75014886,202309,30,2,2,IA,College,50k to 100k
75014887,202309,56,1,1,KS,Some College,Over 100k
75014888,202310,49,1,1,WI,College,Over 100k
75014889,202310,57,1,1,IN,College,50k to 100k
75014891,202309,61,1,2,NJ,Some College,50k to 100k
75014892,202309,73,1,2,GA,Some College,Under 50k
75014893,202309,75,2,1,GA,College,Over 100k
75014895,202309,65,2,1,IL,Some College,Under 50k
75014897,202309,42,2,2,KS,College,Under 50k
75014905,202309,44,1,1,OH,College,Over 100k
75014910,202309,38,1,1,CA,Some College,Over 100k
75014913,202309,34,2,1,MO,Some College,50k to 100k
75014917,202309,35,1,1,ID,College,50k to 100k
75014925,202309,62,2,1,NJ,College,Over 100k
75014926,202309,75,1,2,GA,College,Under 50k
75014930,202309,45,2,1,NJ,College,Over 100k
75014937,202309,49,1,1,IN,Some College,Over 100k
75014942,202311,67,2,2,OH,High School,Under 50k
75014946,202309,46,2,1,TX,College,Over 100k
75014948,202309,75,2,2,CA,College,Under 50k
75014950,202309,66,2,2,MI,High School,Under 50k
75014955,202310,38,2,1,TX,College,Over 100k
75014958,202309,48,2,2,FL,College,Over 100k
75014961,202310,57,1,1,IN,Some College,50k to 100k
75014963,202309,52,2,1,CA,College,Over 100k
75014965,202309,77,2,1,OR,Some College,50k to 100k
75014966,202309,36,2,1,CT,College,Over 100k
75014967,202309,38,1,2,CA,Some College,Under 50k
75014968,202309,21,1,2,NY,Some College,Under 50k
75014970,202310,63,2,1,UT,High School,50k to 100k
75014974,202309,71,2,1,NJ,Some College,Over 100k
75014979,202309,72,1,2,NJ,High School,Under 50k
75014981,202309,56,1,1,OH,College,50k to 100k
75014982,202309,34,2,1,MI,College,Over 100k
75014984,202309,48,1,1,MS,Some College,50k to 100k
75014988,202309,22,1,2,WI,High School,Under 50k
75014993,202309,60,2,1,TX,College,Over 100k
75014997,202309,35,2,1,OH,Some College,Over 100k
75014998,202310,43,2,1,OH,College,Over 100k
75014999,202309,78,2,1,VA,College,Over 100k
75015000,202309,35,2,1,GA,College,Over 100k
75015002,202309,33,1,1,PA,College,Over 100k
75015012,202309,75,2,1,PA,College,50k to 100k
75015014,202311,64,2,1,NJ,College,Over 100k
75015016,202309,32,1,2,NJ,Some College,50k to 100k
75015018,202310,54,2,1,AL,College,Over 100k
75015019,202309,51,1,1,WI,College,50k to 100k
75015022,202309,32,1,2,MI,Some College,50k to 100k
75015025,202309,46,2,1,MI,Some College,Under 50k
75015026,202310,45,2,1,UT,College,Over 100k
75015027,202311,39,2,1,UT,College,Over 100k
75015028,202309,70,2,2,TN,College,50k to 100k
75015031,202309,35,2,2,GA,College,50k to 100k
75015035,202309,70,2,2,TX,Some College,Under 50k
75015036,202309,73,1,1,KY,College,Over 100k
75015041,202311,68,2,1,OH,College,Under 50k
75015042,202309,46,2,1,OH,College,Over 100k
75015052,202309,37,2,1,TX,College,Over 100k
75015059,202310,35,1,2,DC,College,Over 100k
75015062,202311,50,2,1,OH,Some College,Over 100k
75015066,202309,55,2,1,MI,College,50k to 100k
75015075,202309,39,2,1,WI,College,Under 50k
75015077,202309,48,1,1,NC,High School,Under 50k
75015078,202309,76,1,1,PA,Some College,50k to 100k
75015079,202309,59,1,1,FL,High School,Over 100k
75015084,202309,37,2,1,CO,College,Over 100k
75015090,202309,30,1,1,LA,College,Over 100k
75015093,202309,53,1,2,NM,High School,Under 50k
75015097,202309,69,2,1,CA,Some College,Over 100k
75015098,202309,50,2,1,FL,Some College,Over 100k
75015099,202309,73,2,2,FL,College,Under 50k
75015100,202309,62,2,2,NV,Some College,Under 50k
75015101,202309,65,2,1,VA,Some College,50k to 100k
75015104,202309,40,2,1,CA,College,Over 100k
75015105,202309,68,2,2,CA,High School,Under 50k
75015117,202309,59,1,1,GA,College,50k to 100k
75015119,202309,30,1,1,NE,Some College,50k to 100k
75015122,202309,67,1,2,MI,Some College,Under 50k
75015124,202309,40,2,1,KY,College,Over 100k
75015125,202309,23,1,1,TN,Some College,50k to 100k
75015127,202309,36,1,2,MD,College,50k to 100k
75015128,202309,54,1,1,FL,College,Under 50k
75015129,202309,40,2,2,NM,Some College,Under 50k
75015136,202309,73,1,2,MO,College,Under 50k
75015137,202311,50,1,1,FL,College,Over 100k
75015140,202309,38,1,1,NJ,College,Under 50k
75015142,202309,59,1,1,GA,High School,50k to 100k
75015146,202310,29,2,2,MD,College,Over 100k
75015147,202309,61,1,2,HI,College,50k to 100k
75015150,202309,73,2,1,VA,College,Over 100k
75015151,202311,47,1,2,IN,College,50k to 100k
75015152,202309,57,2,1,OH,Some College,Over 100k
75015159,202309,44,1,2,FL,Some College,Under 50k
75015161,202309,61,2,1,NC,College,50k to 100k
75015164,202309,72,1,2,MA,Some College,Under 50k
75015169,202309,54,2,2,NC,Some College,50k to 100k
75015172,202309,60,2,1,FL,College,Over 100k
75015177,202309,68,1,1,OR,College,50k to 100k
75015179,202309,75,2,1,NV,Some College,50k to 100k
75015180,202309,49,1,1,FL,Some College,Over 100k
75015181,202310,34,1,1,FL,College,50k to 100k
75015182,202309,47,1,2,MT,College,Over 100k
75015184,202309,52,2,1,ID,College,Under 50k
75015188,202309,34,1,1,IA,College,Over 100k
75015190,202309,63,2,1,FL,College,Under 50k
75015197,202309,36,2,1,OR,College,Over 100k
75015199,202309,55,2,2,SC,High School,Under 50k
75015201,202309,26,1,2,MA,College,Over 100k
75015204,202309,69,2,2,NM,College,Over 100k
75015205,202309,20,1,1,CA,Some College,Under 50k
75015207,202309,70,1,2,WA,College,Under 50k
75015208,202310,58,2,1,IN,College,Over 100k
75015209,202309,40,1,1,IA,College,Over 100k
75015212,202309,64,2,1,CA,Some College,Over 100k
75015213,202309,70,2,1,CA,College,Over 100k
75015215,202310,32,2,1,UT,Some College,Over 100k
75015218,202309,50,1,2,MD,College,Over 100k
75015225,202309,62,2,2,WA,Some College,50k to 100k
75015230,202309,58,1,1,NY,College,Over 100k
75015233,202309,60,2,2,NC,High School,Under 50k
75015234,202309,52,1,2,AZ,Some College,Under 50k
75015242,202309,53,2,1,TX,College,Over 100k
75015248,202310,68,2,1,NJ,Some College,50k to 100k
75015250,202310,38,1,1,FL,College,Over 100k
75015254,202311,21,1,2,AR,Some College,Under 50k
75015257,202311,60,2,1,OH,High School,Under 50k
75015259,202311,44,2,1,TN,College,Over 100k
75015262,202310,28,1,2,GA,College,Under 50k
75015273,202310,57,1,1,CA,Some College,50k to 100k
75015278,202310,40,2,2,TX,College,Over 100k
75015280,202310,62,2,1,MD,College,Over 100k
75015281,202310,41,2,1,OH,College,50k to 100k
75015284,202310,62,2,1,VA,College,Over 100k
75015285,202311,52,1,1,CO,Some College,Under 50k
75015289,202310,39,1,1,NM,High School,Under 50k
75015290,202310,60,1,1,WA,Some College,50k to 100k
75015296,202310,67,1,2,CO,Some College,Under 50k
75015298,202310,26,1,2,NY,College,50k to 100k
75015299,202310,55,2,1,IL,College,Over 100k
75015302,202310,37,1,1,UT,Some College,50k to 100k
75015313,202310,40,2,2,MA,Some College,50k to 100k
75015315,202310,59,2,1,OK,College,50k to 100k
75015317,202311,76,2,1,VA,College,50k to 100k
75015325,202310,67,1,2,FL,Some College,Under 50k
75015326,202310,33,2,1,FL,Some College,50k to 100k
75015327,202310,77,1,2,RI,Some College,Under 50k
75015330,202310,68,2,1,WI,High School,50k to 100k
75015331,202310,32,2,1,MO,Some College,Over 100k
75015332,202310,44,2,1,WI,Some College,Over 100k
75015335,202311,73,1,1,PA,High School,50k to 100k
75015340,202311,64,2,1,OH,College,Over 100k
75015346,202311,42,2,1,IL,Some College,Over 100k
75015348,202310,43,1,1,PA,College,Over 100k
75015351,202310,30,1,2,CO,College,Under 50k
75015352,202310,61,1,1,TX,College,Over 100k
75015353,202310,31,1,2,CA,Some College,Under 50k
75015354,202310,47,1,1,ME,College,Over 100k
75015361,202310,42,1,2,PA,College,50k to 100k
75015362,202310,69,1,1,PA,College,50k to 100k
75015363,202310,35,2,1,SD,College,Over 100k
75015364,202310,44,1,1,TN,Some College,Under 50k
75015369,202311,40,2,1,GA,College,Over 100k
75015370,202310,50,2,1,GA,College,Over 100k
75015371,202310,43,2,2,GA,College,Over 100k
75015375,202310,56,1,1,IA,High School,Under 50k
75015377,202310,61,1,1,NC,Some College,50k to 100k
75015378,202310,45,1,2,TX,College,Under 50k
75015388,202310,33,1,1,NY,College,50k to 100k
75015392,202310,39,1,2,OH,College,Under 50k
75015394,202311,53,2,1,MO,College,Over 100k
75015395,202310,40,1,1,MO,High School,50k to 100k
75015396,202310,29,2,1,NY,College,50k to 100k
75015398,202310,50,1,2,NJ,Some College,50k to 100k
75015399,202311,61,2,1,NY,College,Over 100k
75015403,202310,34,2,1,WA,High School,Under 50k
75015404,202310,36,1,1,OH,College,Over 100k
75015405,202310,33,1,2,CA,Some College,50k to 100k
75015416,202311,41,1,1,VA,College,Over 100k
75015425,202311,41,2,1,KY,High School,Under 50k
75015432,202310,46,2,1,WI,College,Over 100k
75015434,202310,46,2,1,OH,High School,Over 100k
75015437,202311,69,1,2,IL,College,Under 50k
75015438,202310,47,1,1,AR,College,Over 100k
75015439,202310,74,2,1,AZ,College,Over 100k
75015440,202310,83,1,1,AZ,Some College,Under 50k
75015444,202310,30,1,1,WV,College,Over 100k
75015448,202310,62,1,1,WV,High School,Over 100k
75015453,202310,83,1,2,WA,College,Under 50k
75015454,202310,67,1,2,VA,College,Under 50k
75015457,202311,50,2,1,NC,Some College,50k to 100k
75015459,202310,59,1,1,FL,High School,Over 100k
75015462,202310,54,1,1,MA,Some College,50k to 100k
75015467,202311,61,2,1,NY,College,Over 100k
75015469,202310,48,2,1,TN,College,Over 100k
75015470,202310,90,2,1,CA,College,Under 50k
75015471,202310,37,1,1,CA,Some College,Under 50k
75015472,202310,53,1,2,SC,College,50k to 100k
75015473,202311,32,1,1,PA,College,Over 100k
75015474,202310,42,1,2,ME,College,Under 50k
75015477,202310,38,1,2,TX,Some College,Under 50k
75015479,202310,50,2,2,WA,Some College,Under 50k
75015481,202310,71,2,1,AZ,College,50k to 100k
75015485,202310,68,1,1,GA,Some College,50k to 100k
75015491,202310,35,2,1,OR,College,Over 100k
75015493,202310,29,1,1,TX,High School,50k to 100k
75015494,202310,74,2,1,CO,College,50k to 100k
75015502,202310,31,1,2,TX,High School,Under 50k
75015505,202310,67,1,1,MT,Some College,Under 50k
75015506,202310,69,1,1,SC,College,Under 50k
75015507,202310,75,1,2,RI,Some College,50k to 100k
75015509,202310,38,2,1,MN,Some College,Over 100k
75015516,202310,25,2,2,NC,College,50k to 100k
75015517,202310,54,1,1,AK,College,Over 100k
75015518,202310,34,2,2,AR,Some College,Under 50k
75015521,202310,52,1,1,FL,High School,50k to 100k
75015529,202311,69,1,2,FL,College,Under 50k
75015535,202310,44,1,1,OH,College,Over 100k
75015536,202311,63,1,1,NJ,Some College,Over 100k
75015538,202310,45,1,2,NJ,High School,Under 50k
75015542,202310,69,2,2,TX,Some College,Under 50k
75015544,202311,55,1,1,NY,College,Under 50k
75015550,202310,73,1,1,CO,Some College,Under 50k
75015551,202310,68,2,2,MO,Some College,Under 50k
75015552,202310,52,2,2,MO,Some College,Under 50k
75015557,202311,50,1,2,PA,College,50k to 100k
75015563,202311,56,1,2,MS,Some College,50k to 100k
75015565,202310,70,1,2,NY,College,50k to 100k
75015570,202310,27,1,1,MN,College,Over 100k
75015572,202311,78,2,2,MN,College,Under 50k
75015574,202310,25,2,1,NC,High School,Over 100k
75015578,202310,38,2,1,CA,Some College,Over 100k
75015581,202310,57,1,2,AL,College,50k to 100k
75015586,202310,66,2,2,MT,College,Under 50k
75015587,202310,49,2,1,NY,College,50k to 100k
75015590,202310,49,1,1,OH,High School,50k to 100k
75015596,202310,35,2,1,IL,College,Over 100k
75015603,202310,57,2,1,NJ,College,Over 100k
75015605,202310,70,1,1,MO,Some College,Under 50k
75015606,202310,57,1,1,VA,College,Over 100k
75015607,202310,64,1,2,MD,Some College,Over 100k
75015617,202310,68,1,1,SC,Some College,50k to 100k
75015618,202310,37,2,1,MA,College,Over 100k
75015619,202310,24,1,1,RI,Some College,50k to 100k
75015622,202310,41,2,1,NC,College,50k to 100k
75015626,202310,45,2,1,NY,College,Over 100k
75015627,202310,29,2,2,KY,College,50k to 100k
75015628,202311,40,1,1,FL,College,Over 100k
75015629,202311,73,2,1,IN,College,Over 100k
75015637,202310,58,2,1,SC,High School,50k to 100k
75015639,202310,36,1,2,WV,College,50k to 100k
75015640,202310,57,2,1,TX,High School,Under 50k
75015641,202311,28,1,2,TX,Some College,Under 50k
75015642,202310,49,1,2,CA,College,50k to 100k
75015650,202311,37,2,1,TN,College,Over 100k
75015652,202310,53,1,1,MI,College,Over 100k
75015657,202311,70,2,1,FL,College,Over 100k
75015658,202310,28,1,1,NY,High School,Under 50k
75015670,202310,61,1,1,CA,College,Over 100k
75015679,202310,36,1,1,VA,College,Over 100k
75015684,202311,48,2,1,WI,Some College,Over 100k
75015693,202311,42,1,1,AR,College,Over 100k
75015698,202311,77,1,1,IL,High School,50k to 100k
75015711,202311,39,2,1,WA,College,Over 100k
75015714,202311,30,2,1,IL,College,Over 100k
75015715,202311,42,1,1,IN,College,50k to 100k
75015720,202311,35,1,2,CA,Some College,Under 50k
75015721,202311,35,1,1,NY,College,Over 100k
75015723,202311,84,1,1,AZ,College,Under 50k
75015725,202311,38,1,1,FL,College,50k to 100k
75015731,202311,51,2,2,TN,Some College,Under 50k
75015733,202311,76,1,1,MI,College,Over 100k
75015738,202311,41,2,1,NY,College,Over 100k
75015744,202311,44,2,2,PA,College,Over 100k
75015746,202311,25,1,1,AZ,Some College,Under 50k
75015751,202311,31,2,1,TX,College,Over 100k
75015763,202311,26,2,2,CA,College,50k to 100k
75015764,202311,34,1,1,MI,College,Over 100k
75015776,202311,37,1,2,PA,College,Over 100k
75015777,202311,45,2,2,TX,Some College,Under 50k
75015784,202311,43,1,1,DE,College,50k to 100k
75015786,202311,54,1,2,NH,College,Under 50k
75015788,202311,32,2,1,FL,College,50k to 100k
75015795,202311,58,1,2,PA,Some College,Under 50k
75015796,202311,34,2,1,FL,Some College,Over 100k
75015801,202311,59,1,2,NV,College,50k to 100k
75015802,202311,55,1,2,VA,College,50k to 100k
75015804,202311,70,1,2,MA,College,Under 50k
75015806,202311,45,1,1,VA,College,Over 100k
75015811,202311,43,1,1,MO,Some College,Over 100k
75015822,202311,52,2,2,IN,High School,50k to 100k
75015823,202311,38,2,2,AZ,Some College,Over 100k
75015824,202311,53,1,2,AZ,College,50k to 100k
75015825,202311,44,1,1,LA,Some College,50k to 100k
75015826,202311,32,1,2,MO,College,50k to 100k
75015827,202311,55,1,2,SC,College,Over 100k
75015828,202311,51,2,1,CA,College,Over 100k
75015830,202311,53,2,1,DE,College,50k to 100k
75015832,202311,34,1,1,ME,Some College,50k to 100k
75015833,202311,52,1,1,NV,Some College,Over 100k
75015839,202311,40,2,1,KS,College,Over 100k
75015841,202311,43,1,1,TN,College,Over 100k
75015843,202311,64,2,1,CO,High School,Over 100k
75015847,202311,45,2,1,TX,Some College,50k to 100k
75015848,202311,49,2,1,NY,Some College,Over 100k
75015850,202311,53,1,1,TX,College,Over 100k
75015851,202311,50,2,2,TN,Some College,Under 50k
75015853,202311,25,1,1,WI,High School,Under 50k
75015854,202311,48,2,1,CA,Some College,Over 100k
75015860,202311,34,2,1,ID,Some College,50k to 100k
75015861,202311,44,2,1,CA,High School,Over 100k
75015864,202311,70,1,1,PA,High School,Under 50k
75015871,202311,75,2,2,KY,Some College,Under 50k
75015872,202311,34,1,1,NJ,College,50k to 100k
75015882,202311,36,2,1,NV,College,Under 50k
75015884,202311,46,2,2,MA,High School,50k to 100k
75015885,202311,40,1,1,NY,College,Over 100k
75015888,202311,72,1,2,AL,Some College,Under 50k
75015891,202311,35,2,1,ME,Some College,Over 100k
75015892,202311,42,1,1,MA,College,Over 100k
75015895,202311,54,1,2,NC,College,Over 100k
75015901,202311,64,1,1,MS,Some College,50k to 100k
75015907,202311,51,1,2,CA,Some College,Under 50k
75015910,202311,48,2,1,TX,College,Over 100k
75015914,202311,43,2,2,FL,College,50k to 100k
75015918,202311,39,2,1,CO,College,Over 100k
75015923,202311,39,2,1,KS,College,Under 50k
75015926,202311,24,2,2,IN,College,50k to 100k
75015927,202311,35,2,1,AR,College,Over 100k
75015928,202311,70,2,2,CA,Some College,Under 50k
75015930,202311,34,1,1,FL,College,Over 100k
75015932,202311,26,2,1,TX,College,Over 100k
75015933,202311,56,2,1,AR,College,Over 100k
75015939,202311,68,2,1,NJ,College,Over 100k
75015951,202312,50,1,1,VA,College,Under 50k
75015954,202312,73,2,2,AZ,Some College,Under 50k
75015955,202312,41,2,1,MA,High School,Over 100k
75015959,202312,32,2,2,PA,College,Over 100k
75015963,202312,27,1,1,MI,College,50k to 100k
75015964,202312,40,1,1,MS,College,50k to 100k
75015966,202312,50,2,1,OK,Some College,Under 50k
75015972,202312,39,1,1,WI,College,50k to 100k
75015973,202312,70,2,1,PA,College,Over 100k
75015977,202312,59,1,1,WI,Some College,50k to 100k
75015978,202312,49,1,1,WI,Some College,50k to 100k
75015986,202312,33,1,1,AR,Some College,50k to 100k
75015998,202312,39,2,1,WA,College,50k to 100k
75016001,202312,23,1,2,CA,Some College,Under 50k
75016002,202312,43,1,1,IA,Some College,Over 100k
75016005,202312,44,1,1,PA,College,50k to 100k
75016008,202312,57,2,1,NJ,Some College,50k to 100k
75016019,202312,76,2,1,NC,College,Over 100k
75016020,202312,30,2,1,NC,College,Under 50k
75016021,202312,45,1,1,NC,College,50k to 100k
75016022,202312,74,2,2,IN,College,50k to 100k
75016024,202312,39,2,1,FL,College,Over 100k
75016036,202312,91,1,2,MI,High School,50k to 100k
75016038,202312,75,1,1,LA,Some College,50k to 100k
75016043,202312,68,1,2,PA,High School,Under 50k
75016046,202312,42,2,1,NM,College,Over 100k
75016053,202312,57,1,2,CA,Some College,Over 100k
75016055,202312,40,1,2,MN,College,50k to 100k
75016059,202312,30,2,2,NY,College,50k to 100k
75016060,202312,46,2,1,MD,High School,Over 100k
75016067,202312,64,2,1,NC,Some College,50k to 100k
75016070,202312,75,2,1,FL,Some College,50k to 100k
75016074,202312,24,2,1,WI,College,50k to 100k
75016080,202312,61,1,2,NE,Some College,Under 50k
75016082,202312,40,1,1,WA,College,Over 100k
75016083,202312,72,1,2,WA,College,Under 50k
75016085,202312,40,1,1,IN,College,Over 100k
75016094,202312,57,1,2,NY,College,Over 100k
75016101,202312,48,1,1,CA,College,Over 100k
75016105,202312,52,2,1,CT,Some College,50k to 100k
75016106,202312,41,2,1,WA,Some College,Over 100k
75016112,202312,61,2,1,NY,Some College,Over 100k
75016114,202312,59,1,2,GA,College,50k to 100k
75016117,202312,29,2,2,IN,High School,50k to 100k
75016121,202312,58,1,1,TX,Some College,Under 50k
75016126,202312,36,2,1,TX,College,50k to 100k
75016127,202312,34,1,1,WI,Some College,Over 100k
75016128,202312,43,2,1,CA,College,Over 100k
75016129,202312,54,2,1,OR,College,Over 100k
75016134,202312,40,2,1,IL,College,Over 100k
75016137,202312,25,2,1,NH,College,50k to 100k
75016140,202312,40,1,1,MT,College,50k to 100k
75016148,202312,49,1,2,NC,College,Over 100k
75016149,202312,46,1,1,MS,College,Over 100k
75016150,202312,34,2,1,FL,College,Over 100k
75016155,202312,44,1,2,FL,College,Under 50k
75016158,202312,46,2,1,KS,College,Over 100k
75016170,202312,36,1,1,NJ,College,50k to 100k
75016176,202312,36,1,2,FL,College,Under 50k
75016178,202312,31,2,1,NC,College,Over 100k
75016184,202312,68,1,2,IA,High School,Under 50k
75016189,202312,23,1,2,WA,College,Over 100k
75016190,202312,55,1,1,RI,College,Over 100k
75016192,202312,42,2,1,MA,College,Over 100k
75016193,202312,44,2,2,MA,Some College,Over 100k
75016194,202312,35,2,1,ME,Some College,Over 100k
75016207,202312,36,2,1,NY,College,50k to 100k
75016209,202312,72,1,2,MD,Some College,Under 50k
75016213,202312,39,2,2,PA,High School,Under 50k
75016214,202312,74,2,1,IN,College,50k to 100k
75016216,202312,62,1,1,NY,College,Over 100k
75016219,202312,57,1,2,TX,Some College,50k to 100k
75016226,202312,60,2,2,KS,High School,Under 50k
75016230,202312,54,1,1,IL,College,Over 100k
75016232,202312,42,2,1,AZ,College,50k to 100k
75016238,202312,84,1,2,AZ,College,Under 50k
75016240,202312,28,2,2,PA,College,Under 50k
75016248,202312,44,1,1,FL,College,Over 100k
75016249,202312,64,1,1,NY,Some College,50k to 100k
75016250,202312,80,1,2,DE,College,Under 50k
75016252,202312,54,1,2,TN,Some College,Over 100k
75016254,202312,67,1,1,CA,Some College,Under 50k
75016255,202312,39,2,1,CA,College,Over 100k
75016262,202312,34,1,1,MA,College,Over 100k
75016263,202312,25,1,1,ID,College,Under 50k
75016264,202312,45,1,1,ID,College,Over 100k
75016266,202312,52,2,1,CA,College,Over 100k
75016268,202312,43,2,1,TX,Some College,Over 100k
75016272,202312,62,2,2,SC,Some College,Under 50k
75016279,202312,28,2,1,TN,College,Over 100k
75016282,202312,59,1,1,LA,College,50k to 100k
75016288,202312,43,1,2,LA,College,Under 50k
75016291,202312,43,1,1,KS,College,50k to 100k
75016292,202312,61,1,2,TX,College,Under 50k
75016294,202312,69,2,1,OH,High School,50k to 100k
75016296,202312,36,2,2,TX,College,50k to 100k
75016297,202312,58,2,1,OH,College,Over 100k
75016307,202312,46,2,1,NJ,College,Over 100k
75016309,202312,76,1,2,CO,College,Under 50k
75016313,202312,65,2,1,IN,Some College,Over 100k
75016314,202312,60,1,2,NE,High School,Under 50k
75016330,202312,56,1,1,CA,College,Over 100k
75016332,202312,68,2,1,CA,College,50k to 100k
75016336,202312,39,1,1,FL,College,Over 100k
75016340,202312,36,1,2,NH,College,50k to 100k
75016345,202312,61,2,1,WI,Some College,Under 50k
75016348,202312,59,1,1,TX,Some College,Over 100k
75016352,202312,30,1,2,DC,Some College,Under 50k
75016354,202312,65,1,2,CA,College,50k to 100k
75016355,202312,34,1,1,MN,College,Over 100k
75016357,202312,32,2,1,NC,Some College,Over 100k
75016363,202312,38,1,1,GA,College,Over 100k
75016364,202312,57,1,1,TX,High School,50k to 100k
75016365,202312,48,2,1,CA,Some College,Over 100k
75016368,202312,44,2,1,DE,College,Over 100k
75016371,202312,48,1,2,ID,College,50k to 100k
75016373,202312,53,1,2,PA,Some College,50k to 100k
75016376,202312,40,1,2,SC,College,Under 50k
75016377,202312,31,1,2,NE,College,Over 100k
75016379,202312,43,2,1,CT,College,Over 100k
75016381,202312,42,2,1,FL,College,Over 100k
75016386,202312,36,2,2,FL,Some College,50k to 100k
75016389,202312,50,1,2,NE,College,50k to 100k
75016391,202312,57,1,2,OH,College,50k to 100k
75016395,202312,55,1,1,KY,Some College,Under 50k
75016396,202312,38,1,1,FL,College,Over 100k
75016397,202312,54,1,1,PA,High School,Under 50k
75016398,202312,36,2,1,OH,College,Over 100k
75016399,202312,62,2,1,NV,High School,Under 50k
75016402,202312,35,2,1,NJ,College,Over 100k
75016405,202312,41,2,1,PA,College,Over 100k
75016410,202312,18,1,2,TX,Some College,50k to 100k
75016411,202312,43,2,1,NJ,Some College,Over 100k
75016414,202312,40,1,2,TX,Some College,Over 100k
75016415,202312,39,2,1,ID,College,Over 100k
75016416,202312,77,1,2,TX,College,Over 100k
75016417,202312,75,1,1,MN,College,50k to 100k
75016418,202312,50,1,2,CO,College,Over 100k
75016420,202312,58,2,1,TN,College,Over 100k
75016425,202312,37,1,1,PA,College,Over 100k
75016427,202312,72,2,1,HI,Some College,Over 100k
75016429,202312,28,2,2,MS,College,50k to 100k
75016469,202401,48,2,2,OK,Some College,Under 50k
75016476,202402,41,1,2,TX,Some College,50k to 100k
75016479,202401,29,2,2,ND,College,50k to 100k
75016481,202402,59,1,2,MN,Some College,50k to 100k
75016497,202402,70,1,2,NY,College,50k to 100k
75016498,202401,39,1,2,NY,College,Under 50k
75016504,202402,71,1,2,IL,Some College,Under 50k
75016528,202401,30,1,1,AK,College,Over 100k
75016551,202401,39,2,1,IL,College,Over 100k
75016564,202401,27,2,2,WA,College,Over 100k
75016565,202401,71,1,1,IL,College,Over 100k
75016576,202401,31,1,1,FL,Some College,Over 100k
75016598,202401,33,1,1,KY,College,Under 50k
75016604,202401,19,1,2,TX,Some College,Under 50k
75016605,202401,45,1,1,AR,High School,Under 50k
75016606,202401,66,1,2,CA,College,Over 100k
75016607,202401,32,2,2,NM,Some College,Under 50k
75016612,202401,43,1,2,MI,Some College,Under 50k
75016616,202401,48,1,1,AL,Some College,Over 100k
75016618,202401,54,2,1,MO,High School,50k to 100k
75016619,202403,30,2,2,NY,College,Over 100k
75016631,202401,28,2,2,MA,College,50k to 100k
75016633,202401,37,1,2,HI,College,50k to 100k
75016638,202401,35,2,2,FL,College,50k to 100k
75016639,202401,59,1,2,VA,College,Under 50k
75016640,202401,53,2,1,OR,College,Over 100k
75016647,202401,33,1,1,OR,College,Over 100k
75016654,202401,56,1,1,CA,Some College,Over 100k
75016662,202401,64,2,1,NJ,Some College,Over 100k
75016666,202402,62,1,2,WA,Some College,Under 50k
75016667,202401,29,2,1,FL,College,Over 100k
75016669,202401,68,2,1,NJ,College,50k to 100k
75016675,202401,47,1,2,AZ,High School,Under 50k
75016677,202401,35,2,2,NJ,College,50k to 100k
75016680,202402,35,1,1,OR,Some College,Over 100k
75016699,202402,56,2,1,MO,Some College,Over 100k
75016705,202401,29,1,1,ID,High School,Under 50k
75016708,202401,31,1,1,CA,College,Over 100k
75016713,202401,30,2,1,WI,College,Over 100k
75016715,202401,37,2,1,IL,Some College,50k to 100k
75016722,202402,47,2,2,MI,Some College,Under 50k
75016724,202401,56,1,2,NC,College,Under 50k
75016734,202403,36,2,1,IL,Some College,Over 100k
75016736,202401,58,2,1,ME,Some College,Over 100k
75016737,202401,69,1,1,MN,College,Over 100k
75016740,202401,52,1,2,AZ,College,Under 50k
75016742,202401,34,2,1,CA,High School,50k to 100k
75016745,202402,54,1,2,MI,College,Under 50k
75016753,202402,34,1,1,OH,College,Over 100k
75016754,202401,36,2,1,ID,Some College,Under 50k
75016756,202401,29,1,1,ID,College,50k to 100k
75016760,202401,42,2,2,VT,College,50k to 100k
75016762,202401,48,1,2,SC,College,Under 50k
75016764,202403,38,1,2,CO,College,Over 100k
75016771,202403,77,2,1,CA,College,50k to 100k
75016772,202402,29,1,1,CA,College,Over 100k
75016773,202401,39,1,1,IL,College,50k to 100k
75016778,202401,43,1,1,CA,College,Over 100k
75016780,202401,43,1,1,VA,College,Over 100k
75016784,202401,36,1,1,TX,College,50k to 100k
75016785,202403,43,2,1,MA,College,Over 100k
75016786,202401,58,1,2,TX,College,50k to 100k
75016789,202402,45,1,2,DC,College,Over 100k
75016793,202401,42,1,1,GA,Some College,50k to 100k
75016800,202402,74,2,1,TN,College,Over 100k
75016819,202401,27,1,2,MD,College,Under 50k
75016824,202402,55,1,2,SC,College,50k to 100k
75016828,202403,66,1,2,ID,High School,Under 50k
75016836,202402,60,2,1,PA,High School,Under 50k
75016852,202402,75,1,1,SC,High School,50k to 100k
75016854,202401,42,1,1,NM,Some College,Under 50k
75016857,202401,58,2,2,CA,College,Under 50k
75016863,202401,75,1,2,CA,Some College,Under 50k
75016864,202401,79,2,2,CA,Some College,Under 50k
75016872,202401,55,2,2,FL,Some College,Under 50k
75016874,202401,59,2,1,NY,High School,Under 50k
75016878,202401,56,2,1,OK,College,Over 100k
75016886,202402,69,2,2,OH,Some College,50k to 100k
75016908,202401,42,1,1,NE,College,Under 50k
75016916,202401,41,2,1,MN,College,Over 100k
75016949,202401,43,2,1,PA,College,50k to 100k
75016951,202402,53,2,1,IN,High School,Over 100k
75016953,202401,75,2,1,PA,College,Over 100k
75016960,202401,49,1,1,MS,Some College,Over 100k
75016965,202401,28,2,1,SC,Some College,50k to 100k
75016981,202401,53,2,1,MN,College,Over 100k
75016986,202401,60,2,1,OH,College,50k to 100k
75016993,202402,45,1,1,NY,College,Over 100k
75016994,202401,57,2,1,OH,Some College,Over 100k
75017005,202401,56,1,1,PA,College,50k to 100k
75017006,202402,83,2,1,CA,College,Over 100k
75017009,202402,59,2,1,MA,College,Over 100k
75017011,202401,55,2,1,KS,College,50k to 100k
75017014,202401,29,1,2,NY,College,Under 50k
75017028,202402,62,2,1,NC,College,Over 100k
75017029,202402,72,1,2,UT,College,Under 50k
75017030,202403,40,1,1,NY,College,50k to 100k
75017053,202401,62,2,1,NY,College,Over 100k
75017054,202403,76,2,1,NJ,Some College,Over 100k
75017055,202403,57,2,1,TX,Some College,50k to 100k
75017064,202401,61,1,1,NJ,Some College,50k to 100k
75017075,202403,43,1,2,TN,College,50k to 100k
75017081,202401,59,1,2,NC,College,Under 50k
75017092,202401,42,2,2,MI,Some College,Over 100k
75017106,202403,49,2,2,CO,High School,Under 50k
75017109,202401,30,2,1,UT,College,50k to 100k
75017114,202401,24,1,2,WA,High School,Under 50k
75017116,202401,52,1,2,NC,Some College,Under 50k
75017127,202402,36,2,1,LA,College,Over 100k
75017131,202401,30,1,1,AL,Some College,50k to 100k
75017140,202402,53,2,1,FL,Some College,Over 100k
75017144,202402,55,2,1,OH,Some College,Over 100k
75017150,202401,36,1,2,WA,College,50k to 100k
75017156,202401,32,1,1,PA,Some College,50k to 100k
75017159,202402,45,1,1,NJ,College,Over 100k
75017161,202401,49,2,1,NY,College,50k to 100k
75017162,202401,41,2,1,FL,College,Over 100k
75017163,202402,45,2,2,TN,College,50k to 100k
75017165,202401,43,2,1,VA,Some College,50k to 100k
75017166,202401,63,2,2,NY,College,Under 50k
75017169,202402,40,1,1,NJ,Some College,Under 50k
75017174,202401,58,2,1,TX,Some College,Under 50k
75017175,202401,42,2,1,TX,College,Over 100k
75017176,202401,39,1,2,AZ,Some College,Under 50k
75017184,202402,72,2,1,VA,College,Under 50k
75017185,202402,42,2,2,OH,Some College,Under 50k
75017192,202401,28,2,1,PA,High School,Over 100k
75017193,202401,29,1,1,FL,College,50k to 100k
75017216,202401,48,1,2,CA,College,50k to 100k
75017222,202401,59,2,2,GA,College,50k to 100k
75017227,202401,53,1,1,WA,College,Over 100k
75017229,202401,35,2,1,MN,College,Over 100k
75017235,202401,37,2,1,WA,College,Over 100k
75017241,202401,64,1,2,MI,Some College,Under 50k
75017249,202401,74,2,1,MI,College,50k to 100k
75017251,202401,63,2,2,TN,College,Under 50k
75017258,202402,64,2,2,UT,College,Under 50k
75017259,202402,66,2,1,CO,Some College,50k to 100k
75017267,202402,49,2,2,CO,College,Over 100k
75017293,202402,32,2,1,TX,Some College,Under 50k
75017297,202402,44,1,1,CA,College,Over 100k
75017298,202401,55,2,1,CA,College,50k to 100k
75017299,202401,36,1,1,IN,High School,Under 50k
75017303,202401,33,1,1,WA,College,Over 100k
75017315,202401,39,1,1,NV,Some College,Under 50k
75017316,202401,67,2,2,NC,College,Over 100k
75017318,202401,25,1,2,MI,College,50k to 100k
75017321,202403,44,1,1,CO,College,Over 100k
75017323,202401,41,1,2,TX,College,Under 50k
75017325,202401,66,1,1,NV,Some College,Over 100k
75017327,202401,51,2,1,PA,College,50k to 100k
75017329,202403,32,1,1,MI,College,Over 100k
75017330,202403,42,2,1,OH,College,50k to 100k
75017331,202401,44,2,1,KY,High School,Over 100k
75017333,202401,40,1,1,OR,High School,50k to 100k
75017366,202402,66,2,1,NC,Some College,Over 100k
75017371,202401,78,1,1,FL,College,Over 100k
75017375,202402,51,2,2,NE,College,50k to 100k
75017384,202401,38,2,1,NJ,College,Over 100k
75017386,202402,60,1,1,AR,Some College,Under 50k
75017388,202401,44,2,1,TX,Some College,Over 100k
75017398,202401,77,2,2,TX,High School,Under 50k
75017402,202402,27,2,2,OH,College,50k to 100k
75017408,202402,65,2,1,LA,Some College,Under 50k
75017409,202402,39,2,2,OH,College,Over 100k
75017428,202401,27,1,2,PA,Some College,Under 50k
75017429,202401,23,2,1,MI,Some College,50k to 100k
75017440,202401,59,1,2,NE,Some College,Under 50k
75017446,202401,44,2,1,TX,College,Over 100k
75017455,202401,37,2,2,IN,Some College,Under 50k
75017456,202401,26,2,2,CO,College,50k to 100k
75017457,202401,62,1,2,NE,College,50k to 100k
75017459,202401,64,2,1,PA,College,Under 50k
75017480,202401,41,1,2,FL,Some College,Under 50k
75017485,202401,65,1,2,NY,Some College,Under 50k
75017488,202403,59,1,2,MI,Some College,Under 50k
75017492,202401,31,1,1,WI,College,Over 100k
75017493,202401,60,1,1,TX,High School,50k to 100k
75017494,202401,46,2,1,PA,Some College,Over 100k
75017498,202401,24,2,1,NY,College,50k to 100k
75017501,202401,45,1,2,TN,High School,Under 50k
75017507,202402,55,2,1,PA,College,Over 100k
75017509,202401,76,2,1,PA,College,Over 100k
75017512,202401,59,1,2,NJ,Some College,Under 50k
75017513,202402,58,1,2,NY,College,50k to 100k
75017517,202401,58,2,2,IN,Some College,Under 50k
75017526,202401,78,2,1,WA,College,Under 50k
75017534,202401,40,2,2,WA,College,50k to 100k
75017537,202401,68,1,1,IN,Some College,Under 50k
75017546,202401,46,1,1,PA,College,Over 100k
75017547,202401,59,2,2,NY,High School,Under 50k
75017556,202401,23,2,1,MI,College,Under 50k
75017565,202401,26,1,1,CA,College,Over 100k
75017566,202401,37,2,1,IL,College,Over 100k
75017580,202401,65,2,2,GA,Some College,50k to 100k
75017581,202401,56,1,2,CA,Some College,Under 50k
75017584,202401,60,2,2,OH,Some College,Under 50k
75017586,202401,33,1,1,ID,College,Over 100k
75017611,202401,40,1,2,CA,College,Under 50k
75017613,202401,43,2,1,MN,College,Over 100k
75017625,202403,48,2,1,PA,College,Over 100k
75017636,202403,62,2,1,FL,High School,Over 100k
75017638,202402,43,1,2,CA,High School,Under 50k
75017647,202402,51,2,1,CT,High School,50k to 100k
75017654,202402,28,2,2,NY,College,50k to 100k
75017656,202403,59,2,1,NC,College,Over 100k
75017677,202402,58,2,2,MT,Some College,50k to 100k
75017683,202403,31,2,1,PA,College,Over 100k
75017698,202402,39,1,1,NY,College,Over 100k
75017712,202402,75,2,2,CA,Some College,Under 50k
75017713,202402,39,1,2,OR,Some College,50k to 100k
75017716,202403,44,2,1,NY,High School,Over 100k
75017717,202402,72,2,1,CA,High School,Under 50k
75017719,202402,63,1,2,LA,College,50k to 100k
75017720,202402,40,2,1,VA,High School,Under 50k
75017722,202403,27,1,2,WA,College,50k to 100k
75017724,202402,34,1,2,OH,Some College,50k to 100k
75017726,202403,71,2,2,TX,College,Under 50k
75017740,202402,37,1,2,NH,College,Under 50k
75017747,202402,36,1,1,WA,College,Over 100k
75017764,202402,48,1,2,NE,Some College,Under 50k
75017773,202402,30,1,2,TX,College,50k to 100k
75017777,202402,53,2,1,TN,High School,Over 100k
75017797,202402,29,1,1,CA,College,50k to 100k
75017816,202402,34,1,1,CA,College,50k to 100k
75017820,202402,39,1,1,CA,College,Over 100k
75017838,202402,67,1,2,NY,College,Under 50k
75017841,202402,80,2,1,IL,High School,50k to 100k
75017844,202402,57,2,1,CA,Some College,Over 100k
75017846,202403,82,1,2,AL,High School,Under 50k
75017848,202402,36,2,1,NM,College,Over 100k
75017857,202402,38,2,2,AZ,College,Under 50k
75017882,202402,70,1,2,NC,College,50k to 100k
75017889,202403,40,1,1,CA,College,50k to 100k
75017894,202403,76,1,2,PA,Some College,50k to 100k
75017900,202402,64,2,2,TX,Some College,Under 50k
75017904,202402,65,1,2,FL,College,50k to 100k
75017913,202402,83,1,2,OH,College,50k to 100k
75017918,202402,83,1,1,IL,College,50k to 100k
75017930,202402,60,1,1,FL,Some College,Over 100k
75017933,202402,73,1,2,FL,College,Under 50k
75017938,202402,38,2,1,PA,Some College,50k to 100k
75017939,202402,75,1,2,IL,Some College,Under 50k
75017940,202402,79,2,2,PA,Some College,50k to 100k
75017953,202402,74,1,2,FL,College,Under 50k
75017979,202402,46,2,1,MA,College,Over 100k
75017983,202403,44,2,1,OR,College,Over 100k
75017986,202402,40,1,1,AL,College,Over 100k
75017991,202402,43,1,2,AK,College,Over 100k
75017992,202402,42,2,1,SD,Some College,50k to 100k
75017997,202402,39,2,1,CA,College,Over 100k
75018002,202402,37,2,2,OK,College,50k to 100k
75018006,202403,73,2,1,TX,College,Over 100k
75018013,202402,26,1,2,PA,Some College,Under 50k
75018014,202402,38,1,1,CA,Some College,Under 50k
75018018,202403,32,2,2,TX,Some College,50k to 100k
75018020,202402,65,2,1,NY,High School,Under 50k
75018023,202402,27,1,2,IL,College,50k to 100k
75018025,202402,48,1,1,NC,College,50k to 100k
75018026,202402,30,1,1,AL,Some College,Under 50k
75018028,202402,37,1,2,MS,Some College,Under 50k
75018031,202402,38,2,1,WA,College,Over 100k
75018046,202403,41,1,1,MO,High School,50k to 100k
75018056,202402,35,1,1,NJ,College,Over 100k
75018057,202402,29,2,2,CA,College,Over 100k
75018058,202402,41,1,2,GA,College,Under 50k
75018059,202402,34,2,2,IN,College,Over 100k
75018060,202402,25,1,1,NC,College,50k to 100k
75018061,202402,39,2,1,CA,College,Over 100k
75018063,202403,37,2,1,NY,Some College,50k to 100k
75018068,202402,40,2,2,CA,College,Under 50k
75018073,202403,33,1,1,FL,College,50k to 100k
75018084,202402,62,2,1,FL,High School,50k to 100k
75018087,202402,52,2,1,FL,Some College,50k to 100k
75018095,202402,59,1,1,ME,Some College,50k to 100k
75018101,202402,54,1,2,PA,College,Over 100k
75018102,202402,29,1,2,IA,College,Under 50k
75018103,202402,50,2,2,RI,Some College,Over 100k
75018117,202402,41,1,2,OH,College,50k to 100k
75018118,202402,37,2,1,CO,College,50k to 100k
75018119,202403,31,2,2,VA,College,Over 100k
75018120,202402,58,1,1,KS,College,50k to 100k
75018125,202403,61,2,1,CA,Some College,Over 100k
75018129,202402,56,2,2,OK,Some College,50k to 100k
75018131,202402,73,1,1,MD,Some College,50k to 100k
75018134,202402,52,1,2,CA,College,Over 100k
75018141,202403,68,1,1,FL,College,Under 50k
75018145,202402,43,2,1,TX,College,Over 100k
75018149,202402,78,1,2,IL,Some College,Under 50k
75018154,202402,65,1,2,WI,High School,Under 50k
75018155,202403,73,2,1,AZ,College,50k to 100k
75018167,202402,19,2,2,IA,High School,Under 50k
75018171,202402,42,1,1,TN,College,Over 100k
75018176,202403,63,1,1,WI,High School,Under 50k
75018178,202403,76,2,1,SC,Some College,Under 50k
75018180,202402,58,2,2,MA,College,50k to 100k
75018182,202402,24,2,1,MD,College,Over 100k
75018183,202402,23,1,2,MD,High School,Under 50k
75018186,202402,30,1,1,IL,High School,Under 50k
75018189,202402,90,2,1,SC,College,50k to 100k
75018192,202403,45,2,1,TX,College,Over 100k
75018195,202402,27,1,2,MD,College,50k to 100k
75018198,202402,30,1,2,IL,College,50k to 100k
75018201,202403,55,2,2,VA,College,50k to 100k
75018204,202402,30,1,2,IN,College,50k to 100k
75018207,202403,56,1,1,NY,Some College,Under 50k
75018209,202403,38,2,2,FL,Some College,Under 50k
75018211,202402,46,2,1,KY,College,Over 100k
75018230,202402,60,1,2,NV,Some College,Under 50k
75018236,202403,39,1,1,MN,College,Over 100k
75018253,202403,55,2,1,MA,College,Over 100k
75018277,202402,70,2,2,NY,College,Under 50k
75018280,202402,53,1,1,TX,College,50k to 100k
75018284,202402,38,1,1,AZ,Some College,Under 50k
75018294,202402,43,1,1,FL,College,Over 100k
75018299,202402,39,2,2,CA,Some College,50k to 100k
75018306,202402,40,2,1,CT,College,Over 100k
75018311,202402,26,1,1,TN,High School,Under 50k
75018323,202402,44,2,2,OK,College,Under 50k
75018340,202402,29,1,1,WA,College,Over 100k
75018350,202402,48,1,1,CA,College,Over 100k
75018359,202403,52,2,1,NC,College,50k to 100k
75018364,202402,51,2,1,AL,College,50k to 100k
75018365,202403,34,2,1,CA,College,Over 100k
75018372,202403,34,2,2,IN,College,50k to 100k
75018373,202402,39,2,2,MN,Some College,50k to 100k
75018376,202402,68,2,1,TX,High School,50k to 100k
75018383,202402,39,1,1,KS,Some College,50k to 100k
75018393,202402,79,2,2,CA,Some College,Under 50k
75018403,202403,49,2,1,CA,College,Over 100k
75018404,202404,76,2,1,NY,High School,Under 50k
75018418,202403,27,1,2,FL,High School,Under 50k
75018426,202403,25,1,2,ID,College,Under 50k
75018433,202404,55,1,1,TX,Some College,Under 50k
75018438,202404,44,2,1,OR,Some College,50k to 100k
75018440,202403,82,2,1,CA,High School,Under 50k
75018441,202403,26,2,2,TX,College,Over 100k
75018449,202403,41,2,2,FL,College,50k to 100k
75018451,202403,34,1,1,WI,High School,Under 50k
75018452,202404,55,1,1,MN,College,Over 100k
75018461,202403,34,1,1,IN,Some College,Under 50k
75018465,202403,45,2,2,TX,Some College,Under 50k
75018471,202403,62,1,1,PA,High School,Under 50k
75018472,202403,44,2,1,OH,College,Over 100k
75018474,202403,81,1,2,OH,Some College,Under 50k
75018475,202404,62,1,2,MA,College,50k to 100k
75018480,202404,31,2,1,NY,College,Over 100k
75018482,202403,36,1,1,IN,College,Over 100k
75018493,202403,54,1,1,MI,Some College,Under 50k
75018498,202404,49,1,1,AR,College,50k to 100k
75018517,202403,38,1,1,AR,College,Over 100k
75018522,202403,39,2,1,MD,College,Over 100k
75018528,202403,66,2,1,TN,College,Over 100k
75018529,202404,39,1,2,MA,College,Over 100k
75018537,202403,38,1,2,WI,College,50k to 100k
75018540,202403,32,1,1,NJ,College,Over 100k
75018545,202403,50,1,1,FL,High School,Under 50k
75018547,202403,32,2,2,PA,College,Over 100k
75018550,202403,44,2,2,SC,College,50k to 100k
75018563,202403,33,1,2,VT,Some College,Under 50k
75018564,202403,57,1,2,AL,College,Under 50k
75018570,202403,46,2,1,OR,Some College,Over 100k
75018583,202404,36,1,2,GA,College,50k to 100k
75018590,202403,34,1,1,CA,College,Over 100k
75018591,202403,46,1,1,TX,High School,Under 50k
75018608,202403,55,1,1,MO,High School,50k to 100k
75018614,202403,39,2,2,MD,College,Under 50k
75018618,202404,25,1,2,IL,College,50k to 100k
75018621,202403,21,2,1,NY,Some College,Under 50k
75018632,202404,33,1,2,KY,College,Over 100k
75018641,202403,38,1,1,WA,College,50k to 100k
75018642,202403,39,1,1,NY,College,Over 100k
75018648,202403,27,1,1,KS,College,Over 100k
75018651,202403,28,2,2,VA,High School,Under 50k
75018654,202404,43,2,1,WA,College,50k to 100k
75018657,202403,43,1,1,CA,Some College,Over 100k
75018671,202403,44,2,1,WI,Some College,Under 50k
75018672,202403,30,1,2,OR,Some College,Under 50k
75018681,202403,32,2,2,GA,Some College,50k to 100k
75018684,202404,33,2,1,TX,College,Over 100k
75018699,202404,55,1,1,CA,Some College,50k to 100k
75018704,202403,37,2,1,CA,High School,50k to 100k
75018709,202403,34,2,1,MO,College,Over 100k
75018718,202403,61,2,2,CA,Some College,Over 100k
75018739,202403,42,1,1,OR,College,50k to 100k
75018751,202403,45,1,2,OH,College,Under 50k
75018765,202403,51,1,1,UT,College,Over 100k
75018769,202403,27,1,1,OK,High School,Under 50k
75018783,202403,26,1,1,MO,High School,Under 50k
75018795,202403,61,1,2,AR,Some College,Over 100k
75018796,202403,63,2,2,GA,Some College,Under 50k
75018800,202403,48,2,2,OH,College,50k to 100k
75018804,202404,70,2,1,FL,College,Under 50k
75018807,202403,50,1,2,TX,College,Under 50k
75018819,202403,35,2,1,NE,College,Over 100k
75018826,202403,51,2,1,VA,Some College,Under 50k
75018829,202403,56,1,2,SD,Some College,50k to 100k
75018837,202403,58,1,1,ME,High School,50k to 100k
75018841,202403,69,2,2,CA,Some College,Under 50k
75018843,202403,50,2,2,WA,Some College,Over 100k
75018849,202404,52,1,2,NJ,College,50k to 100k
75018861,202403,52,1,2,TN,College,50k to 100k
75018862,202403,64,1,2,NM,High School,Under 50k
75018863,202403,45,1,2,NJ,College,Over 100k
75018864,202403,77,2,1,GA,College,50k to 100k
75018865,202403,41,2,1,OH,High School,Over 100k
75018868,202404,72,1,1,KS,College,Under 50k
75018876,202404,29,2,2,VA,Some College,Under 50k
75018878,202404,46,2,1,TX,College,Over 100k
75018880,202404,43,1,1,NJ,College,Over 100k
75018881,202404,41,2,1,UT,Some College,50k to 100k
75018883,202404,50,1,2,MN,Some College,50k to 100k
75018884,202403,64,1,2,FL,Some College,Under 50k
75018889,202403,59,1,2,WI,College,50k to 100k
75018891,202404,39,1,1,KS,Some College,Over 100k
75018902,202403,65,2,1,AR,High School,50k to 100k
75018919,202403,43,1,2,NY,High School,Under 50k
75018926,202403,69,2,1,TX,College,Under 50k
75018927,202403,31,1,2,OK,Some College,Under 50k
75018933,202403,51,2,1,TX,High School,Under 50k
75018934,202403,43,1,2,CA,College,Over 100k
75018944,202403,40,2,2,MD,Some College,Under 50k
75018948,202404,66,1,1,CO,College,50k to 100k
75018951,202403,38,1,2,OK,College,Under 50k
75018952,202403,71,2,1,CA,Some College,50k to 100k
75018956,202403,64,2,1,NC,Some College,50k to 100k
75018975,202404,42,2,1,FL,College,Over 100k
75018988,202404,57,2,1,SC,College,50k to 100k
75018993,202404,73,1,1,WA,College,Over 100k
75018999,202403,31,2,1,PA,College,Over 100k
75019012,202403,70,1,1,TX,College,50k to 100k
75019016,202403,81,1,1,CO,College,50k to 100k
75019027,202403,37,2,1,OH,College,Over 100k
75019061,202403,78,2,1,MI,Some College,Under 50k
75019063,202403,30,1,2,TX,Some College,Under 50k
75019074,202404,31,2,1,FL,College,Under 50k
75019075,202404,29,1,2,VA,College,Over 100k
75019076,202405,26,1,2,FL,Some College,50k to 100k
75019079,202404,27,1,1,MD,College,Over 100k
75019085,202405,52,2,2,OH,High School,Under 50k
75019087,202404,85,2,2,NC,College,50k to 100k
75019091,202404,43,2,1,KY,High School,50k to 100k
75019093,202405,71,1,1,IN,Some College,50k to 100k
75019095,202405,43,2,1,PA,College,50k to 100k
75019098,202405,76,1,2,NY,Some College,Under 50k
75019103,202405,45,2,1,IL,College,Over 100k
75019112,202404,49,1,1,PA,Some College,Over 100k
75019115,202405,61,2,2,MO,Some College,50k to 100k
75019119,202404,34,2,1,CT,College,Over 100k
75019147,202404,67,2,1,NE,High School,50k to 100k
75019155,202404,29,1,2,TN,College,Over 100k
75019166,202404,46,1,1,CO,College,Over 100k
75019167,202404,28,2,1,KS,Some College,50k to 100k
75019169,202404,42,2,1,CA,College,Over 100k
75019170,202404,40,2,2,PA,College,Over 100k
75019177,202405,37,2,1,OH,High School,50k to 100k
75019181,202404,38,1,1,OH,College,Over 100k
75019185,202404,41,2,1,TX,College,Over 100k
75019190,202404,36,2,1,TX,College,50k to 100k
75019192,202404,45,2,2,CO,Some College,50k to 100k
75019215,202404,58,1,2,IN,College,50k to 100k
75019216,202404,29,1,1,MI,Some College,Under 50k
75019220,202404,53,2,2,FL,High School,Under 50k
75019225,202404,85,2,1,TX,High School,Under 50k
75019226,202404,57,2,2,IN,High School,Under 50k
75019228,202404,37,2,2,FL,High School,Under 50k
75019230,202404,65,1,2,WA,Some College,Under 50k
75019233,202405,55,2,1,WI,Some College,50k to 100k
75019247,202404,53,1,1,AZ,College,50k to 100k
75019254,202404,67,2,1,OR,College,Over 100k
75019255,202404,29,1,2,PA,High School,Under 50k
75019267,202405,20,2,2,IA,High School,50k to 100k
75019268,202405,31,2,1,WI,High School,Over 100k
75019271,202404,37,2,1,DC,College,Over 100k
75019273,202404,57,2,1,MI,Some College,Under 50k
75019274,202404,69,1,2,MD,Some College,50k to 100k
75019276,202404,41,2,1,CA,College,Over 100k
75019282,202404,42,1,1,KY,Some College,50k to 100k
75019284,202404,38,1,2,OK,College,50k to 100k
75019287,202405,23,1,2,MI,College,Under 50k
75019289,202405,74,1,1,IL,Some College,50k to 100k
75019291,202404,28,2,1,MA,College,Over 100k
75019304,202405,62,1,2,VA,High School,Under 50k
75019307,202404,55,1,2,DE,College,Under 50k
75019309,202404,41,2,1,WA,Some College,Over 100k
75019310,202404,62,1,2,NY,College,Under 50k
75019314,202404,25,1,1,OK,College,50k to 100k
75019317,202404,37,2,2,FL,Some College,Under 50k
75019318,202405,58,2,1,CA,College,50k to 100k
75019329,202404,34,2,2,CA,College,Over 100k
75019332,202404,43,1,2,WA,Some College,50k to 100k
75019334,202405,39,1,1,WA,College,Over 100k
75019337,202405,43,2,1,SC,College,Over 100k
75019340,202404,59,2,1,NY,College,Under 50k
75019341,202405,56,1,2,MO,Some College,50k to 100k
75019342,202404,44,1,1,MO,College,Over 100k
75019345,202404,33,2,1,VA,College,Over 100k
75019347,202404,34,2,1,OK,College,50k to 100k
75019350,202404,38,2,1,NY,College,Over 100k
75019353,202404,60,2,2,TX,Some College,Under 50k
75019354,202404,31,2,2,CA,College,Over 100k
75019356,202404,75,1,2,CA,College,50k to 100k
75019357,202404,63,1,2,PA,Some College,Under 50k
75019358,202404,64,1,2,NY,College,50k to 100k
75019365,202404,35,1,2,MS,Some College,Under 50k
75019369,202404,41,2,2,CO,College,50k to 100k
75019373,202404,57,2,1,TX,College,Over 100k
75019377,202404,36,2,1,IN,College,Over 100k
75019380,202404,34,1,1,TX,College,50k to 100k
75019381,202404,36,1,1,CA,Some College,Under 50k
75019383,202404,37,1,1,FL,College,50k to 100k
75019384,202404,35,2,2,MO,College,Over 100k
75019390,202404,38,1,1,OR,Some College,Over 100k
75019394,202404,60,2,1,MD,College,50k to 100k
75019409,202404,36,1,1,AL,College,50k to 100k
75019419,202404,65,1,1,PA,College,50k to 100k
75019428,202405,66,2,1,FL,Some College,50k to 100k
75019433,202404,82,2,1,ME,Some College,Under 50k
75019456,202404,65,1,1,NV,Some College,Under 50k
75019460,202404,61,2,1,MI,Some College,Over 100k
75019462,202404,42,2,1,CA,College,50k to 100k
75019472,202404,60,2,1,MO,College,Over 100k
75019474,202405,54,2,1,WA,College,Over 100k
75019475,202404,68,2,1,OR,College,Under 50k
75019477,202404,63,2,1,IN,Some College,50k to 100k
75019478,202405,34,2,1,MN,College,Over 100k
75019482,202404,71,2,1,NY,College,50k to 100k
75019483,202404,47,1,1,MT,College,Over 100k
75019496,202405,70,2,1,MI,College,50k to 100k
75019501,202404,30,2,1,WV,Some College,50k to 100k
75019504,202404,58,1,2,IN,College,50k to 100k
75019508,202404,59,1,1,NC,Some College,Over 100k
75019525,202404,80,1,2,PA,High School,Under 50k
75019528,202404,52,1,1,SC,Some College,Under 50k
75019534,202404,38,2,1,KY,Some College,50k to 100k
75019543,202404,41,2,1,NY,College,Over 100k
75019546,202404,31,1,1,IN,College,Over 100k
75019547,202404,69,2,1,NV,College,50k to 100k
75019553,202404,75,2,1,CA,College,50k to 100k
75019556,202404,69,1,2,TX,High School,Under 50k
75019562,202404,73,2,2,AR,Some College,Under 50k
75019566,202404,28,1,1,PA,College,Over 100k
75019595,202404,41,2,1,AL,College,Over 100k
75019597,202405,32,2,1,LA,Some College,50k to 100k
75019599,202404,37,1,1,NY,College,Over 100k
75019600,202404,76,2,2,NE,High School,Under 50k
75019602,202405,40,1,1,TX,College,Over 100k
75019609,202404,60,1,2,PA,High School,Over 100k
75019611,202404,76,2,1,MD,College,Over 100k
75019612,202405,49,1,2,CA,College,50k to 100k
75019616,202404,46,2,1,OH,Some College,Over 100k
75019618,202404,46,1,1,IL,College,Over 100k
75019624,202405,52,2,2,NH,College,50k to 100k
75019630,202404,42,2,2,IL,Some College,50k to 100k
75019632,202405,56,1,2,MO,College,50k to 100k
75019633,202404,44,2,1,MI,Some College,Over 100k
75019636,202404,48,1,1,SD,Some College,Over 100k
75019637,202404,26,1,1,AR,High School,Under 50k
75019640,202404,56,1,2,TN,Some College,Over 100k
75019647,202405,61,2,1,NY,Some College,50k to 100k
75019653,202404,32,2,1,NC,College,Over 100k
75019660,202404,38,2,1,FL,College,Over 100k
75019668,202405,41,2,1,TN,College,50k to 100k
75019699,202405,75,1,2,NC,Some College,Under 50k
75019713,202405,67,2,2,NY,College,50k to 100k
75019714,202405,34,1,1,NY,Some College,Over 100k
75019735,202405,51,1,1,NY,College,50k to 100k
75019736,202405,31,1,1,NY,College,Over 100k
75019741,202405,53,1,1,CA,Some College,Over 100k
75019746,202405,41,1,1,MI,Some College,50k to 100k
75019747,202405,41,1,1,IA,College,Over 100k
75019750,202405,65,1,1,PA,High School,Under 50k
75019757,202405,46,1,1,AZ,Some College,Over 100k
75019764,202405,32,1,1,CA,High School,Under 50k
75019777,202405,63,2,1,MN,College,Over 100k
75019782,202405,39,1,1,OR,College,Over 100k
75019797,202405,77,1,1,FL,College,50k to 100k
75019804,202405,26,2,2,OR,High School,Under 50k
75019807,202405,27,2,2,TX,College,Over 100k
75019842,202405,57,2,1,AR,College,Over 100k
75019849,202405,37,1,1,VT,High School,50k to 100k
75019850,202405,34,1,1,IN,High School,50k to 100k
75019853,202405,36,2,1,NM,College,Over 100k
75019858,202405,24,2,2,AL,Some College,Under 50k
75019865,202405,80,2,1,ME,Some College,50k to 100k
75019866,202405,62,1,2,TX,Some College,Under 50k
75019879,202405,43,2,1,PA,College,50k to 100k
75019883,202405,74,2,2,IN,Some College,50k to 100k
75019909,202405,32,2,2,NY,Some College,50k to 100k
75019911,202405,25,1,2,CA,College,50k to 100k
75019917,202405,50,1,1,PA,College,Over 100k
75019920,202405,28,2,1,TX,College,Over 100k
75019922,202405,30,1,2,PA,High School,Under 50k
75019927,202405,38,2,1,IN,High School,50k to 100k
75019933,202405,42,2,2,WA,High School,Under 50k
75019938,202405,57,1,2,AZ,Some College,Under 50k
75019952,202405,77,1,2,MI,Some College,Under 50k
75019955,202405,35,2,1,TX,College,Under 50k
75019967,202405,39,2,1,OR,College,Over 100k
75019984,202405,23,1,2,IL,College,Under 50k
75019991,202405,23,1,2,WI,Some College,50k to 100k
75020010,202405,55,2,2,CA,College,Over 100k
75020015,202405,70,2,2,NY,High School,Under 50k
75020019,202405,87,2,1,CA,College,Over 100k
75020022,202405,30,1,2,MI,College,Under 50k
75020035,202405,50,2,2,AZ,College,50k to 100k
75020036,202405,63,1,2,OK,High School,Under 50k
75020038,202405,37,1,1,FL,College,Over 100k
75020042,202405,55,1,2,WI,College,50k to 100k
75020046,202405,36,1,1,ME,College,50k to 100k
75020048,202405,50,2,1,WA,College,Over 100k
75020064,202405,30,1,1,MO,Some College,50k to 100k
75020065,202405,44,1,1,TN,College,Under 50k
75020069,202405,59,1,1,CO,Some College,50k to 100k
75020085,202405,44,2,1,PA,College,Over 100k
75020094,202405,36,1,1,TX,Some College,Under 50k
75020096,202405,40,1,2,OH,Some College,Under 50k
75020097,202405,67,2,2,FL,Some College,50k to 100k
75020098,202405,71,2,1,PA,College,Under 50k
75020118,202405,69,2,2,MD,High School,Under 50k
75020123,202405,52,2,2,NM,Some College,Under 50k
75020124,202405,30,2,2,WA,College,Over 100k
75020128,202405,62,2,1,FL,Some College,50k to 100k
75020129,202405,37,1,1,MD,College,Over 100k
75020151,202405,46,1,2,MO,Some College,Under 50k
75020153,202405,61,1,1,AZ,Some College,50k to 100k
75020178,202405,27,1,2,UT,Some College,Under 50k
75020187,202405,75,1,2,MI,College,50k to 100k
75020189,202405,27,2,2,IN,Some College,50k to 100k
75020193,202405,41,2,1,FL,High School,Over 100k
75020194,202405,0,1,2,CA,High School,Under 50k
75020195,202405,41,2,2,MO,College,50k to 100k
75020196,202405,57,2,2,IN,College,50k to 100k
75020202,202405,50,2,1,AL,Some College,50k to 100k
75020245,202405,47,1,1,AZ,College,Over 100k
75020252,202405,48,1,1,SC,Some College,Under 50k
75020255,202405,73,1,2,NY,College,Under 50k
75020256,202405,27,1,2,NY,College,50k to 100k
75020268,202405,70,2,2,WI,High School,50k to 100k
75020271,202405,53,2,1,NC,College,50k to 100k
75020274,202405,67,2,1,FL,College,Over 100k
75020287,202405,54,1,1,MI,College,Over 100k
75020297,202405,50,1,1,IL,High School,50k to 100k
75020305,202405,31,2,1,TN,Some College,50k to 100k
75020316,202405,52,2,1,ID,College,Over 100k
75020320,202405,44,1,2,MO,Some College,Under 50k
75020321,202405,27,1,2,GA,College,Under 50k
75020326,202405,38,2,2,GA,Some College,Under 50k
75020328,202405,59,2,1,NC,Some College,Under 50k
75020334,202405,40,1,1,AL,College,Over 100k
75020337,202405,52,2,2,CT,Some College,50k to 100k
75020346,202405,44,2,2,TX,College,50k to 100k
75020362,202405,21,1,2,CA,High School,Under 50k
75020364,202405,38,2,2,NJ,College,Under 50k
75020365,202405,46,1,2,UT,Some College,Under 50k
75020366,202405,46,2,2,CA,College,Under 50k
75020368,202405,33,1,2,DC,College,Over 100k
75020373,202405,40,2,1,IL,College,Over 100k
75020376,202405,27,2,1,MA,College,Over 100k
75020380,202405,37,1,2,NM,College,Over 100k
75020383,202405,42,1,2,CA,Some College,50k to 100k
75020390,202405,29,2,2,PA,College,Over 100k
75020394,202405,58,2,1,TX,College,Over 100k
75020397,202405,37,2,1,SC,College,50k to 100k
75020402,202405,49,2,1,TX,College,Over 100k
75020411,202405,72,1,1,NJ,College,50k to 100k
75020415,202405,52,1,1,AL,Some College,Over 100k
75020417,202405,52,1,1,FL,Some College,Over 100k
75020418,202405,65,1,1,AR,College,50k to 100k
